text,label,clean_text
Apple reported that fiscal revenue increased by 8% year-over-year following strong customer demand and operational efficiency.,2,apple reported that fiscal revenue increased by 8 percent year-over-year following strong customer demand and operational efficiency.
Apple reported that fiscal revenue increased by 12% year-over-year following strong customer demand and operational efficiency.,2,apple reported that fiscal revenue increased by 12 percent year-over-year following strong customer demand and operational efficiency.
Apple reported that fiscal revenue increased by 15% year-over-year following strong customer demand and operational efficiency.,2,apple reported that fiscal revenue increased by 15 percent year-over-year following strong customer demand and operational efficiency.
Apple reported that fiscal revenue grew by 8% year-over-year following strong customer demand and operational efficiency.,2,apple reported that fiscal revenue grew by 8 percent year-over-year following strong customer demand and operational efficiency.
Apple reported that fiscal revenue grew by 12% year-over-year following strong customer demand and operational efficiency.,2,apple reported that fiscal revenue grew by 12 percent year-over-year following strong customer demand and operational efficiency.
Apple reported that fiscal revenue grew by 15% year-over-year following strong customer demand and operational efficiency.,2,apple reported that fiscal revenue grew by 15 percent year-over-year following strong customer demand and operational efficiency.
Apple reported that fiscal revenue surged by 8% year-over-year following strong customer demand and operational efficiency.,2,apple reported that fiscal revenue surged by 8 percent year-over-year following strong customer demand and operational efficiency.
Apple reported that fiscal revenue surged by 12% year-over-year following strong customer demand and operational efficiency.,2,apple reported that fiscal revenue surged by 12 percent year-over-year following strong customer demand and operational efficiency.
Apple reported that fiscal revenue surged by 15% year-over-year following strong customer demand and operational efficiency.,2,apple reported that fiscal revenue surged by 15 percent year-over-year following strong customer demand and operational efficiency.
Apple reported that fiscal operating income increased by 8% year-over-year following strong customer demand and operational efficiency.,2,apple reported that fiscal operating income increased by 8 percent year-over-year following strong customer demand and operational efficiency.
Apple reported that fiscal operating income increased by 12% year-over-year following strong customer demand and operational efficiency.,2,apple reported that fiscal operating income increased by 12 percent year-over-year following strong customer demand and operational efficiency.
Apple reported that fiscal operating income increased by 15% year-over-year following strong customer demand and operational efficiency.,2,apple reported that fiscal operating income increased by 15 percent year-over-year following strong customer demand and operational efficiency.
Apple reported that fiscal operating income grew by 8% year-over-year following strong customer demand and operational efficiency.,2,apple reported that fiscal operating income grew by 8 percent year-over-year following strong customer demand and operational efficiency.
Apple reported that fiscal operating income grew by 12% year-over-year following strong customer demand and operational efficiency.,2,apple reported that fiscal operating income grew by 12 percent year-over-year following strong customer demand and operational efficiency.
Apple reported that fiscal operating income grew by 15% year-over-year following strong customer demand and operational efficiency.,2,apple reported that fiscal operating income grew by 15 percent year-over-year following strong customer demand and operational efficiency.
Apple reported that fiscal operating income surged by 8% year-over-year following strong customer demand and operational efficiency.,2,apple reported that fiscal operating income surged by 8 percent year-over-year following strong customer demand and operational efficiency.
Apple reported that fiscal operating income surged by 12% year-over-year following strong customer demand and operational efficiency.,2,apple reported that fiscal operating income surged by 12 percent year-over-year following strong customer demand and operational efficiency.
Apple reported that fiscal operating income surged by 15% year-over-year following strong customer demand and operational efficiency.,2,apple reported that fiscal operating income surged by 15 percent year-over-year following strong customer demand and operational efficiency.
Apple reported that fiscal net profit increased by 8% year-over-year following strong customer demand and operational efficiency.,2,apple reported that fiscal net profit increased by 8 percent year-over-year following strong customer demand and operational efficiency.
Apple reported that fiscal net profit increased by 12% year-over-year following strong customer demand and operational efficiency.,2,apple reported that fiscal net profit increased by 12 percent year-over-year following strong customer demand and operational efficiency.
Apple reported that fiscal net profit increased by 15% year-over-year following strong customer demand and operational efficiency.,2,apple reported that fiscal net profit increased by 15 percent year-over-year following strong customer demand and operational efficiency.
Apple reported that fiscal net profit grew by 8% year-over-year following strong customer demand and operational efficiency.,2,apple reported that fiscal net profit grew by 8 percent year-over-year following strong customer demand and operational efficiency.
Apple reported that fiscal net profit grew by 12% year-over-year following strong customer demand and operational efficiency.,2,apple reported that fiscal net profit grew by 12 percent year-over-year following strong customer demand and operational efficiency.
Apple reported that fiscal net profit grew by 15% year-over-year following strong customer demand and operational efficiency.,2,apple reported that fiscal net profit grew by 15 percent year-over-year following strong customer demand and operational efficiency.
Apple reported that fiscal net profit surged by 8% year-over-year following strong customer demand and operational efficiency.,2,apple reported that fiscal net profit surged by 8 percent year-over-year following strong customer demand and operational efficiency.
Apple reported that fiscal net profit surged by 12% year-over-year following strong customer demand and operational efficiency.,2,apple reported that fiscal net profit surged by 12 percent year-over-year following strong customer demand and operational efficiency.
Apple reported that fiscal net profit surged by 15% year-over-year following strong customer demand and operational efficiency.,2,apple reported that fiscal net profit surged by 15 percent year-over-year following strong customer demand and operational efficiency.
Apple reported that fiscal quarterly earnings increased by 8% year-over-year following strong customer demand and operational efficiency.,2,apple reported that fiscal quarterly earnings increased by 8 percent year-over-year following strong customer demand and operational efficiency.
Apple reported that fiscal quarterly earnings increased by 12% year-over-year following strong customer demand and operational efficiency.,2,apple reported that fiscal quarterly earnings increased by 12 percent year-over-year following strong customer demand and operational efficiency.
Apple reported that fiscal quarterly earnings increased by 15% year-over-year following strong customer demand and operational efficiency.,2,apple reported that fiscal quarterly earnings increased by 15 percent year-over-year following strong customer demand and operational efficiency.
Apple reported that fiscal quarterly earnings grew by 8% year-over-year following strong customer demand and operational efficiency.,2,apple reported that fiscal quarterly earnings grew by 8 percent year-over-year following strong customer demand and operational efficiency.
Apple reported that fiscal quarterly earnings grew by 12% year-over-year following strong customer demand and operational efficiency.,2,apple reported that fiscal quarterly earnings grew by 12 percent year-over-year following strong customer demand and operational efficiency.
Apple reported that fiscal quarterly earnings grew by 15% year-over-year following strong customer demand and operational efficiency.,2,apple reported that fiscal quarterly earnings grew by 15 percent year-over-year following strong customer demand and operational efficiency.
Apple reported that fiscal quarterly earnings surged by 8% year-over-year following strong customer demand and operational efficiency.,2,apple reported that fiscal quarterly earnings surged by 8 percent year-over-year following strong customer demand and operational efficiency.
Apple reported that fiscal quarterly earnings surged by 12% year-over-year following strong customer demand and operational efficiency.,2,apple reported that fiscal quarterly earnings surged by 12 percent year-over-year following strong customer demand and operational efficiency.
Apple reported that fiscal quarterly earnings surged by 15% year-over-year following strong customer demand and operational efficiency.,2,apple reported that fiscal quarterly earnings surged by 15 percent year-over-year following strong customer demand and operational efficiency.
Apple reported that fiscal EBITDA margin increased by 8% year-over-year following strong customer demand and operational efficiency.,2,apple reported that fiscal ebitda margin increased by 8 percent year-over-year following strong customer demand and operational efficiency.
Apple reported that fiscal EBITDA margin increased by 12% year-over-year following strong customer demand and operational efficiency.,2,apple reported that fiscal ebitda margin increased by 12 percent year-over-year following strong customer demand and operational efficiency.
Apple reported that fiscal EBITDA margin increased by 15% year-over-year following strong customer demand and operational efficiency.,2,apple reported that fiscal ebitda margin increased by 15 percent year-over-year following strong customer demand and operational efficiency.
Apple reported that fiscal EBITDA margin grew by 8% year-over-year following strong customer demand and operational efficiency.,2,apple reported that fiscal ebitda margin grew by 8 percent year-over-year following strong customer demand and operational efficiency.
Apple reported that fiscal EBITDA margin grew by 12% year-over-year following strong customer demand and operational efficiency.,2,apple reported that fiscal ebitda margin grew by 12 percent year-over-year following strong customer demand and operational efficiency.
Apple reported that fiscal EBITDA margin grew by 15% year-over-year following strong customer demand and operational efficiency.,2,apple reported that fiscal ebitda margin grew by 15 percent year-over-year following strong customer demand and operational efficiency.
Apple reported that fiscal EBITDA margin surged by 8% year-over-year following strong customer demand and operational efficiency.,2,apple reported that fiscal ebitda margin surged by 8 percent year-over-year following strong customer demand and operational efficiency.
Apple reported that fiscal EBITDA margin surged by 12% year-over-year following strong customer demand and operational efficiency.,2,apple reported that fiscal ebitda margin surged by 12 percent year-over-year following strong customer demand and operational efficiency.
Apple reported that fiscal EBITDA margin surged by 15% year-over-year following strong customer demand and operational efficiency.,2,apple reported that fiscal ebitda margin surged by 15 percent year-over-year following strong customer demand and operational efficiency.
Apple reported that fiscal free cash flow increased by 8% year-over-year following strong customer demand and operational efficiency.,2,apple reported that fiscal free cash flow increased by 8 percent year-over-year following strong customer demand and operational efficiency.
Apple reported that fiscal free cash flow increased by 12% year-over-year following strong customer demand and operational efficiency.,2,apple reported that fiscal free cash flow increased by 12 percent year-over-year following strong customer demand and operational efficiency.
Apple reported that fiscal free cash flow increased by 15% year-over-year following strong customer demand and operational efficiency.,2,apple reported that fiscal free cash flow increased by 15 percent year-over-year following strong customer demand and operational efficiency.
Apple reported that fiscal free cash flow grew by 8% year-over-year following strong customer demand and operational efficiency.,2,apple reported that fiscal free cash flow grew by 8 percent year-over-year following strong customer demand and operational efficiency.
Apple reported that fiscal free cash flow grew by 12% year-over-year following strong customer demand and operational efficiency.,2,apple reported that fiscal free cash flow grew by 12 percent year-over-year following strong customer demand and operational efficiency.
Apple reported that fiscal free cash flow grew by 15% year-over-year following strong customer demand and operational efficiency.,2,apple reported that fiscal free cash flow grew by 15 percent year-over-year following strong customer demand and operational efficiency.
Apple reported that fiscal free cash flow surged by 8% year-over-year following strong customer demand and operational efficiency.,2,apple reported that fiscal free cash flow surged by 8 percent year-over-year following strong customer demand and operational efficiency.
Apple reported that fiscal free cash flow surged by 12% year-over-year following strong customer demand and operational efficiency.,2,apple reported that fiscal free cash flow surged by 12 percent year-over-year following strong customer demand and operational efficiency.
Apple reported that fiscal free cash flow surged by 15% year-over-year following strong customer demand and operational efficiency.,2,apple reported that fiscal free cash flow surged by 15 percent year-over-year following strong customer demand and operational efficiency.
Apple reported that fiscal top-line growth increased by 8% year-over-year following strong customer demand and operational efficiency.,2,apple reported that fiscal top-line growth increased by 8 percent year-over-year following strong customer demand and operational efficiency.
Apple reported that fiscal top-line growth increased by 12% year-over-year following strong customer demand and operational efficiency.,2,apple reported that fiscal top-line growth increased by 12 percent year-over-year following strong customer demand and operational efficiency.
Apple reported that fiscal top-line growth increased by 15% year-over-year following strong customer demand and operational efficiency.,2,apple reported that fiscal top-line growth increased by 15 percent year-over-year following strong customer demand and operational efficiency.
Apple reported that fiscal top-line growth grew by 8% year-over-year following strong customer demand and operational efficiency.,2,apple reported that fiscal top-line growth grew by 8 percent year-over-year following strong customer demand and operational efficiency.
Apple reported that fiscal top-line growth grew by 12% year-over-year following strong customer demand and operational efficiency.,2,apple reported that fiscal top-line growth grew by 12 percent year-over-year following strong customer demand and operational efficiency.
Apple reported that fiscal top-line growth grew by 15% year-over-year following strong customer demand and operational efficiency.,2,apple reported that fiscal top-line growth grew by 15 percent year-over-year following strong customer demand and operational efficiency.
Apple reported that fiscal top-line growth surged by 8% year-over-year following strong customer demand and operational efficiency.,2,apple reported that fiscal top-line growth surged by 8 percent year-over-year following strong customer demand and operational efficiency.
Apple reported that fiscal top-line growth surged by 12% year-over-year following strong customer demand and operational efficiency.,2,apple reported that fiscal top-line growth surged by 12 percent year-over-year following strong customer demand and operational efficiency.
Apple reported that fiscal top-line growth surged by 15% year-over-year following strong customer demand and operational efficiency.,2,apple reported that fiscal top-line growth surged by 15 percent year-over-year following strong customer demand and operational efficiency.
Apple reported that fiscal subscription sales increased by 8% year-over-year following strong customer demand and operational efficiency.,2,apple reported that fiscal subscription sales increased by 8 percent year-over-year following strong customer demand and operational efficiency.
Apple reported that fiscal subscription sales increased by 12% year-over-year following strong customer demand and operational efficiency.,2,apple reported that fiscal subscription sales increased by 12 percent year-over-year following strong customer demand and operational efficiency.
Apple reported that fiscal subscription sales increased by 15% year-over-year following strong customer demand and operational efficiency.,2,apple reported that fiscal subscription sales increased by 15 percent year-over-year following strong customer demand and operational efficiency.
Apple reported that fiscal subscription sales grew by 8% year-over-year following strong customer demand and operational efficiency.,2,apple reported that fiscal subscription sales grew by 8 percent year-over-year following strong customer demand and operational efficiency.
Apple reported that fiscal subscription sales grew by 12% year-over-year following strong customer demand and operational efficiency.,2,apple reported that fiscal subscription sales grew by 12 percent year-over-year following strong customer demand and operational efficiency.
Apple reported that fiscal subscription sales grew by 15% year-over-year following strong customer demand and operational efficiency.,2,apple reported that fiscal subscription sales grew by 15 percent year-over-year following strong customer demand and operational efficiency.
Apple reported that fiscal subscription sales surged by 8% year-over-year following strong customer demand and operational efficiency.,2,apple reported that fiscal subscription sales surged by 8 percent year-over-year following strong customer demand and operational efficiency.
Apple reported that fiscal subscription sales surged by 12% year-over-year following strong customer demand and operational efficiency.,2,apple reported that fiscal subscription sales surged by 12 percent year-over-year following strong customer demand and operational efficiency.
Apple reported that fiscal subscription sales surged by 15% year-over-year following strong customer demand and operational efficiency.,2,apple reported that fiscal subscription sales surged by 15 percent year-over-year following strong customer demand and operational efficiency.
Tesla reported that fiscal revenue increased by 8% year-over-year following strong customer demand and operational efficiency.,2,tesla reported that fiscal revenue increased by 8 percent year-over-year following strong customer demand and operational efficiency.
Tesla reported that fiscal revenue increased by 12% year-over-year following strong customer demand and operational efficiency.,2,tesla reported that fiscal revenue increased by 12 percent year-over-year following strong customer demand and operational efficiency.
Tesla reported that fiscal revenue increased by 15% year-over-year following strong customer demand and operational efficiency.,2,tesla reported that fiscal revenue increased by 15 percent year-over-year following strong customer demand and operational efficiency.
Tesla reported that fiscal revenue grew by 8% year-over-year following strong customer demand and operational efficiency.,2,tesla reported that fiscal revenue grew by 8 percent year-over-year following strong customer demand and operational efficiency.
Tesla reported that fiscal revenue grew by 12% year-over-year following strong customer demand and operational efficiency.,2,tesla reported that fiscal revenue grew by 12 percent year-over-year following strong customer demand and operational efficiency.
Tesla reported that fiscal revenue grew by 15% year-over-year following strong customer demand and operational efficiency.,2,tesla reported that fiscal revenue grew by 15 percent year-over-year following strong customer demand and operational efficiency.
Tesla reported that fiscal revenue surged by 8% year-over-year following strong customer demand and operational efficiency.,2,tesla reported that fiscal revenue surged by 8 percent year-over-year following strong customer demand and operational efficiency.
Tesla reported that fiscal revenue surged by 12% year-over-year following strong customer demand and operational efficiency.,2,tesla reported that fiscal revenue surged by 12 percent year-over-year following strong customer demand and operational efficiency.
Tesla reported that fiscal revenue surged by 15% year-over-year following strong customer demand and operational efficiency.,2,tesla reported that fiscal revenue surged by 15 percent year-over-year following strong customer demand and operational efficiency.
Tesla reported that fiscal operating income increased by 8% year-over-year following strong customer demand and operational efficiency.,2,tesla reported that fiscal operating income increased by 8 percent year-over-year following strong customer demand and operational efficiency.
Tesla reported that fiscal operating income increased by 12% year-over-year following strong customer demand and operational efficiency.,2,tesla reported that fiscal operating income increased by 12 percent year-over-year following strong customer demand and operational efficiency.
Tesla reported that fiscal operating income increased by 15% year-over-year following strong customer demand and operational efficiency.,2,tesla reported that fiscal operating income increased by 15 percent year-over-year following strong customer demand and operational efficiency.
Tesla reported that fiscal operating income grew by 8% year-over-year following strong customer demand and operational efficiency.,2,tesla reported that fiscal operating income grew by 8 percent year-over-year following strong customer demand and operational efficiency.
Tesla reported that fiscal operating income grew by 12% year-over-year following strong customer demand and operational efficiency.,2,tesla reported that fiscal operating income grew by 12 percent year-over-year following strong customer demand and operational efficiency.
Tesla reported that fiscal operating income grew by 15% year-over-year following strong customer demand and operational efficiency.,2,tesla reported that fiscal operating income grew by 15 percent year-over-year following strong customer demand and operational efficiency.
Tesla reported that fiscal operating income surged by 8% year-over-year following strong customer demand and operational efficiency.,2,tesla reported that fiscal operating income surged by 8 percent year-over-year following strong customer demand and operational efficiency.
Tesla reported that fiscal operating income surged by 12% year-over-year following strong customer demand and operational efficiency.,2,tesla reported that fiscal operating income surged by 12 percent year-over-year following strong customer demand and operational efficiency.
Tesla reported that fiscal operating income surged by 15% year-over-year following strong customer demand and operational efficiency.,2,tesla reported that fiscal operating income surged by 15 percent year-over-year following strong customer demand and operational efficiency.
Tesla reported that fiscal net profit increased by 8% year-over-year following strong customer demand and operational efficiency.,2,tesla reported that fiscal net profit increased by 8 percent year-over-year following strong customer demand and operational efficiency.
Tesla reported that fiscal net profit increased by 12% year-over-year following strong customer demand and operational efficiency.,2,tesla reported that fiscal net profit increased by 12 percent year-over-year following strong customer demand and operational efficiency.
Tesla reported that fiscal net profit increased by 15% year-over-year following strong customer demand and operational efficiency.,2,tesla reported that fiscal net profit increased by 15 percent year-over-year following strong customer demand and operational efficiency.
Tesla reported that fiscal net profit grew by 8% year-over-year following strong customer demand and operational efficiency.,2,tesla reported that fiscal net profit grew by 8 percent year-over-year following strong customer demand and operational efficiency.
Tesla reported that fiscal net profit grew by 12% year-over-year following strong customer demand and operational efficiency.,2,tesla reported that fiscal net profit grew by 12 percent year-over-year following strong customer demand and operational efficiency.
Tesla reported that fiscal net profit grew by 15% year-over-year following strong customer demand and operational efficiency.,2,tesla reported that fiscal net profit grew by 15 percent year-over-year following strong customer demand and operational efficiency.
Tesla reported that fiscal net profit surged by 8% year-over-year following strong customer demand and operational efficiency.,2,tesla reported that fiscal net profit surged by 8 percent year-over-year following strong customer demand and operational efficiency.
Tesla reported that fiscal net profit surged by 12% year-over-year following strong customer demand and operational efficiency.,2,tesla reported that fiscal net profit surged by 12 percent year-over-year following strong customer demand and operational efficiency.
Tesla reported that fiscal net profit surged by 15% year-over-year following strong customer demand and operational efficiency.,2,tesla reported that fiscal net profit surged by 15 percent year-over-year following strong customer demand and operational efficiency.
Tesla reported that fiscal quarterly earnings increased by 8% year-over-year following strong customer demand and operational efficiency.,2,tesla reported that fiscal quarterly earnings increased by 8 percent year-over-year following strong customer demand and operational efficiency.
Tesla reported that fiscal quarterly earnings increased by 12% year-over-year following strong customer demand and operational efficiency.,2,tesla reported that fiscal quarterly earnings increased by 12 percent year-over-year following strong customer demand and operational efficiency.
Tesla reported that fiscal quarterly earnings increased by 15% year-over-year following strong customer demand and operational efficiency.,2,tesla reported that fiscal quarterly earnings increased by 15 percent year-over-year following strong customer demand and operational efficiency.
Tesla reported that fiscal quarterly earnings grew by 8% year-over-year following strong customer demand and operational efficiency.,2,tesla reported that fiscal quarterly earnings grew by 8 percent year-over-year following strong customer demand and operational efficiency.
Tesla reported that fiscal quarterly earnings grew by 12% year-over-year following strong customer demand and operational efficiency.,2,tesla reported that fiscal quarterly earnings grew by 12 percent year-over-year following strong customer demand and operational efficiency.
Tesla reported that fiscal quarterly earnings grew by 15% year-over-year following strong customer demand and operational efficiency.,2,tesla reported that fiscal quarterly earnings grew by 15 percent year-over-year following strong customer demand and operational efficiency.
Tesla reported that fiscal quarterly earnings surged by 8% year-over-year following strong customer demand and operational efficiency.,2,tesla reported that fiscal quarterly earnings surged by 8 percent year-over-year following strong customer demand and operational efficiency.
Tesla reported that fiscal quarterly earnings surged by 12% year-over-year following strong customer demand and operational efficiency.,2,tesla reported that fiscal quarterly earnings surged by 12 percent year-over-year following strong customer demand and operational efficiency.
Tesla reported that fiscal quarterly earnings surged by 15% year-over-year following strong customer demand and operational efficiency.,2,tesla reported that fiscal quarterly earnings surged by 15 percent year-over-year following strong customer demand and operational efficiency.
Tesla reported that fiscal EBITDA margin increased by 8% year-over-year following strong customer demand and operational efficiency.,2,tesla reported that fiscal ebitda margin increased by 8 percent year-over-year following strong customer demand and operational efficiency.
Tesla reported that fiscal EBITDA margin increased by 12% year-over-year following strong customer demand and operational efficiency.,2,tesla reported that fiscal ebitda margin increased by 12 percent year-over-year following strong customer demand and operational efficiency.
Tesla reported that fiscal EBITDA margin increased by 15% year-over-year following strong customer demand and operational efficiency.,2,tesla reported that fiscal ebitda margin increased by 15 percent year-over-year following strong customer demand and operational efficiency.
Tesla reported that fiscal EBITDA margin grew by 8% year-over-year following strong customer demand and operational efficiency.,2,tesla reported that fiscal ebitda margin grew by 8 percent year-over-year following strong customer demand and operational efficiency.
Tesla reported that fiscal EBITDA margin grew by 12% year-over-year following strong customer demand and operational efficiency.,2,tesla reported that fiscal ebitda margin grew by 12 percent year-over-year following strong customer demand and operational efficiency.
Tesla reported that fiscal EBITDA margin grew by 15% year-over-year following strong customer demand and operational efficiency.,2,tesla reported that fiscal ebitda margin grew by 15 percent year-over-year following strong customer demand and operational efficiency.
Tesla reported that fiscal EBITDA margin surged by 8% year-over-year following strong customer demand and operational efficiency.,2,tesla reported that fiscal ebitda margin surged by 8 percent year-over-year following strong customer demand and operational efficiency.
Tesla reported that fiscal EBITDA margin surged by 12% year-over-year following strong customer demand and operational efficiency.,2,tesla reported that fiscal ebitda margin surged by 12 percent year-over-year following strong customer demand and operational efficiency.
Tesla reported that fiscal EBITDA margin surged by 15% year-over-year following strong customer demand and operational efficiency.,2,tesla reported that fiscal ebitda margin surged by 15 percent year-over-year following strong customer demand and operational efficiency.
Tesla reported that fiscal free cash flow increased by 8% year-over-year following strong customer demand and operational efficiency.,2,tesla reported that fiscal free cash flow increased by 8 percent year-over-year following strong customer demand and operational efficiency.
Tesla reported that fiscal free cash flow increased by 12% year-over-year following strong customer demand and operational efficiency.,2,tesla reported that fiscal free cash flow increased by 12 percent year-over-year following strong customer demand and operational efficiency.
Tesla reported that fiscal free cash flow increased by 15% year-over-year following strong customer demand and operational efficiency.,2,tesla reported that fiscal free cash flow increased by 15 percent year-over-year following strong customer demand and operational efficiency.
Tesla reported that fiscal free cash flow grew by 8% year-over-year following strong customer demand and operational efficiency.,2,tesla reported that fiscal free cash flow grew by 8 percent year-over-year following strong customer demand and operational efficiency.
Tesla reported that fiscal free cash flow grew by 12% year-over-year following strong customer demand and operational efficiency.,2,tesla reported that fiscal free cash flow grew by 12 percent year-over-year following strong customer demand and operational efficiency.
Tesla reported that fiscal free cash flow grew by 15% year-over-year following strong customer demand and operational efficiency.,2,tesla reported that fiscal free cash flow grew by 15 percent year-over-year following strong customer demand and operational efficiency.
Tesla reported that fiscal free cash flow surged by 8% year-over-year following strong customer demand and operational efficiency.,2,tesla reported that fiscal free cash flow surged by 8 percent year-over-year following strong customer demand and operational efficiency.
Tesla reported that fiscal free cash flow surged by 12% year-over-year following strong customer demand and operational efficiency.,2,tesla reported that fiscal free cash flow surged by 12 percent year-over-year following strong customer demand and operational efficiency.
Tesla reported that fiscal free cash flow surged by 15% year-over-year following strong customer demand and operational efficiency.,2,tesla reported that fiscal free cash flow surged by 15 percent year-over-year following strong customer demand and operational efficiency.
Tesla reported that fiscal top-line growth increased by 8% year-over-year following strong customer demand and operational efficiency.,2,tesla reported that fiscal top-line growth increased by 8 percent year-over-year following strong customer demand and operational efficiency.
Tesla reported that fiscal top-line growth increased by 12% year-over-year following strong customer demand and operational efficiency.,2,tesla reported that fiscal top-line growth increased by 12 percent year-over-year following strong customer demand and operational efficiency.
Tesla reported that fiscal top-line growth increased by 15% year-over-year following strong customer demand and operational efficiency.,2,tesla reported that fiscal top-line growth increased by 15 percent year-over-year following strong customer demand and operational efficiency.
Tesla reported that fiscal top-line growth grew by 8% year-over-year following strong customer demand and operational efficiency.,2,tesla reported that fiscal top-line growth grew by 8 percent year-over-year following strong customer demand and operational efficiency.
Tesla reported that fiscal top-line growth grew by 12% year-over-year following strong customer demand and operational efficiency.,2,tesla reported that fiscal top-line growth grew by 12 percent year-over-year following strong customer demand and operational efficiency.
Tesla reported that fiscal top-line growth grew by 15% year-over-year following strong customer demand and operational efficiency.,2,tesla reported that fiscal top-line growth grew by 15 percent year-over-year following strong customer demand and operational efficiency.
Tesla reported that fiscal top-line growth surged by 8% year-over-year following strong customer demand and operational efficiency.,2,tesla reported that fiscal top-line growth surged by 8 percent year-over-year following strong customer demand and operational efficiency.
Tesla reported that fiscal top-line growth surged by 12% year-over-year following strong customer demand and operational efficiency.,2,tesla reported that fiscal top-line growth surged by 12 percent year-over-year following strong customer demand and operational efficiency.
Tesla reported that fiscal top-line growth surged by 15% year-over-year following strong customer demand and operational efficiency.,2,tesla reported that fiscal top-line growth surged by 15 percent year-over-year following strong customer demand and operational efficiency.
Tesla reported that fiscal subscription sales increased by 8% year-over-year following strong customer demand and operational efficiency.,2,tesla reported that fiscal subscription sales increased by 8 percent year-over-year following strong customer demand and operational efficiency.
Tesla reported that fiscal subscription sales increased by 12% year-over-year following strong customer demand and operational efficiency.,2,tesla reported that fiscal subscription sales increased by 12 percent year-over-year following strong customer demand and operational efficiency.
Tesla reported that fiscal subscription sales increased by 15% year-over-year following strong customer demand and operational efficiency.,2,tesla reported that fiscal subscription sales increased by 15 percent year-over-year following strong customer demand and operational efficiency.
Tesla reported that fiscal subscription sales grew by 8% year-over-year following strong customer demand and operational efficiency.,2,tesla reported that fiscal subscription sales grew by 8 percent year-over-year following strong customer demand and operational efficiency.
Tesla reported that fiscal subscription sales grew by 12% year-over-year following strong customer demand and operational efficiency.,2,tesla reported that fiscal subscription sales grew by 12 percent year-over-year following strong customer demand and operational efficiency.
Tesla reported that fiscal subscription sales grew by 15% year-over-year following strong customer demand and operational efficiency.,2,tesla reported that fiscal subscription sales grew by 15 percent year-over-year following strong customer demand and operational efficiency.
Tesla reported that fiscal subscription sales surged by 8% year-over-year following strong customer demand and operational efficiency.,2,tesla reported that fiscal subscription sales surged by 8 percent year-over-year following strong customer demand and operational efficiency.
Tesla reported that fiscal subscription sales surged by 12% year-over-year following strong customer demand and operational efficiency.,2,tesla reported that fiscal subscription sales surged by 12 percent year-over-year following strong customer demand and operational efficiency.
Tesla reported that fiscal subscription sales surged by 15% year-over-year following strong customer demand and operational efficiency.,2,tesla reported that fiscal subscription sales surged by 15 percent year-over-year following strong customer demand and operational efficiency.
Microsoft reported that fiscal revenue increased by 8% year-over-year following strong customer demand and operational efficiency.,2,microsoft reported that fiscal revenue increased by 8 percent year-over-year following strong customer demand and operational efficiency.
Microsoft reported that fiscal revenue increased by 12% year-over-year following strong customer demand and operational efficiency.,2,microsoft reported that fiscal revenue increased by 12 percent year-over-year following strong customer demand and operational efficiency.
Microsoft reported that fiscal revenue increased by 15% year-over-year following strong customer demand and operational efficiency.,2,microsoft reported that fiscal revenue increased by 15 percent year-over-year following strong customer demand and operational efficiency.
Microsoft reported that fiscal revenue grew by 8% year-over-year following strong customer demand and operational efficiency.,2,microsoft reported that fiscal revenue grew by 8 percent year-over-year following strong customer demand and operational efficiency.
Microsoft reported that fiscal revenue grew by 12% year-over-year following strong customer demand and operational efficiency.,2,microsoft reported that fiscal revenue grew by 12 percent year-over-year following strong customer demand and operational efficiency.
Microsoft reported that fiscal revenue grew by 15% year-over-year following strong customer demand and operational efficiency.,2,microsoft reported that fiscal revenue grew by 15 percent year-over-year following strong customer demand and operational efficiency.
Microsoft reported that fiscal revenue surged by 8% year-over-year following strong customer demand and operational efficiency.,2,microsoft reported that fiscal revenue surged by 8 percent year-over-year following strong customer demand and operational efficiency.
Microsoft reported that fiscal revenue surged by 12% year-over-year following strong customer demand and operational efficiency.,2,microsoft reported that fiscal revenue surged by 12 percent year-over-year following strong customer demand and operational efficiency.
Microsoft reported that fiscal revenue surged by 15% year-over-year following strong customer demand and operational efficiency.,2,microsoft reported that fiscal revenue surged by 15 percent year-over-year following strong customer demand and operational efficiency.
Microsoft reported that fiscal operating income increased by 8% year-over-year following strong customer demand and operational efficiency.,2,microsoft reported that fiscal operating income increased by 8 percent year-over-year following strong customer demand and operational efficiency.
Microsoft reported that fiscal operating income increased by 12% year-over-year following strong customer demand and operational efficiency.,2,microsoft reported that fiscal operating income increased by 12 percent year-over-year following strong customer demand and operational efficiency.
Microsoft reported that fiscal operating income increased by 15% year-over-year following strong customer demand and operational efficiency.,2,microsoft reported that fiscal operating income increased by 15 percent year-over-year following strong customer demand and operational efficiency.
Microsoft reported that fiscal operating income grew by 8% year-over-year following strong customer demand and operational efficiency.,2,microsoft reported that fiscal operating income grew by 8 percent year-over-year following strong customer demand and operational efficiency.
Microsoft reported that fiscal operating income grew by 12% year-over-year following strong customer demand and operational efficiency.,2,microsoft reported that fiscal operating income grew by 12 percent year-over-year following strong customer demand and operational efficiency.
Microsoft reported that fiscal operating income grew by 15% year-over-year following strong customer demand and operational efficiency.,2,microsoft reported that fiscal operating income grew by 15 percent year-over-year following strong customer demand and operational efficiency.
Microsoft reported that fiscal operating income surged by 8% year-over-year following strong customer demand and operational efficiency.,2,microsoft reported that fiscal operating income surged by 8 percent year-over-year following strong customer demand and operational efficiency.
Microsoft reported that fiscal operating income surged by 12% year-over-year following strong customer demand and operational efficiency.,2,microsoft reported that fiscal operating income surged by 12 percent year-over-year following strong customer demand and operational efficiency.
Microsoft reported that fiscal operating income surged by 15% year-over-year following strong customer demand and operational efficiency.,2,microsoft reported that fiscal operating income surged by 15 percent year-over-year following strong customer demand and operational efficiency.
Microsoft reported that fiscal net profit increased by 8% year-over-year following strong customer demand and operational efficiency.,2,microsoft reported that fiscal net profit increased by 8 percent year-over-year following strong customer demand and operational efficiency.
Microsoft reported that fiscal net profit increased by 12% year-over-year following strong customer demand and operational efficiency.,2,microsoft reported that fiscal net profit increased by 12 percent year-over-year following strong customer demand and operational efficiency.
Microsoft reported that fiscal net profit increased by 15% year-over-year following strong customer demand and operational efficiency.,2,microsoft reported that fiscal net profit increased by 15 percent year-over-year following strong customer demand and operational efficiency.
Microsoft reported that fiscal net profit grew by 8% year-over-year following strong customer demand and operational efficiency.,2,microsoft reported that fiscal net profit grew by 8 percent year-over-year following strong customer demand and operational efficiency.
Microsoft reported that fiscal net profit grew by 12% year-over-year following strong customer demand and operational efficiency.,2,microsoft reported that fiscal net profit grew by 12 percent year-over-year following strong customer demand and operational efficiency.
Microsoft reported that fiscal net profit grew by 15% year-over-year following strong customer demand and operational efficiency.,2,microsoft reported that fiscal net profit grew by 15 percent year-over-year following strong customer demand and operational efficiency.
Microsoft reported that fiscal net profit surged by 8% year-over-year following strong customer demand and operational efficiency.,2,microsoft reported that fiscal net profit surged by 8 percent year-over-year following strong customer demand and operational efficiency.
Microsoft reported that fiscal net profit surged by 12% year-over-year following strong customer demand and operational efficiency.,2,microsoft reported that fiscal net profit surged by 12 percent year-over-year following strong customer demand and operational efficiency.
Microsoft reported that fiscal net profit surged by 15% year-over-year following strong customer demand and operational efficiency.,2,microsoft reported that fiscal net profit surged by 15 percent year-over-year following strong customer demand and operational efficiency.
Microsoft reported that fiscal quarterly earnings increased by 8% year-over-year following strong customer demand and operational efficiency.,2,microsoft reported that fiscal quarterly earnings increased by 8 percent year-over-year following strong customer demand and operational efficiency.
Microsoft reported that fiscal quarterly earnings increased by 12% year-over-year following strong customer demand and operational efficiency.,2,microsoft reported that fiscal quarterly earnings increased by 12 percent year-over-year following strong customer demand and operational efficiency.
Microsoft reported that fiscal quarterly earnings increased by 15% year-over-year following strong customer demand and operational efficiency.,2,microsoft reported that fiscal quarterly earnings increased by 15 percent year-over-year following strong customer demand and operational efficiency.
Microsoft reported that fiscal quarterly earnings grew by 8% year-over-year following strong customer demand and operational efficiency.,2,microsoft reported that fiscal quarterly earnings grew by 8 percent year-over-year following strong customer demand and operational efficiency.
Microsoft reported that fiscal quarterly earnings grew by 12% year-over-year following strong customer demand and operational efficiency.,2,microsoft reported that fiscal quarterly earnings grew by 12 percent year-over-year following strong customer demand and operational efficiency.
Microsoft reported that fiscal quarterly earnings grew by 15% year-over-year following strong customer demand and operational efficiency.,2,microsoft reported that fiscal quarterly earnings grew by 15 percent year-over-year following strong customer demand and operational efficiency.
Microsoft reported that fiscal quarterly earnings surged by 8% year-over-year following strong customer demand and operational efficiency.,2,microsoft reported that fiscal quarterly earnings surged by 8 percent year-over-year following strong customer demand and operational efficiency.
Microsoft reported that fiscal quarterly earnings surged by 12% year-over-year following strong customer demand and operational efficiency.,2,microsoft reported that fiscal quarterly earnings surged by 12 percent year-over-year following strong customer demand and operational efficiency.
Microsoft reported that fiscal quarterly earnings surged by 15% year-over-year following strong customer demand and operational efficiency.,2,microsoft reported that fiscal quarterly earnings surged by 15 percent year-over-year following strong customer demand and operational efficiency.
Microsoft reported that fiscal EBITDA margin increased by 8% year-over-year following strong customer demand and operational efficiency.,2,microsoft reported that fiscal ebitda margin increased by 8 percent year-over-year following strong customer demand and operational efficiency.
Microsoft reported that fiscal EBITDA margin increased by 12% year-over-year following strong customer demand and operational efficiency.,2,microsoft reported that fiscal ebitda margin increased by 12 percent year-over-year following strong customer demand and operational efficiency.
Microsoft reported that fiscal EBITDA margin increased by 15% year-over-year following strong customer demand and operational efficiency.,2,microsoft reported that fiscal ebitda margin increased by 15 percent year-over-year following strong customer demand and operational efficiency.
Microsoft reported that fiscal EBITDA margin grew by 8% year-over-year following strong customer demand and operational efficiency.,2,microsoft reported that fiscal ebitda margin grew by 8 percent year-over-year following strong customer demand and operational efficiency.
Microsoft reported that fiscal EBITDA margin grew by 12% year-over-year following strong customer demand and operational efficiency.,2,microsoft reported that fiscal ebitda margin grew by 12 percent year-over-year following strong customer demand and operational efficiency.
Microsoft reported that fiscal EBITDA margin grew by 15% year-over-year following strong customer demand and operational efficiency.,2,microsoft reported that fiscal ebitda margin grew by 15 percent year-over-year following strong customer demand and operational efficiency.
Microsoft reported that fiscal EBITDA margin surged by 8% year-over-year following strong customer demand and operational efficiency.,2,microsoft reported that fiscal ebitda margin surged by 8 percent year-over-year following strong customer demand and operational efficiency.
Microsoft reported that fiscal EBITDA margin surged by 12% year-over-year following strong customer demand and operational efficiency.,2,microsoft reported that fiscal ebitda margin surged by 12 percent year-over-year following strong customer demand and operational efficiency.
Microsoft reported that fiscal EBITDA margin surged by 15% year-over-year following strong customer demand and operational efficiency.,2,microsoft reported that fiscal ebitda margin surged by 15 percent year-over-year following strong customer demand and operational efficiency.
Microsoft reported that fiscal free cash flow increased by 8% year-over-year following strong customer demand and operational efficiency.,2,microsoft reported that fiscal free cash flow increased by 8 percent year-over-year following strong customer demand and operational efficiency.
Microsoft reported that fiscal free cash flow increased by 12% year-over-year following strong customer demand and operational efficiency.,2,microsoft reported that fiscal free cash flow increased by 12 percent year-over-year following strong customer demand and operational efficiency.
Microsoft reported that fiscal free cash flow increased by 15% year-over-year following strong customer demand and operational efficiency.,2,microsoft reported that fiscal free cash flow increased by 15 percent year-over-year following strong customer demand and operational efficiency.
Microsoft reported that fiscal free cash flow grew by 8% year-over-year following strong customer demand and operational efficiency.,2,microsoft reported that fiscal free cash flow grew by 8 percent year-over-year following strong customer demand and operational efficiency.
Microsoft reported that fiscal free cash flow grew by 12% year-over-year following strong customer demand and operational efficiency.,2,microsoft reported that fiscal free cash flow grew by 12 percent year-over-year following strong customer demand and operational efficiency.
Microsoft reported that fiscal free cash flow grew by 15% year-over-year following strong customer demand and operational efficiency.,2,microsoft reported that fiscal free cash flow grew by 15 percent year-over-year following strong customer demand and operational efficiency.
Microsoft reported that fiscal free cash flow surged by 8% year-over-year following strong customer demand and operational efficiency.,2,microsoft reported that fiscal free cash flow surged by 8 percent year-over-year following strong customer demand and operational efficiency.
Microsoft reported that fiscal free cash flow surged by 12% year-over-year following strong customer demand and operational efficiency.,2,microsoft reported that fiscal free cash flow surged by 12 percent year-over-year following strong customer demand and operational efficiency.
Microsoft reported that fiscal free cash flow surged by 15% year-over-year following strong customer demand and operational efficiency.,2,microsoft reported that fiscal free cash flow surged by 15 percent year-over-year following strong customer demand and operational efficiency.
Microsoft reported that fiscal top-line growth increased by 8% year-over-year following strong customer demand and operational efficiency.,2,microsoft reported that fiscal top-line growth increased by 8 percent year-over-year following strong customer demand and operational efficiency.
Microsoft reported that fiscal top-line growth increased by 12% year-over-year following strong customer demand and operational efficiency.,2,microsoft reported that fiscal top-line growth increased by 12 percent year-over-year following strong customer demand and operational efficiency.
Microsoft reported that fiscal top-line growth increased by 15% year-over-year following strong customer demand and operational efficiency.,2,microsoft reported that fiscal top-line growth increased by 15 percent year-over-year following strong customer demand and operational efficiency.
Microsoft reported that fiscal top-line growth grew by 8% year-over-year following strong customer demand and operational efficiency.,2,microsoft reported that fiscal top-line growth grew by 8 percent year-over-year following strong customer demand and operational efficiency.
Microsoft reported that fiscal top-line growth grew by 12% year-over-year following strong customer demand and operational efficiency.,2,microsoft reported that fiscal top-line growth grew by 12 percent year-over-year following strong customer demand and operational efficiency.
Microsoft reported that fiscal top-line growth grew by 15% year-over-year following strong customer demand and operational efficiency.,2,microsoft reported that fiscal top-line growth grew by 15 percent year-over-year following strong customer demand and operational efficiency.
Microsoft reported that fiscal top-line growth surged by 8% year-over-year following strong customer demand and operational efficiency.,2,microsoft reported that fiscal top-line growth surged by 8 percent year-over-year following strong customer demand and operational efficiency.
Microsoft reported that fiscal top-line growth surged by 12% year-over-year following strong customer demand and operational efficiency.,2,microsoft reported that fiscal top-line growth surged by 12 percent year-over-year following strong customer demand and operational efficiency.
Microsoft reported that fiscal top-line growth surged by 15% year-over-year following strong customer demand and operational efficiency.,2,microsoft reported that fiscal top-line growth surged by 15 percent year-over-year following strong customer demand and operational efficiency.
Microsoft reported that fiscal subscription sales increased by 8% year-over-year following strong customer demand and operational efficiency.,2,microsoft reported that fiscal subscription sales increased by 8 percent year-over-year following strong customer demand and operational efficiency.
Microsoft reported that fiscal subscription sales increased by 12% year-over-year following strong customer demand and operational efficiency.,2,microsoft reported that fiscal subscription sales increased by 12 percent year-over-year following strong customer demand and operational efficiency.
Microsoft reported that fiscal subscription sales increased by 15% year-over-year following strong customer demand and operational efficiency.,2,microsoft reported that fiscal subscription sales increased by 15 percent year-over-year following strong customer demand and operational efficiency.
Microsoft reported that fiscal subscription sales grew by 8% year-over-year following strong customer demand and operational efficiency.,2,microsoft reported that fiscal subscription sales grew by 8 percent year-over-year following strong customer demand and operational efficiency.
Microsoft reported that fiscal subscription sales grew by 12% year-over-year following strong customer demand and operational efficiency.,2,microsoft reported that fiscal subscription sales grew by 12 percent year-over-year following strong customer demand and operational efficiency.
Microsoft reported that fiscal subscription sales grew by 15% year-over-year following strong customer demand and operational efficiency.,2,microsoft reported that fiscal subscription sales grew by 15 percent year-over-year following strong customer demand and operational efficiency.
Microsoft reported that fiscal subscription sales surged by 8% year-over-year following strong customer demand and operational efficiency.,2,microsoft reported that fiscal subscription sales surged by 8 percent year-over-year following strong customer demand and operational efficiency.
Microsoft reported that fiscal subscription sales surged by 12% year-over-year following strong customer demand and operational efficiency.,2,microsoft reported that fiscal subscription sales surged by 12 percent year-over-year following strong customer demand and operational efficiency.
Microsoft reported that fiscal subscription sales surged by 15% year-over-year following strong customer demand and operational efficiency.,2,microsoft reported that fiscal subscription sales surged by 15 percent year-over-year following strong customer demand and operational efficiency.
Google reported that fiscal revenue increased by 8% year-over-year following strong customer demand and operational efficiency.,2,google reported that fiscal revenue increased by 8 percent year-over-year following strong customer demand and operational efficiency.
Google reported that fiscal revenue increased by 12% year-over-year following strong customer demand and operational efficiency.,2,google reported that fiscal revenue increased by 12 percent year-over-year following strong customer demand and operational efficiency.
Google reported that fiscal revenue increased by 15% year-over-year following strong customer demand and operational efficiency.,2,google reported that fiscal revenue increased by 15 percent year-over-year following strong customer demand and operational efficiency.
Google reported that fiscal revenue grew by 8% year-over-year following strong customer demand and operational efficiency.,2,google reported that fiscal revenue grew by 8 percent year-over-year following strong customer demand and operational efficiency.
Google reported that fiscal revenue grew by 12% year-over-year following strong customer demand and operational efficiency.,2,google reported that fiscal revenue grew by 12 percent year-over-year following strong customer demand and operational efficiency.
Google reported that fiscal revenue grew by 15% year-over-year following strong customer demand and operational efficiency.,2,google reported that fiscal revenue grew by 15 percent year-over-year following strong customer demand and operational efficiency.
Google reported that fiscal revenue surged by 8% year-over-year following strong customer demand and operational efficiency.,2,google reported that fiscal revenue surged by 8 percent year-over-year following strong customer demand and operational efficiency.
Google reported that fiscal revenue surged by 12% year-over-year following strong customer demand and operational efficiency.,2,google reported that fiscal revenue surged by 12 percent year-over-year following strong customer demand and operational efficiency.
Google reported that fiscal revenue surged by 15% year-over-year following strong customer demand and operational efficiency.,2,google reported that fiscal revenue surged by 15 percent year-over-year following strong customer demand and operational efficiency.
Google reported that fiscal operating income increased by 8% year-over-year following strong customer demand and operational efficiency.,2,google reported that fiscal operating income increased by 8 percent year-over-year following strong customer demand and operational efficiency.
Google reported that fiscal operating income increased by 12% year-over-year following strong customer demand and operational efficiency.,2,google reported that fiscal operating income increased by 12 percent year-over-year following strong customer demand and operational efficiency.
Google reported that fiscal operating income increased by 15% year-over-year following strong customer demand and operational efficiency.,2,google reported that fiscal operating income increased by 15 percent year-over-year following strong customer demand and operational efficiency.
Google reported that fiscal operating income grew by 8% year-over-year following strong customer demand and operational efficiency.,2,google reported that fiscal operating income grew by 8 percent year-over-year following strong customer demand and operational efficiency.
Google reported that fiscal operating income grew by 12% year-over-year following strong customer demand and operational efficiency.,2,google reported that fiscal operating income grew by 12 percent year-over-year following strong customer demand and operational efficiency.
Google reported that fiscal operating income grew by 15% year-over-year following strong customer demand and operational efficiency.,2,google reported that fiscal operating income grew by 15 percent year-over-year following strong customer demand and operational efficiency.
Google reported that fiscal operating income surged by 8% year-over-year following strong customer demand and operational efficiency.,2,google reported that fiscal operating income surged by 8 percent year-over-year following strong customer demand and operational efficiency.
Google reported that fiscal operating income surged by 12% year-over-year following strong customer demand and operational efficiency.,2,google reported that fiscal operating income surged by 12 percent year-over-year following strong customer demand and operational efficiency.
Google reported that fiscal operating income surged by 15% year-over-year following strong customer demand and operational efficiency.,2,google reported that fiscal operating income surged by 15 percent year-over-year following strong customer demand and operational efficiency.
Google reported that fiscal net profit increased by 8% year-over-year following strong customer demand and operational efficiency.,2,google reported that fiscal net profit increased by 8 percent year-over-year following strong customer demand and operational efficiency.
Google reported that fiscal net profit increased by 12% year-over-year following strong customer demand and operational efficiency.,2,google reported that fiscal net profit increased by 12 percent year-over-year following strong customer demand and operational efficiency.
Google reported that fiscal net profit increased by 15% year-over-year following strong customer demand and operational efficiency.,2,google reported that fiscal net profit increased by 15 percent year-over-year following strong customer demand and operational efficiency.
Google reported that fiscal net profit grew by 8% year-over-year following strong customer demand and operational efficiency.,2,google reported that fiscal net profit grew by 8 percent year-over-year following strong customer demand and operational efficiency.
Google reported that fiscal net profit grew by 12% year-over-year following strong customer demand and operational efficiency.,2,google reported that fiscal net profit grew by 12 percent year-over-year following strong customer demand and operational efficiency.
Google reported that fiscal net profit grew by 15% year-over-year following strong customer demand and operational efficiency.,2,google reported that fiscal net profit grew by 15 percent year-over-year following strong customer demand and operational efficiency.
Google reported that fiscal net profit surged by 8% year-over-year following strong customer demand and operational efficiency.,2,google reported that fiscal net profit surged by 8 percent year-over-year following strong customer demand and operational efficiency.
Google reported that fiscal net profit surged by 12% year-over-year following strong customer demand and operational efficiency.,2,google reported that fiscal net profit surged by 12 percent year-over-year following strong customer demand and operational efficiency.
Google reported that fiscal net profit surged by 15% year-over-year following strong customer demand and operational efficiency.,2,google reported that fiscal net profit surged by 15 percent year-over-year following strong customer demand and operational efficiency.
Google reported that fiscal quarterly earnings increased by 8% year-over-year following strong customer demand and operational efficiency.,2,google reported that fiscal quarterly earnings increased by 8 percent year-over-year following strong customer demand and operational efficiency.
Google reported that fiscal quarterly earnings increased by 12% year-over-year following strong customer demand and operational efficiency.,2,google reported that fiscal quarterly earnings increased by 12 percent year-over-year following strong customer demand and operational efficiency.
Google reported that fiscal quarterly earnings increased by 15% year-over-year following strong customer demand and operational efficiency.,2,google reported that fiscal quarterly earnings increased by 15 percent year-over-year following strong customer demand and operational efficiency.
Google reported that fiscal quarterly earnings grew by 8% year-over-year following strong customer demand and operational efficiency.,2,google reported that fiscal quarterly earnings grew by 8 percent year-over-year following strong customer demand and operational efficiency.
Google reported that fiscal quarterly earnings grew by 12% year-over-year following strong customer demand and operational efficiency.,2,google reported that fiscal quarterly earnings grew by 12 percent year-over-year following strong customer demand and operational efficiency.
Google reported that fiscal quarterly earnings grew by 15% year-over-year following strong customer demand and operational efficiency.,2,google reported that fiscal quarterly earnings grew by 15 percent year-over-year following strong customer demand and operational efficiency.
Google reported that fiscal quarterly earnings surged by 8% year-over-year following strong customer demand and operational efficiency.,2,google reported that fiscal quarterly earnings surged by 8 percent year-over-year following strong customer demand and operational efficiency.
Google reported that fiscal quarterly earnings surged by 12% year-over-year following strong customer demand and operational efficiency.,2,google reported that fiscal quarterly earnings surged by 12 percent year-over-year following strong customer demand and operational efficiency.
Google reported that fiscal quarterly earnings surged by 15% year-over-year following strong customer demand and operational efficiency.,2,google reported that fiscal quarterly earnings surged by 15 percent year-over-year following strong customer demand and operational efficiency.
Google reported that fiscal EBITDA margin increased by 8% year-over-year following strong customer demand and operational efficiency.,2,google reported that fiscal ebitda margin increased by 8 percent year-over-year following strong customer demand and operational efficiency.
Google reported that fiscal EBITDA margin increased by 12% year-over-year following strong customer demand and operational efficiency.,2,google reported that fiscal ebitda margin increased by 12 percent year-over-year following strong customer demand and operational efficiency.
Google reported that fiscal EBITDA margin increased by 15% year-over-year following strong customer demand and operational efficiency.,2,google reported that fiscal ebitda margin increased by 15 percent year-over-year following strong customer demand and operational efficiency.
Google reported that fiscal EBITDA margin grew by 8% year-over-year following strong customer demand and operational efficiency.,2,google reported that fiscal ebitda margin grew by 8 percent year-over-year following strong customer demand and operational efficiency.
Google reported that fiscal EBITDA margin grew by 12% year-over-year following strong customer demand and operational efficiency.,2,google reported that fiscal ebitda margin grew by 12 percent year-over-year following strong customer demand and operational efficiency.
Google reported that fiscal EBITDA margin grew by 15% year-over-year following strong customer demand and operational efficiency.,2,google reported that fiscal ebitda margin grew by 15 percent year-over-year following strong customer demand and operational efficiency.
Google reported that fiscal EBITDA margin surged by 8% year-over-year following strong customer demand and operational efficiency.,2,google reported that fiscal ebitda margin surged by 8 percent year-over-year following strong customer demand and operational efficiency.
Google reported that fiscal EBITDA margin surged by 12% year-over-year following strong customer demand and operational efficiency.,2,google reported that fiscal ebitda margin surged by 12 percent year-over-year following strong customer demand and operational efficiency.
Google reported that fiscal EBITDA margin surged by 15% year-over-year following strong customer demand and operational efficiency.,2,google reported that fiscal ebitda margin surged by 15 percent year-over-year following strong customer demand and operational efficiency.
Google reported that fiscal free cash flow increased by 8% year-over-year following strong customer demand and operational efficiency.,2,google reported that fiscal free cash flow increased by 8 percent year-over-year following strong customer demand and operational efficiency.
Google reported that fiscal free cash flow increased by 12% year-over-year following strong customer demand and operational efficiency.,2,google reported that fiscal free cash flow increased by 12 percent year-over-year following strong customer demand and operational efficiency.
Google reported that fiscal free cash flow increased by 15% year-over-year following strong customer demand and operational efficiency.,2,google reported that fiscal free cash flow increased by 15 percent year-over-year following strong customer demand and operational efficiency.
Google reported that fiscal free cash flow grew by 8% year-over-year following strong customer demand and operational efficiency.,2,google reported that fiscal free cash flow grew by 8 percent year-over-year following strong customer demand and operational efficiency.
Google reported that fiscal free cash flow grew by 12% year-over-year following strong customer demand and operational efficiency.,2,google reported that fiscal free cash flow grew by 12 percent year-over-year following strong customer demand and operational efficiency.
Google reported that fiscal free cash flow grew by 15% year-over-year following strong customer demand and operational efficiency.,2,google reported that fiscal free cash flow grew by 15 percent year-over-year following strong customer demand and operational efficiency.
Google reported that fiscal free cash flow surged by 8% year-over-year following strong customer demand and operational efficiency.,2,google reported that fiscal free cash flow surged by 8 percent year-over-year following strong customer demand and operational efficiency.
Google reported that fiscal free cash flow surged by 12% year-over-year following strong customer demand and operational efficiency.,2,google reported that fiscal free cash flow surged by 12 percent year-over-year following strong customer demand and operational efficiency.
Google reported that fiscal free cash flow surged by 15% year-over-year following strong customer demand and operational efficiency.,2,google reported that fiscal free cash flow surged by 15 percent year-over-year following strong customer demand and operational efficiency.
Google reported that fiscal top-line growth increased by 8% year-over-year following strong customer demand and operational efficiency.,2,google reported that fiscal top-line growth increased by 8 percent year-over-year following strong customer demand and operational efficiency.
Google reported that fiscal top-line growth increased by 12% year-over-year following strong customer demand and operational efficiency.,2,google reported that fiscal top-line growth increased by 12 percent year-over-year following strong customer demand and operational efficiency.
Google reported that fiscal top-line growth increased by 15% year-over-year following strong customer demand and operational efficiency.,2,google reported that fiscal top-line growth increased by 15 percent year-over-year following strong customer demand and operational efficiency.
Google reported that fiscal top-line growth grew by 8% year-over-year following strong customer demand and operational efficiency.,2,google reported that fiscal top-line growth grew by 8 percent year-over-year following strong customer demand and operational efficiency.
Google reported that fiscal top-line growth grew by 12% year-over-year following strong customer demand and operational efficiency.,2,google reported that fiscal top-line growth grew by 12 percent year-over-year following strong customer demand and operational efficiency.
Google reported that fiscal top-line growth grew by 15% year-over-year following strong customer demand and operational efficiency.,2,google reported that fiscal top-line growth grew by 15 percent year-over-year following strong customer demand and operational efficiency.
Google reported that fiscal top-line growth surged by 8% year-over-year following strong customer demand and operational efficiency.,2,google reported that fiscal top-line growth surged by 8 percent year-over-year following strong customer demand and operational efficiency.
Google reported that fiscal top-line growth surged by 12% year-over-year following strong customer demand and operational efficiency.,2,google reported that fiscal top-line growth surged by 12 percent year-over-year following strong customer demand and operational efficiency.
Google reported that fiscal top-line growth surged by 15% year-over-year following strong customer demand and operational efficiency.,2,google reported that fiscal top-line growth surged by 15 percent year-over-year following strong customer demand and operational efficiency.
Google reported that fiscal subscription sales increased by 8% year-over-year following strong customer demand and operational efficiency.,2,google reported that fiscal subscription sales increased by 8 percent year-over-year following strong customer demand and operational efficiency.
Google reported that fiscal subscription sales increased by 12% year-over-year following strong customer demand and operational efficiency.,2,google reported that fiscal subscription sales increased by 12 percent year-over-year following strong customer demand and operational efficiency.
Google reported that fiscal subscription sales increased by 15% year-over-year following strong customer demand and operational efficiency.,2,google reported that fiscal subscription sales increased by 15 percent year-over-year following strong customer demand and operational efficiency.
Google reported that fiscal subscription sales grew by 8% year-over-year following strong customer demand and operational efficiency.,2,google reported that fiscal subscription sales grew by 8 percent year-over-year following strong customer demand and operational efficiency.
Google reported that fiscal subscription sales grew by 12% year-over-year following strong customer demand and operational efficiency.,2,google reported that fiscal subscription sales grew by 12 percent year-over-year following strong customer demand and operational efficiency.
Google reported that fiscal subscription sales grew by 15% year-over-year following strong customer demand and operational efficiency.,2,google reported that fiscal subscription sales grew by 15 percent year-over-year following strong customer demand and operational efficiency.
Google reported that fiscal subscription sales surged by 8% year-over-year following strong customer demand and operational efficiency.,2,google reported that fiscal subscription sales surged by 8 percent year-over-year following strong customer demand and operational efficiency.
Google reported that fiscal subscription sales surged by 12% year-over-year following strong customer demand and operational efficiency.,2,google reported that fiscal subscription sales surged by 12 percent year-over-year following strong customer demand and operational efficiency.
Google reported that fiscal subscription sales surged by 15% year-over-year following strong customer demand and operational efficiency.,2,google reported that fiscal subscription sales surged by 15 percent year-over-year following strong customer demand and operational efficiency.
Amazon reported that fiscal revenue increased by 8% year-over-year following strong customer demand and operational efficiency.,2,amazon reported that fiscal revenue increased by 8 percent year-over-year following strong customer demand and operational efficiency.
Amazon reported that fiscal revenue increased by 12% year-over-year following strong customer demand and operational efficiency.,2,amazon reported that fiscal revenue increased by 12 percent year-over-year following strong customer demand and operational efficiency.
Amazon reported that fiscal revenue increased by 15% year-over-year following strong customer demand and operational efficiency.,2,amazon reported that fiscal revenue increased by 15 percent year-over-year following strong customer demand and operational efficiency.
Amazon reported that fiscal revenue grew by 8% year-over-year following strong customer demand and operational efficiency.,2,amazon reported that fiscal revenue grew by 8 percent year-over-year following strong customer demand and operational efficiency.
Amazon reported that fiscal revenue grew by 12% year-over-year following strong customer demand and operational efficiency.,2,amazon reported that fiscal revenue grew by 12 percent year-over-year following strong customer demand and operational efficiency.
Amazon reported that fiscal revenue grew by 15% year-over-year following strong customer demand and operational efficiency.,2,amazon reported that fiscal revenue grew by 15 percent year-over-year following strong customer demand and operational efficiency.
Amazon reported that fiscal revenue surged by 8% year-over-year following strong customer demand and operational efficiency.,2,amazon reported that fiscal revenue surged by 8 percent year-over-year following strong customer demand and operational efficiency.
Amazon reported that fiscal revenue surged by 12% year-over-year following strong customer demand and operational efficiency.,2,amazon reported that fiscal revenue surged by 12 percent year-over-year following strong customer demand and operational efficiency.
Amazon reported that fiscal revenue surged by 15% year-over-year following strong customer demand and operational efficiency.,2,amazon reported that fiscal revenue surged by 15 percent year-over-year following strong customer demand and operational efficiency.
Amazon reported that fiscal operating income increased by 8% year-over-year following strong customer demand and operational efficiency.,2,amazon reported that fiscal operating income increased by 8 percent year-over-year following strong customer demand and operational efficiency.
Amazon reported that fiscal operating income increased by 12% year-over-year following strong customer demand and operational efficiency.,2,amazon reported that fiscal operating income increased by 12 percent year-over-year following strong customer demand and operational efficiency.
Amazon reported that fiscal operating income increased by 15% year-over-year following strong customer demand and operational efficiency.,2,amazon reported that fiscal operating income increased by 15 percent year-over-year following strong customer demand and operational efficiency.
Amazon reported that fiscal operating income grew by 8% year-over-year following strong customer demand and operational efficiency.,2,amazon reported that fiscal operating income grew by 8 percent year-over-year following strong customer demand and operational efficiency.
Amazon reported that fiscal operating income grew by 12% year-over-year following strong customer demand and operational efficiency.,2,amazon reported that fiscal operating income grew by 12 percent year-over-year following strong customer demand and operational efficiency.
Amazon reported that fiscal operating income grew by 15% year-over-year following strong customer demand and operational efficiency.,2,amazon reported that fiscal operating income grew by 15 percent year-over-year following strong customer demand and operational efficiency.
Amazon reported that fiscal operating income surged by 8% year-over-year following strong customer demand and operational efficiency.,2,amazon reported that fiscal operating income surged by 8 percent year-over-year following strong customer demand and operational efficiency.
Amazon reported that fiscal operating income surged by 12% year-over-year following strong customer demand and operational efficiency.,2,amazon reported that fiscal operating income surged by 12 percent year-over-year following strong customer demand and operational efficiency.
Amazon reported that fiscal operating income surged by 15% year-over-year following strong customer demand and operational efficiency.,2,amazon reported that fiscal operating income surged by 15 percent year-over-year following strong customer demand and operational efficiency.
Amazon reported that fiscal net profit increased by 8% year-over-year following strong customer demand and operational efficiency.,2,amazon reported that fiscal net profit increased by 8 percent year-over-year following strong customer demand and operational efficiency.
Amazon reported that fiscal net profit increased by 12% year-over-year following strong customer demand and operational efficiency.,2,amazon reported that fiscal net profit increased by 12 percent year-over-year following strong customer demand and operational efficiency.
Amazon reported that fiscal net profit increased by 15% year-over-year following strong customer demand and operational efficiency.,2,amazon reported that fiscal net profit increased by 15 percent year-over-year following strong customer demand and operational efficiency.
Amazon reported that fiscal net profit grew by 8% year-over-year following strong customer demand and operational efficiency.,2,amazon reported that fiscal net profit grew by 8 percent year-over-year following strong customer demand and operational efficiency.
Amazon reported that fiscal net profit grew by 12% year-over-year following strong customer demand and operational efficiency.,2,amazon reported that fiscal net profit grew by 12 percent year-over-year following strong customer demand and operational efficiency.
Amazon reported that fiscal net profit grew by 15% year-over-year following strong customer demand and operational efficiency.,2,amazon reported that fiscal net profit grew by 15 percent year-over-year following strong customer demand and operational efficiency.
Amazon reported that fiscal net profit surged by 8% year-over-year following strong customer demand and operational efficiency.,2,amazon reported that fiscal net profit surged by 8 percent year-over-year following strong customer demand and operational efficiency.
Amazon reported that fiscal net profit surged by 12% year-over-year following strong customer demand and operational efficiency.,2,amazon reported that fiscal net profit surged by 12 percent year-over-year following strong customer demand and operational efficiency.
Amazon reported that fiscal net profit surged by 15% year-over-year following strong customer demand and operational efficiency.,2,amazon reported that fiscal net profit surged by 15 percent year-over-year following strong customer demand and operational efficiency.
Amazon reported that fiscal quarterly earnings increased by 8% year-over-year following strong customer demand and operational efficiency.,2,amazon reported that fiscal quarterly earnings increased by 8 percent year-over-year following strong customer demand and operational efficiency.
Amazon reported that fiscal quarterly earnings increased by 12% year-over-year following strong customer demand and operational efficiency.,2,amazon reported that fiscal quarterly earnings increased by 12 percent year-over-year following strong customer demand and operational efficiency.
Amazon reported that fiscal quarterly earnings increased by 15% year-over-year following strong customer demand and operational efficiency.,2,amazon reported that fiscal quarterly earnings increased by 15 percent year-over-year following strong customer demand and operational efficiency.
Amazon reported that fiscal quarterly earnings grew by 8% year-over-year following strong customer demand and operational efficiency.,2,amazon reported that fiscal quarterly earnings grew by 8 percent year-over-year following strong customer demand and operational efficiency.
Amazon reported that fiscal quarterly earnings grew by 12% year-over-year following strong customer demand and operational efficiency.,2,amazon reported that fiscal quarterly earnings grew by 12 percent year-over-year following strong customer demand and operational efficiency.
Amazon reported that fiscal quarterly earnings grew by 15% year-over-year following strong customer demand and operational efficiency.,2,amazon reported that fiscal quarterly earnings grew by 15 percent year-over-year following strong customer demand and operational efficiency.
Amazon reported that fiscal quarterly earnings surged by 8% year-over-year following strong customer demand and operational efficiency.,2,amazon reported that fiscal quarterly earnings surged by 8 percent year-over-year following strong customer demand and operational efficiency.
Amazon reported that fiscal quarterly earnings surged by 12% year-over-year following strong customer demand and operational efficiency.,2,amazon reported that fiscal quarterly earnings surged by 12 percent year-over-year following strong customer demand and operational efficiency.
Amazon reported that fiscal quarterly earnings surged by 15% year-over-year following strong customer demand and operational efficiency.,2,amazon reported that fiscal quarterly earnings surged by 15 percent year-over-year following strong customer demand and operational efficiency.
Amazon reported that fiscal EBITDA margin increased by 8% year-over-year following strong customer demand and operational efficiency.,2,amazon reported that fiscal ebitda margin increased by 8 percent year-over-year following strong customer demand and operational efficiency.
Amazon reported that fiscal EBITDA margin increased by 12% year-over-year following strong customer demand and operational efficiency.,2,amazon reported that fiscal ebitda margin increased by 12 percent year-over-year following strong customer demand and operational efficiency.
Amazon reported that fiscal EBITDA margin increased by 15% year-over-year following strong customer demand and operational efficiency.,2,amazon reported that fiscal ebitda margin increased by 15 percent year-over-year following strong customer demand and operational efficiency.
Amazon reported that fiscal EBITDA margin grew by 8% year-over-year following strong customer demand and operational efficiency.,2,amazon reported that fiscal ebitda margin grew by 8 percent year-over-year following strong customer demand and operational efficiency.
Amazon reported that fiscal EBITDA margin grew by 12% year-over-year following strong customer demand and operational efficiency.,2,amazon reported that fiscal ebitda margin grew by 12 percent year-over-year following strong customer demand and operational efficiency.
Amazon reported that fiscal EBITDA margin grew by 15% year-over-year following strong customer demand and operational efficiency.,2,amazon reported that fiscal ebitda margin grew by 15 percent year-over-year following strong customer demand and operational efficiency.
Amazon reported that fiscal EBITDA margin surged by 8% year-over-year following strong customer demand and operational efficiency.,2,amazon reported that fiscal ebitda margin surged by 8 percent year-over-year following strong customer demand and operational efficiency.
Amazon reported that fiscal EBITDA margin surged by 12% year-over-year following strong customer demand and operational efficiency.,2,amazon reported that fiscal ebitda margin surged by 12 percent year-over-year following strong customer demand and operational efficiency.
Amazon reported that fiscal EBITDA margin surged by 15% year-over-year following strong customer demand and operational efficiency.,2,amazon reported that fiscal ebitda margin surged by 15 percent year-over-year following strong customer demand and operational efficiency.
Amazon reported that fiscal free cash flow increased by 8% year-over-year following strong customer demand and operational efficiency.,2,amazon reported that fiscal free cash flow increased by 8 percent year-over-year following strong customer demand and operational efficiency.
Amazon reported that fiscal free cash flow increased by 12% year-over-year following strong customer demand and operational efficiency.,2,amazon reported that fiscal free cash flow increased by 12 percent year-over-year following strong customer demand and operational efficiency.
Amazon reported that fiscal free cash flow increased by 15% year-over-year following strong customer demand and operational efficiency.,2,amazon reported that fiscal free cash flow increased by 15 percent year-over-year following strong customer demand and operational efficiency.
Amazon reported that fiscal free cash flow grew by 8% year-over-year following strong customer demand and operational efficiency.,2,amazon reported that fiscal free cash flow grew by 8 percent year-over-year following strong customer demand and operational efficiency.
Amazon reported that fiscal free cash flow grew by 12% year-over-year following strong customer demand and operational efficiency.,2,amazon reported that fiscal free cash flow grew by 12 percent year-over-year following strong customer demand and operational efficiency.
Amazon reported that fiscal free cash flow grew by 15% year-over-year following strong customer demand and operational efficiency.,2,amazon reported that fiscal free cash flow grew by 15 percent year-over-year following strong customer demand and operational efficiency.
Amazon reported that fiscal free cash flow surged by 8% year-over-year following strong customer demand and operational efficiency.,2,amazon reported that fiscal free cash flow surged by 8 percent year-over-year following strong customer demand and operational efficiency.
Amazon reported that fiscal free cash flow surged by 12% year-over-year following strong customer demand and operational efficiency.,2,amazon reported that fiscal free cash flow surged by 12 percent year-over-year following strong customer demand and operational efficiency.
Amazon reported that fiscal free cash flow surged by 15% year-over-year following strong customer demand and operational efficiency.,2,amazon reported that fiscal free cash flow surged by 15 percent year-over-year following strong customer demand and operational efficiency.
Amazon reported that fiscal top-line growth increased by 8% year-over-year following strong customer demand and operational efficiency.,2,amazon reported that fiscal top-line growth increased by 8 percent year-over-year following strong customer demand and operational efficiency.
Amazon reported that fiscal top-line growth increased by 12% year-over-year following strong customer demand and operational efficiency.,2,amazon reported that fiscal top-line growth increased by 12 percent year-over-year following strong customer demand and operational efficiency.
Amazon reported that fiscal top-line growth increased by 15% year-over-year following strong customer demand and operational efficiency.,2,amazon reported that fiscal top-line growth increased by 15 percent year-over-year following strong customer demand and operational efficiency.
Amazon reported that fiscal top-line growth grew by 8% year-over-year following strong customer demand and operational efficiency.,2,amazon reported that fiscal top-line growth grew by 8 percent year-over-year following strong customer demand and operational efficiency.
Amazon reported that fiscal top-line growth grew by 12% year-over-year following strong customer demand and operational efficiency.,2,amazon reported that fiscal top-line growth grew by 12 percent year-over-year following strong customer demand and operational efficiency.
Amazon reported that fiscal top-line growth grew by 15% year-over-year following strong customer demand and operational efficiency.,2,amazon reported that fiscal top-line growth grew by 15 percent year-over-year following strong customer demand and operational efficiency.
Amazon reported that fiscal top-line growth surged by 8% year-over-year following strong customer demand and operational efficiency.,2,amazon reported that fiscal top-line growth surged by 8 percent year-over-year following strong customer demand and operational efficiency.
Amazon reported that fiscal top-line growth surged by 12% year-over-year following strong customer demand and operational efficiency.,2,amazon reported that fiscal top-line growth surged by 12 percent year-over-year following strong customer demand and operational efficiency.
Amazon reported that fiscal top-line growth surged by 15% year-over-year following strong customer demand and operational efficiency.,2,amazon reported that fiscal top-line growth surged by 15 percent year-over-year following strong customer demand and operational efficiency.
Amazon reported that fiscal subscription sales increased by 8% year-over-year following strong customer demand and operational efficiency.,2,amazon reported that fiscal subscription sales increased by 8 percent year-over-year following strong customer demand and operational efficiency.
Amazon reported that fiscal subscription sales increased by 12% year-over-year following strong customer demand and operational efficiency.,2,amazon reported that fiscal subscription sales increased by 12 percent year-over-year following strong customer demand and operational efficiency.
Amazon reported that fiscal subscription sales increased by 15% year-over-year following strong customer demand and operational efficiency.,2,amazon reported that fiscal subscription sales increased by 15 percent year-over-year following strong customer demand and operational efficiency.
Amazon reported that fiscal subscription sales grew by 8% year-over-year following strong customer demand and operational efficiency.,2,amazon reported that fiscal subscription sales grew by 8 percent year-over-year following strong customer demand and operational efficiency.
Amazon reported that fiscal subscription sales grew by 12% year-over-year following strong customer demand and operational efficiency.,2,amazon reported that fiscal subscription sales grew by 12 percent year-over-year following strong customer demand and operational efficiency.
Amazon reported that fiscal subscription sales grew by 15% year-over-year following strong customer demand and operational efficiency.,2,amazon reported that fiscal subscription sales grew by 15 percent year-over-year following strong customer demand and operational efficiency.
Amazon reported that fiscal subscription sales surged by 8% year-over-year following strong customer demand and operational efficiency.,2,amazon reported that fiscal subscription sales surged by 8 percent year-over-year following strong customer demand and operational efficiency.
Amazon reported that fiscal subscription sales surged by 12% year-over-year following strong customer demand and operational efficiency.,2,amazon reported that fiscal subscription sales surged by 12 percent year-over-year following strong customer demand and operational efficiency.
Amazon reported that fiscal subscription sales surged by 15% year-over-year following strong customer demand and operational efficiency.,2,amazon reported that fiscal subscription sales surged by 15 percent year-over-year following strong customer demand and operational efficiency.
JPMorgan reported that fiscal revenue increased by 8% year-over-year following strong customer demand and operational efficiency.,2,jpmorgan reported that fiscal revenue increased by 8 percent year-over-year following strong customer demand and operational efficiency.
JPMorgan reported that fiscal revenue increased by 12% year-over-year following strong customer demand and operational efficiency.,2,jpmorgan reported that fiscal revenue increased by 12 percent year-over-year following strong customer demand and operational efficiency.
JPMorgan reported that fiscal revenue increased by 15% year-over-year following strong customer demand and operational efficiency.,2,jpmorgan reported that fiscal revenue increased by 15 percent year-over-year following strong customer demand and operational efficiency.
JPMorgan reported that fiscal revenue grew by 8% year-over-year following strong customer demand and operational efficiency.,2,jpmorgan reported that fiscal revenue grew by 8 percent year-over-year following strong customer demand and operational efficiency.
JPMorgan reported that fiscal revenue grew by 12% year-over-year following strong customer demand and operational efficiency.,2,jpmorgan reported that fiscal revenue grew by 12 percent year-over-year following strong customer demand and operational efficiency.
JPMorgan reported that fiscal revenue grew by 15% year-over-year following strong customer demand and operational efficiency.,2,jpmorgan reported that fiscal revenue grew by 15 percent year-over-year following strong customer demand and operational efficiency.
JPMorgan reported that fiscal revenue surged by 8% year-over-year following strong customer demand and operational efficiency.,2,jpmorgan reported that fiscal revenue surged by 8 percent year-over-year following strong customer demand and operational efficiency.
JPMorgan reported that fiscal revenue surged by 12% year-over-year following strong customer demand and operational efficiency.,2,jpmorgan reported that fiscal revenue surged by 12 percent year-over-year following strong customer demand and operational efficiency.
JPMorgan reported that fiscal revenue surged by 15% year-over-year following strong customer demand and operational efficiency.,2,jpmorgan reported that fiscal revenue surged by 15 percent year-over-year following strong customer demand and operational efficiency.
JPMorgan reported that fiscal operating income increased by 8% year-over-year following strong customer demand and operational efficiency.,2,jpmorgan reported that fiscal operating income increased by 8 percent year-over-year following strong customer demand and operational efficiency.
JPMorgan reported that fiscal operating income increased by 12% year-over-year following strong customer demand and operational efficiency.,2,jpmorgan reported that fiscal operating income increased by 12 percent year-over-year following strong customer demand and operational efficiency.
JPMorgan reported that fiscal operating income increased by 15% year-over-year following strong customer demand and operational efficiency.,2,jpmorgan reported that fiscal operating income increased by 15 percent year-over-year following strong customer demand and operational efficiency.
JPMorgan reported that fiscal operating income grew by 8% year-over-year following strong customer demand and operational efficiency.,2,jpmorgan reported that fiscal operating income grew by 8 percent year-over-year following strong customer demand and operational efficiency.
JPMorgan reported that fiscal operating income grew by 12% year-over-year following strong customer demand and operational efficiency.,2,jpmorgan reported that fiscal operating income grew by 12 percent year-over-year following strong customer demand and operational efficiency.
JPMorgan reported that fiscal operating income grew by 15% year-over-year following strong customer demand and operational efficiency.,2,jpmorgan reported that fiscal operating income grew by 15 percent year-over-year following strong customer demand and operational efficiency.
JPMorgan reported that fiscal operating income surged by 8% year-over-year following strong customer demand and operational efficiency.,2,jpmorgan reported that fiscal operating income surged by 8 percent year-over-year following strong customer demand and operational efficiency.
JPMorgan reported that fiscal operating income surged by 12% year-over-year following strong customer demand and operational efficiency.,2,jpmorgan reported that fiscal operating income surged by 12 percent year-over-year following strong customer demand and operational efficiency.
JPMorgan reported that fiscal operating income surged by 15% year-over-year following strong customer demand and operational efficiency.,2,jpmorgan reported that fiscal operating income surged by 15 percent year-over-year following strong customer demand and operational efficiency.
JPMorgan reported that fiscal net profit increased by 8% year-over-year following strong customer demand and operational efficiency.,2,jpmorgan reported that fiscal net profit increased by 8 percent year-over-year following strong customer demand and operational efficiency.
JPMorgan reported that fiscal net profit increased by 12% year-over-year following strong customer demand and operational efficiency.,2,jpmorgan reported that fiscal net profit increased by 12 percent year-over-year following strong customer demand and operational efficiency.
JPMorgan reported that fiscal net profit increased by 15% year-over-year following strong customer demand and operational efficiency.,2,jpmorgan reported that fiscal net profit increased by 15 percent year-over-year following strong customer demand and operational efficiency.
JPMorgan reported that fiscal net profit grew by 8% year-over-year following strong customer demand and operational efficiency.,2,jpmorgan reported that fiscal net profit grew by 8 percent year-over-year following strong customer demand and operational efficiency.
JPMorgan reported that fiscal net profit grew by 12% year-over-year following strong customer demand and operational efficiency.,2,jpmorgan reported that fiscal net profit grew by 12 percent year-over-year following strong customer demand and operational efficiency.
JPMorgan reported that fiscal net profit grew by 15% year-over-year following strong customer demand and operational efficiency.,2,jpmorgan reported that fiscal net profit grew by 15 percent year-over-year following strong customer demand and operational efficiency.
JPMorgan reported that fiscal net profit surged by 8% year-over-year following strong customer demand and operational efficiency.,2,jpmorgan reported that fiscal net profit surged by 8 percent year-over-year following strong customer demand and operational efficiency.
JPMorgan reported that fiscal net profit surged by 12% year-over-year following strong customer demand and operational efficiency.,2,jpmorgan reported that fiscal net profit surged by 12 percent year-over-year following strong customer demand and operational efficiency.
JPMorgan reported that fiscal net profit surged by 15% year-over-year following strong customer demand and operational efficiency.,2,jpmorgan reported that fiscal net profit surged by 15 percent year-over-year following strong customer demand and operational efficiency.
JPMorgan reported that fiscal quarterly earnings increased by 8% year-over-year following strong customer demand and operational efficiency.,2,jpmorgan reported that fiscal quarterly earnings increased by 8 percent year-over-year following strong customer demand and operational efficiency.
JPMorgan reported that fiscal quarterly earnings increased by 12% year-over-year following strong customer demand and operational efficiency.,2,jpmorgan reported that fiscal quarterly earnings increased by 12 percent year-over-year following strong customer demand and operational efficiency.
JPMorgan reported that fiscal quarterly earnings increased by 15% year-over-year following strong customer demand and operational efficiency.,2,jpmorgan reported that fiscal quarterly earnings increased by 15 percent year-over-year following strong customer demand and operational efficiency.
JPMorgan reported that fiscal quarterly earnings grew by 8% year-over-year following strong customer demand and operational efficiency.,2,jpmorgan reported that fiscal quarterly earnings grew by 8 percent year-over-year following strong customer demand and operational efficiency.
JPMorgan reported that fiscal quarterly earnings grew by 12% year-over-year following strong customer demand and operational efficiency.,2,jpmorgan reported that fiscal quarterly earnings grew by 12 percent year-over-year following strong customer demand and operational efficiency.
JPMorgan reported that fiscal quarterly earnings grew by 15% year-over-year following strong customer demand and operational efficiency.,2,jpmorgan reported that fiscal quarterly earnings grew by 15 percent year-over-year following strong customer demand and operational efficiency.
JPMorgan reported that fiscal quarterly earnings surged by 8% year-over-year following strong customer demand and operational efficiency.,2,jpmorgan reported that fiscal quarterly earnings surged by 8 percent year-over-year following strong customer demand and operational efficiency.
JPMorgan reported that fiscal quarterly earnings surged by 12% year-over-year following strong customer demand and operational efficiency.,2,jpmorgan reported that fiscal quarterly earnings surged by 12 percent year-over-year following strong customer demand and operational efficiency.
JPMorgan reported that fiscal quarterly earnings surged by 15% year-over-year following strong customer demand and operational efficiency.,2,jpmorgan reported that fiscal quarterly earnings surged by 15 percent year-over-year following strong customer demand and operational efficiency.
JPMorgan reported that fiscal EBITDA margin increased by 8% year-over-year following strong customer demand and operational efficiency.,2,jpmorgan reported that fiscal ebitda margin increased by 8 percent year-over-year following strong customer demand and operational efficiency.
JPMorgan reported that fiscal EBITDA margin increased by 12% year-over-year following strong customer demand and operational efficiency.,2,jpmorgan reported that fiscal ebitda margin increased by 12 percent year-over-year following strong customer demand and operational efficiency.
JPMorgan reported that fiscal EBITDA margin increased by 15% year-over-year following strong customer demand and operational efficiency.,2,jpmorgan reported that fiscal ebitda margin increased by 15 percent year-over-year following strong customer demand and operational efficiency.
JPMorgan reported that fiscal EBITDA margin grew by 8% year-over-year following strong customer demand and operational efficiency.,2,jpmorgan reported that fiscal ebitda margin grew by 8 percent year-over-year following strong customer demand and operational efficiency.
JPMorgan reported that fiscal EBITDA margin grew by 12% year-over-year following strong customer demand and operational efficiency.,2,jpmorgan reported that fiscal ebitda margin grew by 12 percent year-over-year following strong customer demand and operational efficiency.
JPMorgan reported that fiscal EBITDA margin grew by 15% year-over-year following strong customer demand and operational efficiency.,2,jpmorgan reported that fiscal ebitda margin grew by 15 percent year-over-year following strong customer demand and operational efficiency.
JPMorgan reported that fiscal EBITDA margin surged by 8% year-over-year following strong customer demand and operational efficiency.,2,jpmorgan reported that fiscal ebitda margin surged by 8 percent year-over-year following strong customer demand and operational efficiency.
JPMorgan reported that fiscal EBITDA margin surged by 12% year-over-year following strong customer demand and operational efficiency.,2,jpmorgan reported that fiscal ebitda margin surged by 12 percent year-over-year following strong customer demand and operational efficiency.
JPMorgan reported that fiscal EBITDA margin surged by 15% year-over-year following strong customer demand and operational efficiency.,2,jpmorgan reported that fiscal ebitda margin surged by 15 percent year-over-year following strong customer demand and operational efficiency.
JPMorgan reported that fiscal free cash flow increased by 8% year-over-year following strong customer demand and operational efficiency.,2,jpmorgan reported that fiscal free cash flow increased by 8 percent year-over-year following strong customer demand and operational efficiency.
JPMorgan reported that fiscal free cash flow increased by 12% year-over-year following strong customer demand and operational efficiency.,2,jpmorgan reported that fiscal free cash flow increased by 12 percent year-over-year following strong customer demand and operational efficiency.
JPMorgan reported that fiscal free cash flow increased by 15% year-over-year following strong customer demand and operational efficiency.,2,jpmorgan reported that fiscal free cash flow increased by 15 percent year-over-year following strong customer demand and operational efficiency.
JPMorgan reported that fiscal free cash flow grew by 8% year-over-year following strong customer demand and operational efficiency.,2,jpmorgan reported that fiscal free cash flow grew by 8 percent year-over-year following strong customer demand and operational efficiency.
JPMorgan reported that fiscal free cash flow grew by 12% year-over-year following strong customer demand and operational efficiency.,2,jpmorgan reported that fiscal free cash flow grew by 12 percent year-over-year following strong customer demand and operational efficiency.
JPMorgan reported that fiscal free cash flow grew by 15% year-over-year following strong customer demand and operational efficiency.,2,jpmorgan reported that fiscal free cash flow grew by 15 percent year-over-year following strong customer demand and operational efficiency.
JPMorgan reported that fiscal free cash flow surged by 8% year-over-year following strong customer demand and operational efficiency.,2,jpmorgan reported that fiscal free cash flow surged by 8 percent year-over-year following strong customer demand and operational efficiency.
JPMorgan reported that fiscal free cash flow surged by 12% year-over-year following strong customer demand and operational efficiency.,2,jpmorgan reported that fiscal free cash flow surged by 12 percent year-over-year following strong customer demand and operational efficiency.
JPMorgan reported that fiscal free cash flow surged by 15% year-over-year following strong customer demand and operational efficiency.,2,jpmorgan reported that fiscal free cash flow surged by 15 percent year-over-year following strong customer demand and operational efficiency.
JPMorgan reported that fiscal top-line growth increased by 8% year-over-year following strong customer demand and operational efficiency.,2,jpmorgan reported that fiscal top-line growth increased by 8 percent year-over-year following strong customer demand and operational efficiency.
JPMorgan reported that fiscal top-line growth increased by 12% year-over-year following strong customer demand and operational efficiency.,2,jpmorgan reported that fiscal top-line growth increased by 12 percent year-over-year following strong customer demand and operational efficiency.
JPMorgan reported that fiscal top-line growth increased by 15% year-over-year following strong customer demand and operational efficiency.,2,jpmorgan reported that fiscal top-line growth increased by 15 percent year-over-year following strong customer demand and operational efficiency.
JPMorgan reported that fiscal top-line growth grew by 8% year-over-year following strong customer demand and operational efficiency.,2,jpmorgan reported that fiscal top-line growth grew by 8 percent year-over-year following strong customer demand and operational efficiency.
JPMorgan reported that fiscal top-line growth grew by 12% year-over-year following strong customer demand and operational efficiency.,2,jpmorgan reported that fiscal top-line growth grew by 12 percent year-over-year following strong customer demand and operational efficiency.
JPMorgan reported that fiscal top-line growth grew by 15% year-over-year following strong customer demand and operational efficiency.,2,jpmorgan reported that fiscal top-line growth grew by 15 percent year-over-year following strong customer demand and operational efficiency.
JPMorgan reported that fiscal top-line growth surged by 8% year-over-year following strong customer demand and operational efficiency.,2,jpmorgan reported that fiscal top-line growth surged by 8 percent year-over-year following strong customer demand and operational efficiency.
JPMorgan reported that fiscal top-line growth surged by 12% year-over-year following strong customer demand and operational efficiency.,2,jpmorgan reported that fiscal top-line growth surged by 12 percent year-over-year following strong customer demand and operational efficiency.
JPMorgan reported that fiscal top-line growth surged by 15% year-over-year following strong customer demand and operational efficiency.,2,jpmorgan reported that fiscal top-line growth surged by 15 percent year-over-year following strong customer demand and operational efficiency.
JPMorgan reported that fiscal subscription sales increased by 8% year-over-year following strong customer demand and operational efficiency.,2,jpmorgan reported that fiscal subscription sales increased by 8 percent year-over-year following strong customer demand and operational efficiency.
JPMorgan reported that fiscal subscription sales increased by 12% year-over-year following strong customer demand and operational efficiency.,2,jpmorgan reported that fiscal subscription sales increased by 12 percent year-over-year following strong customer demand and operational efficiency.
JPMorgan reported that fiscal subscription sales increased by 15% year-over-year following strong customer demand and operational efficiency.,2,jpmorgan reported that fiscal subscription sales increased by 15 percent year-over-year following strong customer demand and operational efficiency.
JPMorgan reported that fiscal subscription sales grew by 8% year-over-year following strong customer demand and operational efficiency.,2,jpmorgan reported that fiscal subscription sales grew by 8 percent year-over-year following strong customer demand and operational efficiency.
JPMorgan reported that fiscal subscription sales grew by 12% year-over-year following strong customer demand and operational efficiency.,2,jpmorgan reported that fiscal subscription sales grew by 12 percent year-over-year following strong customer demand and operational efficiency.
JPMorgan reported that fiscal subscription sales grew by 15% year-over-year following strong customer demand and operational efficiency.,2,jpmorgan reported that fiscal subscription sales grew by 15 percent year-over-year following strong customer demand and operational efficiency.
JPMorgan reported that fiscal subscription sales surged by 8% year-over-year following strong customer demand and operational efficiency.,2,jpmorgan reported that fiscal subscription sales surged by 8 percent year-over-year following strong customer demand and operational efficiency.
JPMorgan reported that fiscal subscription sales surged by 12% year-over-year following strong customer demand and operational efficiency.,2,jpmorgan reported that fiscal subscription sales surged by 12 percent year-over-year following strong customer demand and operational efficiency.
JPMorgan reported that fiscal subscription sales surged by 15% year-over-year following strong customer demand and operational efficiency.,2,jpmorgan reported that fiscal subscription sales surged by 15 percent year-over-year following strong customer demand and operational efficiency.
Nvidia reported that fiscal revenue increased by 8% year-over-year following strong customer demand and operational efficiency.,2,nvidia reported that fiscal revenue increased by 8 percent year-over-year following strong customer demand and operational efficiency.
Nvidia reported that fiscal revenue increased by 12% year-over-year following strong customer demand and operational efficiency.,2,nvidia reported that fiscal revenue increased by 12 percent year-over-year following strong customer demand and operational efficiency.
Nvidia reported that fiscal revenue increased by 15% year-over-year following strong customer demand and operational efficiency.,2,nvidia reported that fiscal revenue increased by 15 percent year-over-year following strong customer demand and operational efficiency.
Nvidia reported that fiscal revenue grew by 8% year-over-year following strong customer demand and operational efficiency.,2,nvidia reported that fiscal revenue grew by 8 percent year-over-year following strong customer demand and operational efficiency.
Nvidia reported that fiscal revenue grew by 12% year-over-year following strong customer demand and operational efficiency.,2,nvidia reported that fiscal revenue grew by 12 percent year-over-year following strong customer demand and operational efficiency.
Nvidia reported that fiscal revenue grew by 15% year-over-year following strong customer demand and operational efficiency.,2,nvidia reported that fiscal revenue grew by 15 percent year-over-year following strong customer demand and operational efficiency.
Nvidia reported that fiscal revenue surged by 8% year-over-year following strong customer demand and operational efficiency.,2,nvidia reported that fiscal revenue surged by 8 percent year-over-year following strong customer demand and operational efficiency.
Nvidia reported that fiscal revenue surged by 12% year-over-year following strong customer demand and operational efficiency.,2,nvidia reported that fiscal revenue surged by 12 percent year-over-year following strong customer demand and operational efficiency.
Nvidia reported that fiscal revenue surged by 15% year-over-year following strong customer demand and operational efficiency.,2,nvidia reported that fiscal revenue surged by 15 percent year-over-year following strong customer demand and operational efficiency.
Nvidia reported that fiscal operating income increased by 8% year-over-year following strong customer demand and operational efficiency.,2,nvidia reported that fiscal operating income increased by 8 percent year-over-year following strong customer demand and operational efficiency.
Nvidia reported that fiscal operating income increased by 12% year-over-year following strong customer demand and operational efficiency.,2,nvidia reported that fiscal operating income increased by 12 percent year-over-year following strong customer demand and operational efficiency.
Nvidia reported that fiscal operating income increased by 15% year-over-year following strong customer demand and operational efficiency.,2,nvidia reported that fiscal operating income increased by 15 percent year-over-year following strong customer demand and operational efficiency.
Nvidia reported that fiscal operating income grew by 8% year-over-year following strong customer demand and operational efficiency.,2,nvidia reported that fiscal operating income grew by 8 percent year-over-year following strong customer demand and operational efficiency.
Nvidia reported that fiscal operating income grew by 12% year-over-year following strong customer demand and operational efficiency.,2,nvidia reported that fiscal operating income grew by 12 percent year-over-year following strong customer demand and operational efficiency.
Nvidia reported that fiscal operating income grew by 15% year-over-year following strong customer demand and operational efficiency.,2,nvidia reported that fiscal operating income grew by 15 percent year-over-year following strong customer demand and operational efficiency.
Nvidia reported that fiscal operating income surged by 8% year-over-year following strong customer demand and operational efficiency.,2,nvidia reported that fiscal operating income surged by 8 percent year-over-year following strong customer demand and operational efficiency.
Nvidia reported that fiscal operating income surged by 12% year-over-year following strong customer demand and operational efficiency.,2,nvidia reported that fiscal operating income surged by 12 percent year-over-year following strong customer demand and operational efficiency.
Nvidia reported that fiscal operating income surged by 15% year-over-year following strong customer demand and operational efficiency.,2,nvidia reported that fiscal operating income surged by 15 percent year-over-year following strong customer demand and operational efficiency.
Nvidia reported that fiscal net profit increased by 8% year-over-year following strong customer demand and operational efficiency.,2,nvidia reported that fiscal net profit increased by 8 percent year-over-year following strong customer demand and operational efficiency.
Nvidia reported that fiscal net profit increased by 12% year-over-year following strong customer demand and operational efficiency.,2,nvidia reported that fiscal net profit increased by 12 percent year-over-year following strong customer demand and operational efficiency.
Nvidia reported that fiscal net profit increased by 15% year-over-year following strong customer demand and operational efficiency.,2,nvidia reported that fiscal net profit increased by 15 percent year-over-year following strong customer demand and operational efficiency.
Nvidia reported that fiscal net profit grew by 8% year-over-year following strong customer demand and operational efficiency.,2,nvidia reported that fiscal net profit grew by 8 percent year-over-year following strong customer demand and operational efficiency.
Nvidia reported that fiscal net profit grew by 12% year-over-year following strong customer demand and operational efficiency.,2,nvidia reported that fiscal net profit grew by 12 percent year-over-year following strong customer demand and operational efficiency.
Nvidia reported that fiscal net profit grew by 15% year-over-year following strong customer demand and operational efficiency.,2,nvidia reported that fiscal net profit grew by 15 percent year-over-year following strong customer demand and operational efficiency.
Nvidia reported that fiscal net profit surged by 8% year-over-year following strong customer demand and operational efficiency.,2,nvidia reported that fiscal net profit surged by 8 percent year-over-year following strong customer demand and operational efficiency.
Nvidia reported that fiscal net profit surged by 12% year-over-year following strong customer demand and operational efficiency.,2,nvidia reported that fiscal net profit surged by 12 percent year-over-year following strong customer demand and operational efficiency.
Nvidia reported that fiscal net profit surged by 15% year-over-year following strong customer demand and operational efficiency.,2,nvidia reported that fiscal net profit surged by 15 percent year-over-year following strong customer demand and operational efficiency.
Nvidia reported that fiscal quarterly earnings increased by 8% year-over-year following strong customer demand and operational efficiency.,2,nvidia reported that fiscal quarterly earnings increased by 8 percent year-over-year following strong customer demand and operational efficiency.
Nvidia reported that fiscal quarterly earnings increased by 12% year-over-year following strong customer demand and operational efficiency.,2,nvidia reported that fiscal quarterly earnings increased by 12 percent year-over-year following strong customer demand and operational efficiency.
Nvidia reported that fiscal quarterly earnings increased by 15% year-over-year following strong customer demand and operational efficiency.,2,nvidia reported that fiscal quarterly earnings increased by 15 percent year-over-year following strong customer demand and operational efficiency.
Nvidia reported that fiscal quarterly earnings grew by 8% year-over-year following strong customer demand and operational efficiency.,2,nvidia reported that fiscal quarterly earnings grew by 8 percent year-over-year following strong customer demand and operational efficiency.
Nvidia reported that fiscal quarterly earnings grew by 12% year-over-year following strong customer demand and operational efficiency.,2,nvidia reported that fiscal quarterly earnings grew by 12 percent year-over-year following strong customer demand and operational efficiency.
Nvidia reported that fiscal quarterly earnings grew by 15% year-over-year following strong customer demand and operational efficiency.,2,nvidia reported that fiscal quarterly earnings grew by 15 percent year-over-year following strong customer demand and operational efficiency.
Nvidia reported that fiscal quarterly earnings surged by 8% year-over-year following strong customer demand and operational efficiency.,2,nvidia reported that fiscal quarterly earnings surged by 8 percent year-over-year following strong customer demand and operational efficiency.
Nvidia reported that fiscal quarterly earnings surged by 12% year-over-year following strong customer demand and operational efficiency.,2,nvidia reported that fiscal quarterly earnings surged by 12 percent year-over-year following strong customer demand and operational efficiency.
Nvidia reported that fiscal quarterly earnings surged by 15% year-over-year following strong customer demand and operational efficiency.,2,nvidia reported that fiscal quarterly earnings surged by 15 percent year-over-year following strong customer demand and operational efficiency.
Nvidia reported that fiscal EBITDA margin increased by 8% year-over-year following strong customer demand and operational efficiency.,2,nvidia reported that fiscal ebitda margin increased by 8 percent year-over-year following strong customer demand and operational efficiency.
Nvidia reported that fiscal EBITDA margin increased by 12% year-over-year following strong customer demand and operational efficiency.,2,nvidia reported that fiscal ebitda margin increased by 12 percent year-over-year following strong customer demand and operational efficiency.
Nvidia reported that fiscal EBITDA margin increased by 15% year-over-year following strong customer demand and operational efficiency.,2,nvidia reported that fiscal ebitda margin increased by 15 percent year-over-year following strong customer demand and operational efficiency.
Nvidia reported that fiscal EBITDA margin grew by 8% year-over-year following strong customer demand and operational efficiency.,2,nvidia reported that fiscal ebitda margin grew by 8 percent year-over-year following strong customer demand and operational efficiency.
Nvidia reported that fiscal EBITDA margin grew by 12% year-over-year following strong customer demand and operational efficiency.,2,nvidia reported that fiscal ebitda margin grew by 12 percent year-over-year following strong customer demand and operational efficiency.
Nvidia reported that fiscal EBITDA margin grew by 15% year-over-year following strong customer demand and operational efficiency.,2,nvidia reported that fiscal ebitda margin grew by 15 percent year-over-year following strong customer demand and operational efficiency.
Nvidia reported that fiscal EBITDA margin surged by 8% year-over-year following strong customer demand and operational efficiency.,2,nvidia reported that fiscal ebitda margin surged by 8 percent year-over-year following strong customer demand and operational efficiency.
Nvidia reported that fiscal EBITDA margin surged by 12% year-over-year following strong customer demand and operational efficiency.,2,nvidia reported that fiscal ebitda margin surged by 12 percent year-over-year following strong customer demand and operational efficiency.
Nvidia reported that fiscal EBITDA margin surged by 15% year-over-year following strong customer demand and operational efficiency.,2,nvidia reported that fiscal ebitda margin surged by 15 percent year-over-year following strong customer demand and operational efficiency.
Nvidia reported that fiscal free cash flow increased by 8% year-over-year following strong customer demand and operational efficiency.,2,nvidia reported that fiscal free cash flow increased by 8 percent year-over-year following strong customer demand and operational efficiency.
Nvidia reported that fiscal free cash flow increased by 12% year-over-year following strong customer demand and operational efficiency.,2,nvidia reported that fiscal free cash flow increased by 12 percent year-over-year following strong customer demand and operational efficiency.
Nvidia reported that fiscal free cash flow increased by 15% year-over-year following strong customer demand and operational efficiency.,2,nvidia reported that fiscal free cash flow increased by 15 percent year-over-year following strong customer demand and operational efficiency.
Nvidia reported that fiscal free cash flow grew by 8% year-over-year following strong customer demand and operational efficiency.,2,nvidia reported that fiscal free cash flow grew by 8 percent year-over-year following strong customer demand and operational efficiency.
Nvidia reported that fiscal free cash flow grew by 12% year-over-year following strong customer demand and operational efficiency.,2,nvidia reported that fiscal free cash flow grew by 12 percent year-over-year following strong customer demand and operational efficiency.
Nvidia reported that fiscal free cash flow grew by 15% year-over-year following strong customer demand and operational efficiency.,2,nvidia reported that fiscal free cash flow grew by 15 percent year-over-year following strong customer demand and operational efficiency.
Nvidia reported that fiscal free cash flow surged by 8% year-over-year following strong customer demand and operational efficiency.,2,nvidia reported that fiscal free cash flow surged by 8 percent year-over-year following strong customer demand and operational efficiency.
Nvidia reported that fiscal free cash flow surged by 12% year-over-year following strong customer demand and operational efficiency.,2,nvidia reported that fiscal free cash flow surged by 12 percent year-over-year following strong customer demand and operational efficiency.
Nvidia reported that fiscal free cash flow surged by 15% year-over-year following strong customer demand and operational efficiency.,2,nvidia reported that fiscal free cash flow surged by 15 percent year-over-year following strong customer demand and operational efficiency.
Nvidia reported that fiscal top-line growth increased by 8% year-over-year following strong customer demand and operational efficiency.,2,nvidia reported that fiscal top-line growth increased by 8 percent year-over-year following strong customer demand and operational efficiency.
Nvidia reported that fiscal top-line growth increased by 12% year-over-year following strong customer demand and operational efficiency.,2,nvidia reported that fiscal top-line growth increased by 12 percent year-over-year following strong customer demand and operational efficiency.
Nvidia reported that fiscal top-line growth increased by 15% year-over-year following strong customer demand and operational efficiency.,2,nvidia reported that fiscal top-line growth increased by 15 percent year-over-year following strong customer demand and operational efficiency.
Nvidia reported that fiscal top-line growth grew by 8% year-over-year following strong customer demand and operational efficiency.,2,nvidia reported that fiscal top-line growth grew by 8 percent year-over-year following strong customer demand and operational efficiency.
Nvidia reported that fiscal top-line growth grew by 12% year-over-year following strong customer demand and operational efficiency.,2,nvidia reported that fiscal top-line growth grew by 12 percent year-over-year following strong customer demand and operational efficiency.
Nvidia reported that fiscal top-line growth grew by 15% year-over-year following strong customer demand and operational efficiency.,2,nvidia reported that fiscal top-line growth grew by 15 percent year-over-year following strong customer demand and operational efficiency.
Nvidia reported that fiscal top-line growth surged by 8% year-over-year following strong customer demand and operational efficiency.,2,nvidia reported that fiscal top-line growth surged by 8 percent year-over-year following strong customer demand and operational efficiency.
Nvidia reported that fiscal top-line growth surged by 12% year-over-year following strong customer demand and operational efficiency.,2,nvidia reported that fiscal top-line growth surged by 12 percent year-over-year following strong customer demand and operational efficiency.
Nvidia reported that fiscal top-line growth surged by 15% year-over-year following strong customer demand and operational efficiency.,2,nvidia reported that fiscal top-line growth surged by 15 percent year-over-year following strong customer demand and operational efficiency.
Nvidia reported that fiscal subscription sales increased by 8% year-over-year following strong customer demand and operational efficiency.,2,nvidia reported that fiscal subscription sales increased by 8 percent year-over-year following strong customer demand and operational efficiency.
Nvidia reported that fiscal subscription sales increased by 12% year-over-year following strong customer demand and operational efficiency.,2,nvidia reported that fiscal subscription sales increased by 12 percent year-over-year following strong customer demand and operational efficiency.
Nvidia reported that fiscal subscription sales increased by 15% year-over-year following strong customer demand and operational efficiency.,2,nvidia reported that fiscal subscription sales increased by 15 percent year-over-year following strong customer demand and operational efficiency.
Nvidia reported that fiscal subscription sales grew by 8% year-over-year following strong customer demand and operational efficiency.,2,nvidia reported that fiscal subscription sales grew by 8 percent year-over-year following strong customer demand and operational efficiency.
Nvidia reported that fiscal subscription sales grew by 12% year-over-year following strong customer demand and operational efficiency.,2,nvidia reported that fiscal subscription sales grew by 12 percent year-over-year following strong customer demand and operational efficiency.
Nvidia reported that fiscal subscription sales grew by 15% year-over-year following strong customer demand and operational efficiency.,2,nvidia reported that fiscal subscription sales grew by 15 percent year-over-year following strong customer demand and operational efficiency.
Nvidia reported that fiscal subscription sales surged by 8% year-over-year following strong customer demand and operational efficiency.,2,nvidia reported that fiscal subscription sales surged by 8 percent year-over-year following strong customer demand and operational efficiency.
Nvidia reported that fiscal subscription sales surged by 12% year-over-year following strong customer demand and operational efficiency.,2,nvidia reported that fiscal subscription sales surged by 12 percent year-over-year following strong customer demand and operational efficiency.
Nvidia reported that fiscal subscription sales surged by 15% year-over-year following strong customer demand and operational efficiency.,2,nvidia reported that fiscal subscription sales surged by 15 percent year-over-year following strong customer demand and operational efficiency.
Reliance reported that fiscal revenue increased by 8% year-over-year following strong customer demand and operational efficiency.,2,reliance reported that fiscal revenue increased by 8 percent year-over-year following strong customer demand and operational efficiency.
Reliance reported that fiscal revenue increased by 12% year-over-year following strong customer demand and operational efficiency.,2,reliance reported that fiscal revenue increased by 12 percent year-over-year following strong customer demand and operational efficiency.
Reliance reported that fiscal revenue increased by 15% year-over-year following strong customer demand and operational efficiency.,2,reliance reported that fiscal revenue increased by 15 percent year-over-year following strong customer demand and operational efficiency.
Reliance reported that fiscal revenue grew by 8% year-over-year following strong customer demand and operational efficiency.,2,reliance reported that fiscal revenue grew by 8 percent year-over-year following strong customer demand and operational efficiency.
Reliance reported that fiscal revenue grew by 12% year-over-year following strong customer demand and operational efficiency.,2,reliance reported that fiscal revenue grew by 12 percent year-over-year following strong customer demand and operational efficiency.
Reliance reported that fiscal revenue grew by 15% year-over-year following strong customer demand and operational efficiency.,2,reliance reported that fiscal revenue grew by 15 percent year-over-year following strong customer demand and operational efficiency.
Reliance reported that fiscal revenue surged by 8% year-over-year following strong customer demand and operational efficiency.,2,reliance reported that fiscal revenue surged by 8 percent year-over-year following strong customer demand and operational efficiency.
Reliance reported that fiscal revenue surged by 12% year-over-year following strong customer demand and operational efficiency.,2,reliance reported that fiscal revenue surged by 12 percent year-over-year following strong customer demand and operational efficiency.
Reliance reported that fiscal revenue surged by 15% year-over-year following strong customer demand and operational efficiency.,2,reliance reported that fiscal revenue surged by 15 percent year-over-year following strong customer demand and operational efficiency.
Reliance reported that fiscal operating income increased by 8% year-over-year following strong customer demand and operational efficiency.,2,reliance reported that fiscal operating income increased by 8 percent year-over-year following strong customer demand and operational efficiency.
Reliance reported that fiscal operating income increased by 12% year-over-year following strong customer demand and operational efficiency.,2,reliance reported that fiscal operating income increased by 12 percent year-over-year following strong customer demand and operational efficiency.
Reliance reported that fiscal operating income increased by 15% year-over-year following strong customer demand and operational efficiency.,2,reliance reported that fiscal operating income increased by 15 percent year-over-year following strong customer demand and operational efficiency.
Reliance reported that fiscal operating income grew by 8% year-over-year following strong customer demand and operational efficiency.,2,reliance reported that fiscal operating income grew by 8 percent year-over-year following strong customer demand and operational efficiency.
Reliance reported that fiscal operating income grew by 12% year-over-year following strong customer demand and operational efficiency.,2,reliance reported that fiscal operating income grew by 12 percent year-over-year following strong customer demand and operational efficiency.
Reliance reported that fiscal operating income grew by 15% year-over-year following strong customer demand and operational efficiency.,2,reliance reported that fiscal operating income grew by 15 percent year-over-year following strong customer demand and operational efficiency.
Reliance reported that fiscal operating income surged by 8% year-over-year following strong customer demand and operational efficiency.,2,reliance reported that fiscal operating income surged by 8 percent year-over-year following strong customer demand and operational efficiency.
Reliance reported that fiscal operating income surged by 12% year-over-year following strong customer demand and operational efficiency.,2,reliance reported that fiscal operating income surged by 12 percent year-over-year following strong customer demand and operational efficiency.
Reliance reported that fiscal operating income surged by 15% year-over-year following strong customer demand and operational efficiency.,2,reliance reported that fiscal operating income surged by 15 percent year-over-year following strong customer demand and operational efficiency.
Reliance reported that fiscal net profit increased by 8% year-over-year following strong customer demand and operational efficiency.,2,reliance reported that fiscal net profit increased by 8 percent year-over-year following strong customer demand and operational efficiency.
Reliance reported that fiscal net profit increased by 12% year-over-year following strong customer demand and operational efficiency.,2,reliance reported that fiscal net profit increased by 12 percent year-over-year following strong customer demand and operational efficiency.
Reliance reported that fiscal net profit increased by 15% year-over-year following strong customer demand and operational efficiency.,2,reliance reported that fiscal net profit increased by 15 percent year-over-year following strong customer demand and operational efficiency.
Reliance reported that fiscal net profit grew by 8% year-over-year following strong customer demand and operational efficiency.,2,reliance reported that fiscal net profit grew by 8 percent year-over-year following strong customer demand and operational efficiency.
Reliance reported that fiscal net profit grew by 12% year-over-year following strong customer demand and operational efficiency.,2,reliance reported that fiscal net profit grew by 12 percent year-over-year following strong customer demand and operational efficiency.
Reliance reported that fiscal net profit grew by 15% year-over-year following strong customer demand and operational efficiency.,2,reliance reported that fiscal net profit grew by 15 percent year-over-year following strong customer demand and operational efficiency.
Reliance reported that fiscal net profit surged by 8% year-over-year following strong customer demand and operational efficiency.,2,reliance reported that fiscal net profit surged by 8 percent year-over-year following strong customer demand and operational efficiency.
Reliance reported that fiscal net profit surged by 12% year-over-year following strong customer demand and operational efficiency.,2,reliance reported that fiscal net profit surged by 12 percent year-over-year following strong customer demand and operational efficiency.
Reliance reported that fiscal net profit surged by 15% year-over-year following strong customer demand and operational efficiency.,2,reliance reported that fiscal net profit surged by 15 percent year-over-year following strong customer demand and operational efficiency.
Reliance reported that fiscal quarterly earnings increased by 8% year-over-year following strong customer demand and operational efficiency.,2,reliance reported that fiscal quarterly earnings increased by 8 percent year-over-year following strong customer demand and operational efficiency.
Reliance reported that fiscal quarterly earnings increased by 12% year-over-year following strong customer demand and operational efficiency.,2,reliance reported that fiscal quarterly earnings increased by 12 percent year-over-year following strong customer demand and operational efficiency.
Reliance reported that fiscal quarterly earnings increased by 15% year-over-year following strong customer demand and operational efficiency.,2,reliance reported that fiscal quarterly earnings increased by 15 percent year-over-year following strong customer demand and operational efficiency.
Reliance reported that fiscal quarterly earnings grew by 8% year-over-year following strong customer demand and operational efficiency.,2,reliance reported that fiscal quarterly earnings grew by 8 percent year-over-year following strong customer demand and operational efficiency.
Reliance reported that fiscal quarterly earnings grew by 12% year-over-year following strong customer demand and operational efficiency.,2,reliance reported that fiscal quarterly earnings grew by 12 percent year-over-year following strong customer demand and operational efficiency.
Reliance reported that fiscal quarterly earnings grew by 15% year-over-year following strong customer demand and operational efficiency.,2,reliance reported that fiscal quarterly earnings grew by 15 percent year-over-year following strong customer demand and operational efficiency.
Reliance reported that fiscal quarterly earnings surged by 8% year-over-year following strong customer demand and operational efficiency.,2,reliance reported that fiscal quarterly earnings surged by 8 percent year-over-year following strong customer demand and operational efficiency.
Reliance reported that fiscal quarterly earnings surged by 12% year-over-year following strong customer demand and operational efficiency.,2,reliance reported that fiscal quarterly earnings surged by 12 percent year-over-year following strong customer demand and operational efficiency.
Reliance reported that fiscal quarterly earnings surged by 15% year-over-year following strong customer demand and operational efficiency.,2,reliance reported that fiscal quarterly earnings surged by 15 percent year-over-year following strong customer demand and operational efficiency.
Reliance reported that fiscal EBITDA margin increased by 8% year-over-year following strong customer demand and operational efficiency.,2,reliance reported that fiscal ebitda margin increased by 8 percent year-over-year following strong customer demand and operational efficiency.
Reliance reported that fiscal EBITDA margin increased by 12% year-over-year following strong customer demand and operational efficiency.,2,reliance reported that fiscal ebitda margin increased by 12 percent year-over-year following strong customer demand and operational efficiency.
Reliance reported that fiscal EBITDA margin increased by 15% year-over-year following strong customer demand and operational efficiency.,2,reliance reported that fiscal ebitda margin increased by 15 percent year-over-year following strong customer demand and operational efficiency.
Reliance reported that fiscal EBITDA margin grew by 8% year-over-year following strong customer demand and operational efficiency.,2,reliance reported that fiscal ebitda margin grew by 8 percent year-over-year following strong customer demand and operational efficiency.
Reliance reported that fiscal EBITDA margin grew by 12% year-over-year following strong customer demand and operational efficiency.,2,reliance reported that fiscal ebitda margin grew by 12 percent year-over-year following strong customer demand and operational efficiency.
Reliance reported that fiscal EBITDA margin grew by 15% year-over-year following strong customer demand and operational efficiency.,2,reliance reported that fiscal ebitda margin grew by 15 percent year-over-year following strong customer demand and operational efficiency.
Reliance reported that fiscal EBITDA margin surged by 8% year-over-year following strong customer demand and operational efficiency.,2,reliance reported that fiscal ebitda margin surged by 8 percent year-over-year following strong customer demand and operational efficiency.
Reliance reported that fiscal EBITDA margin surged by 12% year-over-year following strong customer demand and operational efficiency.,2,reliance reported that fiscal ebitda margin surged by 12 percent year-over-year following strong customer demand and operational efficiency.
Reliance reported that fiscal EBITDA margin surged by 15% year-over-year following strong customer demand and operational efficiency.,2,reliance reported that fiscal ebitda margin surged by 15 percent year-over-year following strong customer demand and operational efficiency.
Reliance reported that fiscal free cash flow increased by 8% year-over-year following strong customer demand and operational efficiency.,2,reliance reported that fiscal free cash flow increased by 8 percent year-over-year following strong customer demand and operational efficiency.
Reliance reported that fiscal free cash flow increased by 12% year-over-year following strong customer demand and operational efficiency.,2,reliance reported that fiscal free cash flow increased by 12 percent year-over-year following strong customer demand and operational efficiency.
Reliance reported that fiscal free cash flow increased by 15% year-over-year following strong customer demand and operational efficiency.,2,reliance reported that fiscal free cash flow increased by 15 percent year-over-year following strong customer demand and operational efficiency.
Reliance reported that fiscal free cash flow grew by 8% year-over-year following strong customer demand and operational efficiency.,2,reliance reported that fiscal free cash flow grew by 8 percent year-over-year following strong customer demand and operational efficiency.
Reliance reported that fiscal free cash flow grew by 12% year-over-year following strong customer demand and operational efficiency.,2,reliance reported that fiscal free cash flow grew by 12 percent year-over-year following strong customer demand and operational efficiency.
Reliance reported that fiscal free cash flow grew by 15% year-over-year following strong customer demand and operational efficiency.,2,reliance reported that fiscal free cash flow grew by 15 percent year-over-year following strong customer demand and operational efficiency.
Reliance reported that fiscal free cash flow surged by 8% year-over-year following strong customer demand and operational efficiency.,2,reliance reported that fiscal free cash flow surged by 8 percent year-over-year following strong customer demand and operational efficiency.
Reliance reported that fiscal free cash flow surged by 12% year-over-year following strong customer demand and operational efficiency.,2,reliance reported that fiscal free cash flow surged by 12 percent year-over-year following strong customer demand and operational efficiency.
Reliance reported that fiscal free cash flow surged by 15% year-over-year following strong customer demand and operational efficiency.,2,reliance reported that fiscal free cash flow surged by 15 percent year-over-year following strong customer demand and operational efficiency.
Reliance reported that fiscal top-line growth increased by 8% year-over-year following strong customer demand and operational efficiency.,2,reliance reported that fiscal top-line growth increased by 8 percent year-over-year following strong customer demand and operational efficiency.
Reliance reported that fiscal top-line growth increased by 12% year-over-year following strong customer demand and operational efficiency.,2,reliance reported that fiscal top-line growth increased by 12 percent year-over-year following strong customer demand and operational efficiency.
Reliance reported that fiscal top-line growth increased by 15% year-over-year following strong customer demand and operational efficiency.,2,reliance reported that fiscal top-line growth increased by 15 percent year-over-year following strong customer demand and operational efficiency.
Reliance reported that fiscal top-line growth grew by 8% year-over-year following strong customer demand and operational efficiency.,2,reliance reported that fiscal top-line growth grew by 8 percent year-over-year following strong customer demand and operational efficiency.
Reliance reported that fiscal top-line growth grew by 12% year-over-year following strong customer demand and operational efficiency.,2,reliance reported that fiscal top-line growth grew by 12 percent year-over-year following strong customer demand and operational efficiency.
Reliance reported that fiscal top-line growth grew by 15% year-over-year following strong customer demand and operational efficiency.,2,reliance reported that fiscal top-line growth grew by 15 percent year-over-year following strong customer demand and operational efficiency.
Reliance reported that fiscal top-line growth surged by 8% year-over-year following strong customer demand and operational efficiency.,2,reliance reported that fiscal top-line growth surged by 8 percent year-over-year following strong customer demand and operational efficiency.
Reliance reported that fiscal top-line growth surged by 12% year-over-year following strong customer demand and operational efficiency.,2,reliance reported that fiscal top-line growth surged by 12 percent year-over-year following strong customer demand and operational efficiency.
Reliance reported that fiscal top-line growth surged by 15% year-over-year following strong customer demand and operational efficiency.,2,reliance reported that fiscal top-line growth surged by 15 percent year-over-year following strong customer demand and operational efficiency.
Reliance reported that fiscal subscription sales increased by 8% year-over-year following strong customer demand and operational efficiency.,2,reliance reported that fiscal subscription sales increased by 8 percent year-over-year following strong customer demand and operational efficiency.
Reliance reported that fiscal subscription sales increased by 12% year-over-year following strong customer demand and operational efficiency.,2,reliance reported that fiscal subscription sales increased by 12 percent year-over-year following strong customer demand and operational efficiency.
Reliance reported that fiscal subscription sales increased by 15% year-over-year following strong customer demand and operational efficiency.,2,reliance reported that fiscal subscription sales increased by 15 percent year-over-year following strong customer demand and operational efficiency.
Reliance reported that fiscal subscription sales grew by 8% year-over-year following strong customer demand and operational efficiency.,2,reliance reported that fiscal subscription sales grew by 8 percent year-over-year following strong customer demand and operational efficiency.
Reliance reported that fiscal subscription sales grew by 12% year-over-year following strong customer demand and operational efficiency.,2,reliance reported that fiscal subscription sales grew by 12 percent year-over-year following strong customer demand and operational efficiency.
Reliance reported that fiscal subscription sales grew by 15% year-over-year following strong customer demand and operational efficiency.,2,reliance reported that fiscal subscription sales grew by 15 percent year-over-year following strong customer demand and operational efficiency.
Reliance reported that fiscal subscription sales surged by 8% year-over-year following strong customer demand and operational efficiency.,2,reliance reported that fiscal subscription sales surged by 8 percent year-over-year following strong customer demand and operational efficiency.
Reliance reported that fiscal subscription sales surged by 12% year-over-year following strong customer demand and operational efficiency.,2,reliance reported that fiscal subscription sales surged by 12 percent year-over-year following strong customer demand and operational efficiency.
Reliance reported that fiscal subscription sales surged by 15% year-over-year following strong customer demand and operational efficiency.,2,reliance reported that fiscal subscription sales surged by 15 percent year-over-year following strong customer demand and operational efficiency.
Meta reported that fiscal revenue increased by 8% year-over-year following strong customer demand and operational efficiency.,2,meta reported that fiscal revenue increased by 8 percent year-over-year following strong customer demand and operational efficiency.
Meta reported that fiscal revenue increased by 12% year-over-year following strong customer demand and operational efficiency.,2,meta reported that fiscal revenue increased by 12 percent year-over-year following strong customer demand and operational efficiency.
Meta reported that fiscal revenue increased by 15% year-over-year following strong customer demand and operational efficiency.,2,meta reported that fiscal revenue increased by 15 percent year-over-year following strong customer demand and operational efficiency.
Meta reported that fiscal revenue grew by 8% year-over-year following strong customer demand and operational efficiency.,2,meta reported that fiscal revenue grew by 8 percent year-over-year following strong customer demand and operational efficiency.
Meta reported that fiscal revenue grew by 12% year-over-year following strong customer demand and operational efficiency.,2,meta reported that fiscal revenue grew by 12 percent year-over-year following strong customer demand and operational efficiency.
Meta reported that fiscal revenue grew by 15% year-over-year following strong customer demand and operational efficiency.,2,meta reported that fiscal revenue grew by 15 percent year-over-year following strong customer demand and operational efficiency.
Meta reported that fiscal revenue surged by 8% year-over-year following strong customer demand and operational efficiency.,2,meta reported that fiscal revenue surged by 8 percent year-over-year following strong customer demand and operational efficiency.
Meta reported that fiscal revenue surged by 12% year-over-year following strong customer demand and operational efficiency.,2,meta reported that fiscal revenue surged by 12 percent year-over-year following strong customer demand and operational efficiency.
Meta reported that fiscal revenue surged by 15% year-over-year following strong customer demand and operational efficiency.,2,meta reported that fiscal revenue surged by 15 percent year-over-year following strong customer demand and operational efficiency.
Meta reported that fiscal operating income increased by 8% year-over-year following strong customer demand and operational efficiency.,2,meta reported that fiscal operating income increased by 8 percent year-over-year following strong customer demand and operational efficiency.
Meta reported that fiscal operating income increased by 12% year-over-year following strong customer demand and operational efficiency.,2,meta reported that fiscal operating income increased by 12 percent year-over-year following strong customer demand and operational efficiency.
Meta reported that fiscal operating income increased by 15% year-over-year following strong customer demand and operational efficiency.,2,meta reported that fiscal operating income increased by 15 percent year-over-year following strong customer demand and operational efficiency.
Meta reported that fiscal operating income grew by 8% year-over-year following strong customer demand and operational efficiency.,2,meta reported that fiscal operating income grew by 8 percent year-over-year following strong customer demand and operational efficiency.
Meta reported that fiscal operating income grew by 12% year-over-year following strong customer demand and operational efficiency.,2,meta reported that fiscal operating income grew by 12 percent year-over-year following strong customer demand and operational efficiency.
Meta reported that fiscal operating income grew by 15% year-over-year following strong customer demand and operational efficiency.,2,meta reported that fiscal operating income grew by 15 percent year-over-year following strong customer demand and operational efficiency.
Meta reported that fiscal operating income surged by 8% year-over-year following strong customer demand and operational efficiency.,2,meta reported that fiscal operating income surged by 8 percent year-over-year following strong customer demand and operational efficiency.
Meta reported that fiscal operating income surged by 12% year-over-year following strong customer demand and operational efficiency.,2,meta reported that fiscal operating income surged by 12 percent year-over-year following strong customer demand and operational efficiency.
Meta reported that fiscal operating income surged by 15% year-over-year following strong customer demand and operational efficiency.,2,meta reported that fiscal operating income surged by 15 percent year-over-year following strong customer demand and operational efficiency.
Meta reported that fiscal net profit increased by 8% year-over-year following strong customer demand and operational efficiency.,2,meta reported that fiscal net profit increased by 8 percent year-over-year following strong customer demand and operational efficiency.
Meta reported that fiscal net profit increased by 12% year-over-year following strong customer demand and operational efficiency.,2,meta reported that fiscal net profit increased by 12 percent year-over-year following strong customer demand and operational efficiency.
Meta reported that fiscal net profit increased by 15% year-over-year following strong customer demand and operational efficiency.,2,meta reported that fiscal net profit increased by 15 percent year-over-year following strong customer demand and operational efficiency.
Meta reported that fiscal net profit grew by 8% year-over-year following strong customer demand and operational efficiency.,2,meta reported that fiscal net profit grew by 8 percent year-over-year following strong customer demand and operational efficiency.
Meta reported that fiscal net profit grew by 12% year-over-year following strong customer demand and operational efficiency.,2,meta reported that fiscal net profit grew by 12 percent year-over-year following strong customer demand and operational efficiency.
Meta reported that fiscal net profit grew by 15% year-over-year following strong customer demand and operational efficiency.,2,meta reported that fiscal net profit grew by 15 percent year-over-year following strong customer demand and operational efficiency.
Meta reported that fiscal net profit surged by 8% year-over-year following strong customer demand and operational efficiency.,2,meta reported that fiscal net profit surged by 8 percent year-over-year following strong customer demand and operational efficiency.
Meta reported that fiscal net profit surged by 12% year-over-year following strong customer demand and operational efficiency.,2,meta reported that fiscal net profit surged by 12 percent year-over-year following strong customer demand and operational efficiency.
Meta reported that fiscal net profit surged by 15% year-over-year following strong customer demand and operational efficiency.,2,meta reported that fiscal net profit surged by 15 percent year-over-year following strong customer demand and operational efficiency.
Meta reported that fiscal quarterly earnings increased by 8% year-over-year following strong customer demand and operational efficiency.,2,meta reported that fiscal quarterly earnings increased by 8 percent year-over-year following strong customer demand and operational efficiency.
Meta reported that fiscal quarterly earnings increased by 12% year-over-year following strong customer demand and operational efficiency.,2,meta reported that fiscal quarterly earnings increased by 12 percent year-over-year following strong customer demand and operational efficiency.
Meta reported that fiscal quarterly earnings increased by 15% year-over-year following strong customer demand and operational efficiency.,2,meta reported that fiscal quarterly earnings increased by 15 percent year-over-year following strong customer demand and operational efficiency.
Meta reported that fiscal quarterly earnings grew by 8% year-over-year following strong customer demand and operational efficiency.,2,meta reported that fiscal quarterly earnings grew by 8 percent year-over-year following strong customer demand and operational efficiency.
Meta reported that fiscal quarterly earnings grew by 12% year-over-year following strong customer demand and operational efficiency.,2,meta reported that fiscal quarterly earnings grew by 12 percent year-over-year following strong customer demand and operational efficiency.
Meta reported that fiscal quarterly earnings grew by 15% year-over-year following strong customer demand and operational efficiency.,2,meta reported that fiscal quarterly earnings grew by 15 percent year-over-year following strong customer demand and operational efficiency.
Meta reported that fiscal quarterly earnings surged by 8% year-over-year following strong customer demand and operational efficiency.,2,meta reported that fiscal quarterly earnings surged by 8 percent year-over-year following strong customer demand and operational efficiency.
Meta reported that fiscal quarterly earnings surged by 12% year-over-year following strong customer demand and operational efficiency.,2,meta reported that fiscal quarterly earnings surged by 12 percent year-over-year following strong customer demand and operational efficiency.
Meta reported that fiscal quarterly earnings surged by 15% year-over-year following strong customer demand and operational efficiency.,2,meta reported that fiscal quarterly earnings surged by 15 percent year-over-year following strong customer demand and operational efficiency.
Meta reported that fiscal EBITDA margin increased by 8% year-over-year following strong customer demand and operational efficiency.,2,meta reported that fiscal ebitda margin increased by 8 percent year-over-year following strong customer demand and operational efficiency.
Meta reported that fiscal EBITDA margin increased by 12% year-over-year following strong customer demand and operational efficiency.,2,meta reported that fiscal ebitda margin increased by 12 percent year-over-year following strong customer demand and operational efficiency.
Meta reported that fiscal EBITDA margin increased by 15% year-over-year following strong customer demand and operational efficiency.,2,meta reported that fiscal ebitda margin increased by 15 percent year-over-year following strong customer demand and operational efficiency.
Meta reported that fiscal EBITDA margin grew by 8% year-over-year following strong customer demand and operational efficiency.,2,meta reported that fiscal ebitda margin grew by 8 percent year-over-year following strong customer demand and operational efficiency.
Meta reported that fiscal EBITDA margin grew by 12% year-over-year following strong customer demand and operational efficiency.,2,meta reported that fiscal ebitda margin grew by 12 percent year-over-year following strong customer demand and operational efficiency.
Meta reported that fiscal EBITDA margin grew by 15% year-over-year following strong customer demand and operational efficiency.,2,meta reported that fiscal ebitda margin grew by 15 percent year-over-year following strong customer demand and operational efficiency.
Meta reported that fiscal EBITDA margin surged by 8% year-over-year following strong customer demand and operational efficiency.,2,meta reported that fiscal ebitda margin surged by 8 percent year-over-year following strong customer demand and operational efficiency.
Meta reported that fiscal EBITDA margin surged by 12% year-over-year following strong customer demand and operational efficiency.,2,meta reported that fiscal ebitda margin surged by 12 percent year-over-year following strong customer demand and operational efficiency.
Meta reported that fiscal EBITDA margin surged by 15% year-over-year following strong customer demand and operational efficiency.,2,meta reported that fiscal ebitda margin surged by 15 percent year-over-year following strong customer demand and operational efficiency.
Meta reported that fiscal free cash flow increased by 8% year-over-year following strong customer demand and operational efficiency.,2,meta reported that fiscal free cash flow increased by 8 percent year-over-year following strong customer demand and operational efficiency.
Meta reported that fiscal free cash flow increased by 12% year-over-year following strong customer demand and operational efficiency.,2,meta reported that fiscal free cash flow increased by 12 percent year-over-year following strong customer demand and operational efficiency.
Meta reported that fiscal free cash flow increased by 15% year-over-year following strong customer demand and operational efficiency.,2,meta reported that fiscal free cash flow increased by 15 percent year-over-year following strong customer demand and operational efficiency.
Meta reported that fiscal free cash flow grew by 8% year-over-year following strong customer demand and operational efficiency.,2,meta reported that fiscal free cash flow grew by 8 percent year-over-year following strong customer demand and operational efficiency.
Meta reported that fiscal free cash flow grew by 12% year-over-year following strong customer demand and operational efficiency.,2,meta reported that fiscal free cash flow grew by 12 percent year-over-year following strong customer demand and operational efficiency.
Meta reported that fiscal free cash flow grew by 15% year-over-year following strong customer demand and operational efficiency.,2,meta reported that fiscal free cash flow grew by 15 percent year-over-year following strong customer demand and operational efficiency.
Meta reported that fiscal free cash flow surged by 8% year-over-year following strong customer demand and operational efficiency.,2,meta reported that fiscal free cash flow surged by 8 percent year-over-year following strong customer demand and operational efficiency.
Meta reported that fiscal free cash flow surged by 12% year-over-year following strong customer demand and operational efficiency.,2,meta reported that fiscal free cash flow surged by 12 percent year-over-year following strong customer demand and operational efficiency.
Meta reported that fiscal free cash flow surged by 15% year-over-year following strong customer demand and operational efficiency.,2,meta reported that fiscal free cash flow surged by 15 percent year-over-year following strong customer demand and operational efficiency.
Meta reported that fiscal top-line growth increased by 8% year-over-year following strong customer demand and operational efficiency.,2,meta reported that fiscal top-line growth increased by 8 percent year-over-year following strong customer demand and operational efficiency.
Meta reported that fiscal top-line growth increased by 12% year-over-year following strong customer demand and operational efficiency.,2,meta reported that fiscal top-line growth increased by 12 percent year-over-year following strong customer demand and operational efficiency.
Meta reported that fiscal top-line growth increased by 15% year-over-year following strong customer demand and operational efficiency.,2,meta reported that fiscal top-line growth increased by 15 percent year-over-year following strong customer demand and operational efficiency.
Meta reported that fiscal top-line growth grew by 8% year-over-year following strong customer demand and operational efficiency.,2,meta reported that fiscal top-line growth grew by 8 percent year-over-year following strong customer demand and operational efficiency.
Meta reported that fiscal top-line growth grew by 12% year-over-year following strong customer demand and operational efficiency.,2,meta reported that fiscal top-line growth grew by 12 percent year-over-year following strong customer demand and operational efficiency.
Meta reported that fiscal top-line growth grew by 15% year-over-year following strong customer demand and operational efficiency.,2,meta reported that fiscal top-line growth grew by 15 percent year-over-year following strong customer demand and operational efficiency.
Meta reported that fiscal top-line growth surged by 8% year-over-year following strong customer demand and operational efficiency.,2,meta reported that fiscal top-line growth surged by 8 percent year-over-year following strong customer demand and operational efficiency.
Meta reported that fiscal top-line growth surged by 12% year-over-year following strong customer demand and operational efficiency.,2,meta reported that fiscal top-line growth surged by 12 percent year-over-year following strong customer demand and operational efficiency.
Meta reported that fiscal top-line growth surged by 15% year-over-year following strong customer demand and operational efficiency.,2,meta reported that fiscal top-line growth surged by 15 percent year-over-year following strong customer demand and operational efficiency.
Meta reported that fiscal subscription sales increased by 8% year-over-year following strong customer demand and operational efficiency.,2,meta reported that fiscal subscription sales increased by 8 percent year-over-year following strong customer demand and operational efficiency.
Meta reported that fiscal subscription sales increased by 12% year-over-year following strong customer demand and operational efficiency.,2,meta reported that fiscal subscription sales increased by 12 percent year-over-year following strong customer demand and operational efficiency.
Meta reported that fiscal subscription sales increased by 15% year-over-year following strong customer demand and operational efficiency.,2,meta reported that fiscal subscription sales increased by 15 percent year-over-year following strong customer demand and operational efficiency.
Meta reported that fiscal subscription sales grew by 8% year-over-year following strong customer demand and operational efficiency.,2,meta reported that fiscal subscription sales grew by 8 percent year-over-year following strong customer demand and operational efficiency.
Meta reported that fiscal subscription sales grew by 12% year-over-year following strong customer demand and operational efficiency.,2,meta reported that fiscal subscription sales grew by 12 percent year-over-year following strong customer demand and operational efficiency.
Meta reported that fiscal subscription sales grew by 15% year-over-year following strong customer demand and operational efficiency.,2,meta reported that fiscal subscription sales grew by 15 percent year-over-year following strong customer demand and operational efficiency.
Meta reported that fiscal subscription sales surged by 8% year-over-year following strong customer demand and operational efficiency.,2,meta reported that fiscal subscription sales surged by 8 percent year-over-year following strong customer demand and operational efficiency.
Meta reported that fiscal subscription sales surged by 12% year-over-year following strong customer demand and operational efficiency.,2,meta reported that fiscal subscription sales surged by 12 percent year-over-year following strong customer demand and operational efficiency.
Meta reported that fiscal subscription sales surged by 15% year-over-year following strong customer demand and operational efficiency.,2,meta reported that fiscal subscription sales surged by 15 percent year-over-year following strong customer demand and operational efficiency.
Intel reported that fiscal revenue increased by 8% year-over-year following strong customer demand and operational efficiency.,2,intel reported that fiscal revenue increased by 8 percent year-over-year following strong customer demand and operational efficiency.
Intel reported that fiscal revenue increased by 12% year-over-year following strong customer demand and operational efficiency.,2,intel reported that fiscal revenue increased by 12 percent year-over-year following strong customer demand and operational efficiency.
Intel reported that fiscal revenue increased by 15% year-over-year following strong customer demand and operational efficiency.,2,intel reported that fiscal revenue increased by 15 percent year-over-year following strong customer demand and operational efficiency.
Intel reported that fiscal revenue grew by 8% year-over-year following strong customer demand and operational efficiency.,2,intel reported that fiscal revenue grew by 8 percent year-over-year following strong customer demand and operational efficiency.
Intel reported that fiscal revenue grew by 12% year-over-year following strong customer demand and operational efficiency.,2,intel reported that fiscal revenue grew by 12 percent year-over-year following strong customer demand and operational efficiency.
Intel reported that fiscal revenue grew by 15% year-over-year following strong customer demand and operational efficiency.,2,intel reported that fiscal revenue grew by 15 percent year-over-year following strong customer demand and operational efficiency.
Intel reported that fiscal revenue surged by 8% year-over-year following strong customer demand and operational efficiency.,2,intel reported that fiscal revenue surged by 8 percent year-over-year following strong customer demand and operational efficiency.
Intel reported that fiscal revenue surged by 12% year-over-year following strong customer demand and operational efficiency.,2,intel reported that fiscal revenue surged by 12 percent year-over-year following strong customer demand and operational efficiency.
Intel reported that fiscal revenue surged by 15% year-over-year following strong customer demand and operational efficiency.,2,intel reported that fiscal revenue surged by 15 percent year-over-year following strong customer demand and operational efficiency.
Intel reported that fiscal operating income increased by 8% year-over-year following strong customer demand and operational efficiency.,2,intel reported that fiscal operating income increased by 8 percent year-over-year following strong customer demand and operational efficiency.
Intel reported that fiscal operating income increased by 12% year-over-year following strong customer demand and operational efficiency.,2,intel reported that fiscal operating income increased by 12 percent year-over-year following strong customer demand and operational efficiency.
Intel reported that fiscal operating income increased by 15% year-over-year following strong customer demand and operational efficiency.,2,intel reported that fiscal operating income increased by 15 percent year-over-year following strong customer demand and operational efficiency.
Intel reported that fiscal operating income grew by 8% year-over-year following strong customer demand and operational efficiency.,2,intel reported that fiscal operating income grew by 8 percent year-over-year following strong customer demand and operational efficiency.
Intel reported that fiscal operating income grew by 12% year-over-year following strong customer demand and operational efficiency.,2,intel reported that fiscal operating income grew by 12 percent year-over-year following strong customer demand and operational efficiency.
Intel reported that fiscal operating income grew by 15% year-over-year following strong customer demand and operational efficiency.,2,intel reported that fiscal operating income grew by 15 percent year-over-year following strong customer demand and operational efficiency.
Intel reported that fiscal operating income surged by 8% year-over-year following strong customer demand and operational efficiency.,2,intel reported that fiscal operating income surged by 8 percent year-over-year following strong customer demand and operational efficiency.
Intel reported that fiscal operating income surged by 12% year-over-year following strong customer demand and operational efficiency.,2,intel reported that fiscal operating income surged by 12 percent year-over-year following strong customer demand and operational efficiency.
Intel reported that fiscal operating income surged by 15% year-over-year following strong customer demand and operational efficiency.,2,intel reported that fiscal operating income surged by 15 percent year-over-year following strong customer demand and operational efficiency.
Intel reported that fiscal net profit increased by 8% year-over-year following strong customer demand and operational efficiency.,2,intel reported that fiscal net profit increased by 8 percent year-over-year following strong customer demand and operational efficiency.
Intel reported that fiscal net profit increased by 12% year-over-year following strong customer demand and operational efficiency.,2,intel reported that fiscal net profit increased by 12 percent year-over-year following strong customer demand and operational efficiency.
Intel reported that fiscal net profit increased by 15% year-over-year following strong customer demand and operational efficiency.,2,intel reported that fiscal net profit increased by 15 percent year-over-year following strong customer demand and operational efficiency.
Intel reported that fiscal net profit grew by 8% year-over-year following strong customer demand and operational efficiency.,2,intel reported that fiscal net profit grew by 8 percent year-over-year following strong customer demand and operational efficiency.
Intel reported that fiscal net profit grew by 12% year-over-year following strong customer demand and operational efficiency.,2,intel reported that fiscal net profit grew by 12 percent year-over-year following strong customer demand and operational efficiency.
Intel reported that fiscal net profit grew by 15% year-over-year following strong customer demand and operational efficiency.,2,intel reported that fiscal net profit grew by 15 percent year-over-year following strong customer demand and operational efficiency.
Intel reported that fiscal net profit surged by 8% year-over-year following strong customer demand and operational efficiency.,2,intel reported that fiscal net profit surged by 8 percent year-over-year following strong customer demand and operational efficiency.
Intel reported that fiscal net profit surged by 12% year-over-year following strong customer demand and operational efficiency.,2,intel reported that fiscal net profit surged by 12 percent year-over-year following strong customer demand and operational efficiency.
Intel reported that fiscal net profit surged by 15% year-over-year following strong customer demand and operational efficiency.,2,intel reported that fiscal net profit surged by 15 percent year-over-year following strong customer demand and operational efficiency.
Intel reported that fiscal quarterly earnings increased by 8% year-over-year following strong customer demand and operational efficiency.,2,intel reported that fiscal quarterly earnings increased by 8 percent year-over-year following strong customer demand and operational efficiency.
Intel reported that fiscal quarterly earnings increased by 12% year-over-year following strong customer demand and operational efficiency.,2,intel reported that fiscal quarterly earnings increased by 12 percent year-over-year following strong customer demand and operational efficiency.
Intel reported that fiscal quarterly earnings increased by 15% year-over-year following strong customer demand and operational efficiency.,2,intel reported that fiscal quarterly earnings increased by 15 percent year-over-year following strong customer demand and operational efficiency.
Intel reported that fiscal quarterly earnings grew by 8% year-over-year following strong customer demand and operational efficiency.,2,intel reported that fiscal quarterly earnings grew by 8 percent year-over-year following strong customer demand and operational efficiency.
Intel reported that fiscal quarterly earnings grew by 12% year-over-year following strong customer demand and operational efficiency.,2,intel reported that fiscal quarterly earnings grew by 12 percent year-over-year following strong customer demand and operational efficiency.
Intel reported that fiscal quarterly earnings grew by 15% year-over-year following strong customer demand and operational efficiency.,2,intel reported that fiscal quarterly earnings grew by 15 percent year-over-year following strong customer demand and operational efficiency.
Intel reported that fiscal quarterly earnings surged by 8% year-over-year following strong customer demand and operational efficiency.,2,intel reported that fiscal quarterly earnings surged by 8 percent year-over-year following strong customer demand and operational efficiency.
Intel reported that fiscal quarterly earnings surged by 12% year-over-year following strong customer demand and operational efficiency.,2,intel reported that fiscal quarterly earnings surged by 12 percent year-over-year following strong customer demand and operational efficiency.
Intel reported that fiscal quarterly earnings surged by 15% year-over-year following strong customer demand and operational efficiency.,2,intel reported that fiscal quarterly earnings surged by 15 percent year-over-year following strong customer demand and operational efficiency.
Intel reported that fiscal EBITDA margin increased by 8% year-over-year following strong customer demand and operational efficiency.,2,intel reported that fiscal ebitda margin increased by 8 percent year-over-year following strong customer demand and operational efficiency.
Intel reported that fiscal EBITDA margin increased by 12% year-over-year following strong customer demand and operational efficiency.,2,intel reported that fiscal ebitda margin increased by 12 percent year-over-year following strong customer demand and operational efficiency.
Intel reported that fiscal EBITDA margin increased by 15% year-over-year following strong customer demand and operational efficiency.,2,intel reported that fiscal ebitda margin increased by 15 percent year-over-year following strong customer demand and operational efficiency.
Intel reported that fiscal EBITDA margin grew by 8% year-over-year following strong customer demand and operational efficiency.,2,intel reported that fiscal ebitda margin grew by 8 percent year-over-year following strong customer demand and operational efficiency.
Intel reported that fiscal EBITDA margin grew by 12% year-over-year following strong customer demand and operational efficiency.,2,intel reported that fiscal ebitda margin grew by 12 percent year-over-year following strong customer demand and operational efficiency.
Intel reported that fiscal EBITDA margin grew by 15% year-over-year following strong customer demand and operational efficiency.,2,intel reported that fiscal ebitda margin grew by 15 percent year-over-year following strong customer demand and operational efficiency.
Intel reported that fiscal EBITDA margin surged by 8% year-over-year following strong customer demand and operational efficiency.,2,intel reported that fiscal ebitda margin surged by 8 percent year-over-year following strong customer demand and operational efficiency.
Intel reported that fiscal EBITDA margin surged by 12% year-over-year following strong customer demand and operational efficiency.,2,intel reported that fiscal ebitda margin surged by 12 percent year-over-year following strong customer demand and operational efficiency.
Intel reported that fiscal EBITDA margin surged by 15% year-over-year following strong customer demand and operational efficiency.,2,intel reported that fiscal ebitda margin surged by 15 percent year-over-year following strong customer demand and operational efficiency.
Intel reported that fiscal free cash flow increased by 8% year-over-year following strong customer demand and operational efficiency.,2,intel reported that fiscal free cash flow increased by 8 percent year-over-year following strong customer demand and operational efficiency.
Intel reported that fiscal free cash flow increased by 12% year-over-year following strong customer demand and operational efficiency.,2,intel reported that fiscal free cash flow increased by 12 percent year-over-year following strong customer demand and operational efficiency.
Intel reported that fiscal free cash flow increased by 15% year-over-year following strong customer demand and operational efficiency.,2,intel reported that fiscal free cash flow increased by 15 percent year-over-year following strong customer demand and operational efficiency.
Intel reported that fiscal free cash flow grew by 8% year-over-year following strong customer demand and operational efficiency.,2,intel reported that fiscal free cash flow grew by 8 percent year-over-year following strong customer demand and operational efficiency.
Intel reported that fiscal free cash flow grew by 12% year-over-year following strong customer demand and operational efficiency.,2,intel reported that fiscal free cash flow grew by 12 percent year-over-year following strong customer demand and operational efficiency.
Intel reported that fiscal free cash flow grew by 15% year-over-year following strong customer demand and operational efficiency.,2,intel reported that fiscal free cash flow grew by 15 percent year-over-year following strong customer demand and operational efficiency.
Intel reported that fiscal free cash flow surged by 8% year-over-year following strong customer demand and operational efficiency.,2,intel reported that fiscal free cash flow surged by 8 percent year-over-year following strong customer demand and operational efficiency.
Intel reported that fiscal free cash flow surged by 12% year-over-year following strong customer demand and operational efficiency.,2,intel reported that fiscal free cash flow surged by 12 percent year-over-year following strong customer demand and operational efficiency.
Intel reported that fiscal free cash flow surged by 15% year-over-year following strong customer demand and operational efficiency.,2,intel reported that fiscal free cash flow surged by 15 percent year-over-year following strong customer demand and operational efficiency.
Intel reported that fiscal top-line growth increased by 8% year-over-year following strong customer demand and operational efficiency.,2,intel reported that fiscal top-line growth increased by 8 percent year-over-year following strong customer demand and operational efficiency.
Intel reported that fiscal top-line growth increased by 12% year-over-year following strong customer demand and operational efficiency.,2,intel reported that fiscal top-line growth increased by 12 percent year-over-year following strong customer demand and operational efficiency.
Intel reported that fiscal top-line growth increased by 15% year-over-year following strong customer demand and operational efficiency.,2,intel reported that fiscal top-line growth increased by 15 percent year-over-year following strong customer demand and operational efficiency.
Intel reported that fiscal top-line growth grew by 8% year-over-year following strong customer demand and operational efficiency.,2,intel reported that fiscal top-line growth grew by 8 percent year-over-year following strong customer demand and operational efficiency.
Intel reported that fiscal top-line growth grew by 12% year-over-year following strong customer demand and operational efficiency.,2,intel reported that fiscal top-line growth grew by 12 percent year-over-year following strong customer demand and operational efficiency.
Intel reported that fiscal top-line growth grew by 15% year-over-year following strong customer demand and operational efficiency.,2,intel reported that fiscal top-line growth grew by 15 percent year-over-year following strong customer demand and operational efficiency.
Intel reported that fiscal top-line growth surged by 8% year-over-year following strong customer demand and operational efficiency.,2,intel reported that fiscal top-line growth surged by 8 percent year-over-year following strong customer demand and operational efficiency.
Intel reported that fiscal top-line growth surged by 12% year-over-year following strong customer demand and operational efficiency.,2,intel reported that fiscal top-line growth surged by 12 percent year-over-year following strong customer demand and operational efficiency.
Intel reported that fiscal top-line growth surged by 15% year-over-year following strong customer demand and operational efficiency.,2,intel reported that fiscal top-line growth surged by 15 percent year-over-year following strong customer demand and operational efficiency.
Intel reported that fiscal subscription sales increased by 8% year-over-year following strong customer demand and operational efficiency.,2,intel reported that fiscal subscription sales increased by 8 percent year-over-year following strong customer demand and operational efficiency.
Intel reported that fiscal subscription sales increased by 12% year-over-year following strong customer demand and operational efficiency.,2,intel reported that fiscal subscription sales increased by 12 percent year-over-year following strong customer demand and operational efficiency.
Intel reported that fiscal subscription sales increased by 15% year-over-year following strong customer demand and operational efficiency.,2,intel reported that fiscal subscription sales increased by 15 percent year-over-year following strong customer demand and operational efficiency.
Intel reported that fiscal subscription sales grew by 8% year-over-year following strong customer demand and operational efficiency.,2,intel reported that fiscal subscription sales grew by 8 percent year-over-year following strong customer demand and operational efficiency.
Intel reported that fiscal subscription sales grew by 12% year-over-year following strong customer demand and operational efficiency.,2,intel reported that fiscal subscription sales grew by 12 percent year-over-year following strong customer demand and operational efficiency.
Intel reported that fiscal subscription sales grew by 15% year-over-year following strong customer demand and operational efficiency.,2,intel reported that fiscal subscription sales grew by 15 percent year-over-year following strong customer demand and operational efficiency.
Intel reported that fiscal subscription sales surged by 8% year-over-year following strong customer demand and operational efficiency.,2,intel reported that fiscal subscription sales surged by 8 percent year-over-year following strong customer demand and operational efficiency.
Intel reported that fiscal subscription sales surged by 12% year-over-year following strong customer demand and operational efficiency.,2,intel reported that fiscal subscription sales surged by 12 percent year-over-year following strong customer demand and operational efficiency.
Intel reported that fiscal subscription sales surged by 15% year-over-year following strong customer demand and operational efficiency.,2,intel reported that fiscal subscription sales surged by 15 percent year-over-year following strong customer demand and operational efficiency.
AMD reported that fiscal revenue increased by 8% year-over-year following strong customer demand and operational efficiency.,2,amd reported that fiscal revenue increased by 8 percent year-over-year following strong customer demand and operational efficiency.
AMD reported that fiscal revenue increased by 12% year-over-year following strong customer demand and operational efficiency.,2,amd reported that fiscal revenue increased by 12 percent year-over-year following strong customer demand and operational efficiency.
AMD reported that fiscal revenue increased by 15% year-over-year following strong customer demand and operational efficiency.,2,amd reported that fiscal revenue increased by 15 percent year-over-year following strong customer demand and operational efficiency.
AMD reported that fiscal revenue grew by 8% year-over-year following strong customer demand and operational efficiency.,2,amd reported that fiscal revenue grew by 8 percent year-over-year following strong customer demand and operational efficiency.
AMD reported that fiscal revenue grew by 12% year-over-year following strong customer demand and operational efficiency.,2,amd reported that fiscal revenue grew by 12 percent year-over-year following strong customer demand and operational efficiency.
AMD reported that fiscal revenue grew by 15% year-over-year following strong customer demand and operational efficiency.,2,amd reported that fiscal revenue grew by 15 percent year-over-year following strong customer demand and operational efficiency.
AMD reported that fiscal revenue surged by 8% year-over-year following strong customer demand and operational efficiency.,2,amd reported that fiscal revenue surged by 8 percent year-over-year following strong customer demand and operational efficiency.
AMD reported that fiscal revenue surged by 12% year-over-year following strong customer demand and operational efficiency.,2,amd reported that fiscal revenue surged by 12 percent year-over-year following strong customer demand and operational efficiency.
AMD reported that fiscal revenue surged by 15% year-over-year following strong customer demand and operational efficiency.,2,amd reported that fiscal revenue surged by 15 percent year-over-year following strong customer demand and operational efficiency.
AMD reported that fiscal operating income increased by 8% year-over-year following strong customer demand and operational efficiency.,2,amd reported that fiscal operating income increased by 8 percent year-over-year following strong customer demand and operational efficiency.
AMD reported that fiscal operating income increased by 12% year-over-year following strong customer demand and operational efficiency.,2,amd reported that fiscal operating income increased by 12 percent year-over-year following strong customer demand and operational efficiency.
AMD reported that fiscal operating income increased by 15% year-over-year following strong customer demand and operational efficiency.,2,amd reported that fiscal operating income increased by 15 percent year-over-year following strong customer demand and operational efficiency.
AMD reported that fiscal operating income grew by 8% year-over-year following strong customer demand and operational efficiency.,2,amd reported that fiscal operating income grew by 8 percent year-over-year following strong customer demand and operational efficiency.
AMD reported that fiscal operating income grew by 12% year-over-year following strong customer demand and operational efficiency.,2,amd reported that fiscal operating income grew by 12 percent year-over-year following strong customer demand and operational efficiency.
AMD reported that fiscal operating income grew by 15% year-over-year following strong customer demand and operational efficiency.,2,amd reported that fiscal operating income grew by 15 percent year-over-year following strong customer demand and operational efficiency.
AMD reported that fiscal operating income surged by 8% year-over-year following strong customer demand and operational efficiency.,2,amd reported that fiscal operating income surged by 8 percent year-over-year following strong customer demand and operational efficiency.
AMD reported that fiscal operating income surged by 12% year-over-year following strong customer demand and operational efficiency.,2,amd reported that fiscal operating income surged by 12 percent year-over-year following strong customer demand and operational efficiency.
AMD reported that fiscal operating income surged by 15% year-over-year following strong customer demand and operational efficiency.,2,amd reported that fiscal operating income surged by 15 percent year-over-year following strong customer demand and operational efficiency.
AMD reported that fiscal net profit increased by 8% year-over-year following strong customer demand and operational efficiency.,2,amd reported that fiscal net profit increased by 8 percent year-over-year following strong customer demand and operational efficiency.
AMD reported that fiscal net profit increased by 12% year-over-year following strong customer demand and operational efficiency.,2,amd reported that fiscal net profit increased by 12 percent year-over-year following strong customer demand and operational efficiency.
AMD reported that fiscal net profit increased by 15% year-over-year following strong customer demand and operational efficiency.,2,amd reported that fiscal net profit increased by 15 percent year-over-year following strong customer demand and operational efficiency.
AMD reported that fiscal net profit grew by 8% year-over-year following strong customer demand and operational efficiency.,2,amd reported that fiscal net profit grew by 8 percent year-over-year following strong customer demand and operational efficiency.
AMD reported that fiscal net profit grew by 12% year-over-year following strong customer demand and operational efficiency.,2,amd reported that fiscal net profit grew by 12 percent year-over-year following strong customer demand and operational efficiency.
AMD reported that fiscal net profit grew by 15% year-over-year following strong customer demand and operational efficiency.,2,amd reported that fiscal net profit grew by 15 percent year-over-year following strong customer demand and operational efficiency.
AMD reported that fiscal net profit surged by 8% year-over-year following strong customer demand and operational efficiency.,2,amd reported that fiscal net profit surged by 8 percent year-over-year following strong customer demand and operational efficiency.
AMD reported that fiscal net profit surged by 12% year-over-year following strong customer demand and operational efficiency.,2,amd reported that fiscal net profit surged by 12 percent year-over-year following strong customer demand and operational efficiency.
AMD reported that fiscal net profit surged by 15% year-over-year following strong customer demand and operational efficiency.,2,amd reported that fiscal net profit surged by 15 percent year-over-year following strong customer demand and operational efficiency.
AMD reported that fiscal quarterly earnings increased by 8% year-over-year following strong customer demand and operational efficiency.,2,amd reported that fiscal quarterly earnings increased by 8 percent year-over-year following strong customer demand and operational efficiency.
AMD reported that fiscal quarterly earnings increased by 12% year-over-year following strong customer demand and operational efficiency.,2,amd reported that fiscal quarterly earnings increased by 12 percent year-over-year following strong customer demand and operational efficiency.
AMD reported that fiscal quarterly earnings increased by 15% year-over-year following strong customer demand and operational efficiency.,2,amd reported that fiscal quarterly earnings increased by 15 percent year-over-year following strong customer demand and operational efficiency.
AMD reported that fiscal quarterly earnings grew by 8% year-over-year following strong customer demand and operational efficiency.,2,amd reported that fiscal quarterly earnings grew by 8 percent year-over-year following strong customer demand and operational efficiency.
AMD reported that fiscal quarterly earnings grew by 12% year-over-year following strong customer demand and operational efficiency.,2,amd reported that fiscal quarterly earnings grew by 12 percent year-over-year following strong customer demand and operational efficiency.
AMD reported that fiscal quarterly earnings grew by 15% year-over-year following strong customer demand and operational efficiency.,2,amd reported that fiscal quarterly earnings grew by 15 percent year-over-year following strong customer demand and operational efficiency.
AMD reported that fiscal quarterly earnings surged by 8% year-over-year following strong customer demand and operational efficiency.,2,amd reported that fiscal quarterly earnings surged by 8 percent year-over-year following strong customer demand and operational efficiency.
AMD reported that fiscal quarterly earnings surged by 12% year-over-year following strong customer demand and operational efficiency.,2,amd reported that fiscal quarterly earnings surged by 12 percent year-over-year following strong customer demand and operational efficiency.
AMD reported that fiscal quarterly earnings surged by 15% year-over-year following strong customer demand and operational efficiency.,2,amd reported that fiscal quarterly earnings surged by 15 percent year-over-year following strong customer demand and operational efficiency.
AMD reported that fiscal EBITDA margin increased by 8% year-over-year following strong customer demand and operational efficiency.,2,amd reported that fiscal ebitda margin increased by 8 percent year-over-year following strong customer demand and operational efficiency.
AMD reported that fiscal EBITDA margin increased by 12% year-over-year following strong customer demand and operational efficiency.,2,amd reported that fiscal ebitda margin increased by 12 percent year-over-year following strong customer demand and operational efficiency.
AMD reported that fiscal EBITDA margin increased by 15% year-over-year following strong customer demand and operational efficiency.,2,amd reported that fiscal ebitda margin increased by 15 percent year-over-year following strong customer demand and operational efficiency.
AMD reported that fiscal EBITDA margin grew by 8% year-over-year following strong customer demand and operational efficiency.,2,amd reported that fiscal ebitda margin grew by 8 percent year-over-year following strong customer demand and operational efficiency.
AMD reported that fiscal EBITDA margin grew by 12% year-over-year following strong customer demand and operational efficiency.,2,amd reported that fiscal ebitda margin grew by 12 percent year-over-year following strong customer demand and operational efficiency.
AMD reported that fiscal EBITDA margin grew by 15% year-over-year following strong customer demand and operational efficiency.,2,amd reported that fiscal ebitda margin grew by 15 percent year-over-year following strong customer demand and operational efficiency.
AMD reported that fiscal EBITDA margin surged by 8% year-over-year following strong customer demand and operational efficiency.,2,amd reported that fiscal ebitda margin surged by 8 percent year-over-year following strong customer demand and operational efficiency.
AMD reported that fiscal EBITDA margin surged by 12% year-over-year following strong customer demand and operational efficiency.,2,amd reported that fiscal ebitda margin surged by 12 percent year-over-year following strong customer demand and operational efficiency.
AMD reported that fiscal EBITDA margin surged by 15% year-over-year following strong customer demand and operational efficiency.,2,amd reported that fiscal ebitda margin surged by 15 percent year-over-year following strong customer demand and operational efficiency.
AMD reported that fiscal free cash flow increased by 8% year-over-year following strong customer demand and operational efficiency.,2,amd reported that fiscal free cash flow increased by 8 percent year-over-year following strong customer demand and operational efficiency.
AMD reported that fiscal free cash flow increased by 12% year-over-year following strong customer demand and operational efficiency.,2,amd reported that fiscal free cash flow increased by 12 percent year-over-year following strong customer demand and operational efficiency.
AMD reported that fiscal free cash flow increased by 15% year-over-year following strong customer demand and operational efficiency.,2,amd reported that fiscal free cash flow increased by 15 percent year-over-year following strong customer demand and operational efficiency.
AMD reported that fiscal free cash flow grew by 8% year-over-year following strong customer demand and operational efficiency.,2,amd reported that fiscal free cash flow grew by 8 percent year-over-year following strong customer demand and operational efficiency.
AMD reported that fiscal free cash flow grew by 12% year-over-year following strong customer demand and operational efficiency.,2,amd reported that fiscal free cash flow grew by 12 percent year-over-year following strong customer demand and operational efficiency.
AMD reported that fiscal free cash flow grew by 15% year-over-year following strong customer demand and operational efficiency.,2,amd reported that fiscal free cash flow grew by 15 percent year-over-year following strong customer demand and operational efficiency.
AMD reported that fiscal free cash flow surged by 8% year-over-year following strong customer demand and operational efficiency.,2,amd reported that fiscal free cash flow surged by 8 percent year-over-year following strong customer demand and operational efficiency.
AMD reported that fiscal free cash flow surged by 12% year-over-year following strong customer demand and operational efficiency.,2,amd reported that fiscal free cash flow surged by 12 percent year-over-year following strong customer demand and operational efficiency.
AMD reported that fiscal free cash flow surged by 15% year-over-year following strong customer demand and operational efficiency.,2,amd reported that fiscal free cash flow surged by 15 percent year-over-year following strong customer demand and operational efficiency.
AMD reported that fiscal top-line growth increased by 8% year-over-year following strong customer demand and operational efficiency.,2,amd reported that fiscal top-line growth increased by 8 percent year-over-year following strong customer demand and operational efficiency.
AMD reported that fiscal top-line growth increased by 12% year-over-year following strong customer demand and operational efficiency.,2,amd reported that fiscal top-line growth increased by 12 percent year-over-year following strong customer demand and operational efficiency.
AMD reported that fiscal top-line growth increased by 15% year-over-year following strong customer demand and operational efficiency.,2,amd reported that fiscal top-line growth increased by 15 percent year-over-year following strong customer demand and operational efficiency.
AMD reported that fiscal top-line growth grew by 8% year-over-year following strong customer demand and operational efficiency.,2,amd reported that fiscal top-line growth grew by 8 percent year-over-year following strong customer demand and operational efficiency.
AMD reported that fiscal top-line growth grew by 12% year-over-year following strong customer demand and operational efficiency.,2,amd reported that fiscal top-line growth grew by 12 percent year-over-year following strong customer demand and operational efficiency.
AMD reported that fiscal top-line growth grew by 15% year-over-year following strong customer demand and operational efficiency.,2,amd reported that fiscal top-line growth grew by 15 percent year-over-year following strong customer demand and operational efficiency.
AMD reported that fiscal top-line growth surged by 8% year-over-year following strong customer demand and operational efficiency.,2,amd reported that fiscal top-line growth surged by 8 percent year-over-year following strong customer demand and operational efficiency.
AMD reported that fiscal top-line growth surged by 12% year-over-year following strong customer demand and operational efficiency.,2,amd reported that fiscal top-line growth surged by 12 percent year-over-year following strong customer demand and operational efficiency.
AMD reported that fiscal top-line growth surged by 15% year-over-year following strong customer demand and operational efficiency.,2,amd reported that fiscal top-line growth surged by 15 percent year-over-year following strong customer demand and operational efficiency.
AMD reported that fiscal subscription sales increased by 8% year-over-year following strong customer demand and operational efficiency.,2,amd reported that fiscal subscription sales increased by 8 percent year-over-year following strong customer demand and operational efficiency.
AMD reported that fiscal subscription sales increased by 12% year-over-year following strong customer demand and operational efficiency.,2,amd reported that fiscal subscription sales increased by 12 percent year-over-year following strong customer demand and operational efficiency.
AMD reported that fiscal subscription sales increased by 15% year-over-year following strong customer demand and operational efficiency.,2,amd reported that fiscal subscription sales increased by 15 percent year-over-year following strong customer demand and operational efficiency.
AMD reported that fiscal subscription sales grew by 8% year-over-year following strong customer demand and operational efficiency.,2,amd reported that fiscal subscription sales grew by 8 percent year-over-year following strong customer demand and operational efficiency.
AMD reported that fiscal subscription sales grew by 12% year-over-year following strong customer demand and operational efficiency.,2,amd reported that fiscal subscription sales grew by 12 percent year-over-year following strong customer demand and operational efficiency.
AMD reported that fiscal subscription sales grew by 15% year-over-year following strong customer demand and operational efficiency.,2,amd reported that fiscal subscription sales grew by 15 percent year-over-year following strong customer demand and operational efficiency.
AMD reported that fiscal subscription sales surged by 8% year-over-year following strong customer demand and operational efficiency.,2,amd reported that fiscal subscription sales surged by 8 percent year-over-year following strong customer demand and operational efficiency.
AMD reported that fiscal subscription sales surged by 12% year-over-year following strong customer demand and operational efficiency.,2,amd reported that fiscal subscription sales surged by 12 percent year-over-year following strong customer demand and operational efficiency.
AMD reported that fiscal subscription sales surged by 15% year-over-year following strong customer demand and operational efficiency.,2,amd reported that fiscal subscription sales surged by 15 percent year-over-year following strong customer demand and operational efficiency.
Boeing reported that fiscal revenue increased by 8% year-over-year following strong customer demand and operational efficiency.,2,boeing reported that fiscal revenue increased by 8 percent year-over-year following strong customer demand and operational efficiency.
Boeing reported that fiscal revenue increased by 12% year-over-year following strong customer demand and operational efficiency.,2,boeing reported that fiscal revenue increased by 12 percent year-over-year following strong customer demand and operational efficiency.
Boeing reported that fiscal revenue increased by 15% year-over-year following strong customer demand and operational efficiency.,2,boeing reported that fiscal revenue increased by 15 percent year-over-year following strong customer demand and operational efficiency.
Boeing reported that fiscal revenue grew by 8% year-over-year following strong customer demand and operational efficiency.,2,boeing reported that fiscal revenue grew by 8 percent year-over-year following strong customer demand and operational efficiency.
Boeing reported that fiscal revenue grew by 12% year-over-year following strong customer demand and operational efficiency.,2,boeing reported that fiscal revenue grew by 12 percent year-over-year following strong customer demand and operational efficiency.
Boeing reported that fiscal revenue grew by 15% year-over-year following strong customer demand and operational efficiency.,2,boeing reported that fiscal revenue grew by 15 percent year-over-year following strong customer demand and operational efficiency.
Boeing reported that fiscal revenue surged by 8% year-over-year following strong customer demand and operational efficiency.,2,boeing reported that fiscal revenue surged by 8 percent year-over-year following strong customer demand and operational efficiency.
Boeing reported that fiscal revenue surged by 12% year-over-year following strong customer demand and operational efficiency.,2,boeing reported that fiscal revenue surged by 12 percent year-over-year following strong customer demand and operational efficiency.
Boeing reported that fiscal revenue surged by 15% year-over-year following strong customer demand and operational efficiency.,2,boeing reported that fiscal revenue surged by 15 percent year-over-year following strong customer demand and operational efficiency.
Boeing reported that fiscal operating income increased by 8% year-over-year following strong customer demand and operational efficiency.,2,boeing reported that fiscal operating income increased by 8 percent year-over-year following strong customer demand and operational efficiency.
Boeing reported that fiscal operating income increased by 12% year-over-year following strong customer demand and operational efficiency.,2,boeing reported that fiscal operating income increased by 12 percent year-over-year following strong customer demand and operational efficiency.
Boeing reported that fiscal operating income increased by 15% year-over-year following strong customer demand and operational efficiency.,2,boeing reported that fiscal operating income increased by 15 percent year-over-year following strong customer demand and operational efficiency.
Boeing reported that fiscal operating income grew by 8% year-over-year following strong customer demand and operational efficiency.,2,boeing reported that fiscal operating income grew by 8 percent year-over-year following strong customer demand and operational efficiency.
Boeing reported that fiscal operating income grew by 12% year-over-year following strong customer demand and operational efficiency.,2,boeing reported that fiscal operating income grew by 12 percent year-over-year following strong customer demand and operational efficiency.
Boeing reported that fiscal operating income grew by 15% year-over-year following strong customer demand and operational efficiency.,2,boeing reported that fiscal operating income grew by 15 percent year-over-year following strong customer demand and operational efficiency.
Boeing reported that fiscal operating income surged by 8% year-over-year following strong customer demand and operational efficiency.,2,boeing reported that fiscal operating income surged by 8 percent year-over-year following strong customer demand and operational efficiency.
Boeing reported that fiscal operating income surged by 12% year-over-year following strong customer demand and operational efficiency.,2,boeing reported that fiscal operating income surged by 12 percent year-over-year following strong customer demand and operational efficiency.
Boeing reported that fiscal operating income surged by 15% year-over-year following strong customer demand and operational efficiency.,2,boeing reported that fiscal operating income surged by 15 percent year-over-year following strong customer demand and operational efficiency.
Boeing reported that fiscal net profit increased by 8% year-over-year following strong customer demand and operational efficiency.,2,boeing reported that fiscal net profit increased by 8 percent year-over-year following strong customer demand and operational efficiency.
Boeing reported that fiscal net profit increased by 12% year-over-year following strong customer demand and operational efficiency.,2,boeing reported that fiscal net profit increased by 12 percent year-over-year following strong customer demand and operational efficiency.
Boeing reported that fiscal net profit increased by 15% year-over-year following strong customer demand and operational efficiency.,2,boeing reported that fiscal net profit increased by 15 percent year-over-year following strong customer demand and operational efficiency.
Boeing reported that fiscal net profit grew by 8% year-over-year following strong customer demand and operational efficiency.,2,boeing reported that fiscal net profit grew by 8 percent year-over-year following strong customer demand and operational efficiency.
Boeing reported that fiscal net profit grew by 12% year-over-year following strong customer demand and operational efficiency.,2,boeing reported that fiscal net profit grew by 12 percent year-over-year following strong customer demand and operational efficiency.
Boeing reported that fiscal net profit grew by 15% year-over-year following strong customer demand and operational efficiency.,2,boeing reported that fiscal net profit grew by 15 percent year-over-year following strong customer demand and operational efficiency.
Boeing reported that fiscal net profit surged by 8% year-over-year following strong customer demand and operational efficiency.,2,boeing reported that fiscal net profit surged by 8 percent year-over-year following strong customer demand and operational efficiency.
Boeing reported that fiscal net profit surged by 12% year-over-year following strong customer demand and operational efficiency.,2,boeing reported that fiscal net profit surged by 12 percent year-over-year following strong customer demand and operational efficiency.
Boeing reported that fiscal net profit surged by 15% year-over-year following strong customer demand and operational efficiency.,2,boeing reported that fiscal net profit surged by 15 percent year-over-year following strong customer demand and operational efficiency.
Boeing reported that fiscal quarterly earnings increased by 8% year-over-year following strong customer demand and operational efficiency.,2,boeing reported that fiscal quarterly earnings increased by 8 percent year-over-year following strong customer demand and operational efficiency.
Boeing reported that fiscal quarterly earnings increased by 12% year-over-year following strong customer demand and operational efficiency.,2,boeing reported that fiscal quarterly earnings increased by 12 percent year-over-year following strong customer demand and operational efficiency.
Boeing reported that fiscal quarterly earnings increased by 15% year-over-year following strong customer demand and operational efficiency.,2,boeing reported that fiscal quarterly earnings increased by 15 percent year-over-year following strong customer demand and operational efficiency.
Boeing reported that fiscal quarterly earnings grew by 8% year-over-year following strong customer demand and operational efficiency.,2,boeing reported that fiscal quarterly earnings grew by 8 percent year-over-year following strong customer demand and operational efficiency.
Boeing reported that fiscal quarterly earnings grew by 12% year-over-year following strong customer demand and operational efficiency.,2,boeing reported that fiscal quarterly earnings grew by 12 percent year-over-year following strong customer demand and operational efficiency.
Boeing reported that fiscal quarterly earnings grew by 15% year-over-year following strong customer demand and operational efficiency.,2,boeing reported that fiscal quarterly earnings grew by 15 percent year-over-year following strong customer demand and operational efficiency.
Boeing reported that fiscal quarterly earnings surged by 8% year-over-year following strong customer demand and operational efficiency.,2,boeing reported that fiscal quarterly earnings surged by 8 percent year-over-year following strong customer demand and operational efficiency.
Boeing reported that fiscal quarterly earnings surged by 12% year-over-year following strong customer demand and operational efficiency.,2,boeing reported that fiscal quarterly earnings surged by 12 percent year-over-year following strong customer demand and operational efficiency.
Boeing reported that fiscal quarterly earnings surged by 15% year-over-year following strong customer demand and operational efficiency.,2,boeing reported that fiscal quarterly earnings surged by 15 percent year-over-year following strong customer demand and operational efficiency.
Boeing reported that fiscal EBITDA margin increased by 8% year-over-year following strong customer demand and operational efficiency.,2,boeing reported that fiscal ebitda margin increased by 8 percent year-over-year following strong customer demand and operational efficiency.
Boeing reported that fiscal EBITDA margin increased by 12% year-over-year following strong customer demand and operational efficiency.,2,boeing reported that fiscal ebitda margin increased by 12 percent year-over-year following strong customer demand and operational efficiency.
Boeing reported that fiscal EBITDA margin increased by 15% year-over-year following strong customer demand and operational efficiency.,2,boeing reported that fiscal ebitda margin increased by 15 percent year-over-year following strong customer demand and operational efficiency.
Boeing reported that fiscal EBITDA margin grew by 8% year-over-year following strong customer demand and operational efficiency.,2,boeing reported that fiscal ebitda margin grew by 8 percent year-over-year following strong customer demand and operational efficiency.
Boeing reported that fiscal EBITDA margin grew by 12% year-over-year following strong customer demand and operational efficiency.,2,boeing reported that fiscal ebitda margin grew by 12 percent year-over-year following strong customer demand and operational efficiency.
Boeing reported that fiscal EBITDA margin grew by 15% year-over-year following strong customer demand and operational efficiency.,2,boeing reported that fiscal ebitda margin grew by 15 percent year-over-year following strong customer demand and operational efficiency.
Boeing reported that fiscal EBITDA margin surged by 8% year-over-year following strong customer demand and operational efficiency.,2,boeing reported that fiscal ebitda margin surged by 8 percent year-over-year following strong customer demand and operational efficiency.
Boeing reported that fiscal EBITDA margin surged by 12% year-over-year following strong customer demand and operational efficiency.,2,boeing reported that fiscal ebitda margin surged by 12 percent year-over-year following strong customer demand and operational efficiency.
Boeing reported that fiscal EBITDA margin surged by 15% year-over-year following strong customer demand and operational efficiency.,2,boeing reported that fiscal ebitda margin surged by 15 percent year-over-year following strong customer demand and operational efficiency.
Boeing reported that fiscal free cash flow increased by 8% year-over-year following strong customer demand and operational efficiency.,2,boeing reported that fiscal free cash flow increased by 8 percent year-over-year following strong customer demand and operational efficiency.
Boeing reported that fiscal free cash flow increased by 12% year-over-year following strong customer demand and operational efficiency.,2,boeing reported that fiscal free cash flow increased by 12 percent year-over-year following strong customer demand and operational efficiency.
Boeing reported that fiscal free cash flow increased by 15% year-over-year following strong customer demand and operational efficiency.,2,boeing reported that fiscal free cash flow increased by 15 percent year-over-year following strong customer demand and operational efficiency.
Boeing reported that fiscal free cash flow grew by 8% year-over-year following strong customer demand and operational efficiency.,2,boeing reported that fiscal free cash flow grew by 8 percent year-over-year following strong customer demand and operational efficiency.
Boeing reported that fiscal free cash flow grew by 12% year-over-year following strong customer demand and operational efficiency.,2,boeing reported that fiscal free cash flow grew by 12 percent year-over-year following strong customer demand and operational efficiency.
Boeing reported that fiscal free cash flow grew by 15% year-over-year following strong customer demand and operational efficiency.,2,boeing reported that fiscal free cash flow grew by 15 percent year-over-year following strong customer demand and operational efficiency.
Boeing reported that fiscal free cash flow surged by 8% year-over-year following strong customer demand and operational efficiency.,2,boeing reported that fiscal free cash flow surged by 8 percent year-over-year following strong customer demand and operational efficiency.
Boeing reported that fiscal free cash flow surged by 12% year-over-year following strong customer demand and operational efficiency.,2,boeing reported that fiscal free cash flow surged by 12 percent year-over-year following strong customer demand and operational efficiency.
Boeing reported that fiscal free cash flow surged by 15% year-over-year following strong customer demand and operational efficiency.,2,boeing reported that fiscal free cash flow surged by 15 percent year-over-year following strong customer demand and operational efficiency.
Boeing reported that fiscal top-line growth increased by 8% year-over-year following strong customer demand and operational efficiency.,2,boeing reported that fiscal top-line growth increased by 8 percent year-over-year following strong customer demand and operational efficiency.
Boeing reported that fiscal top-line growth increased by 12% year-over-year following strong customer demand and operational efficiency.,2,boeing reported that fiscal top-line growth increased by 12 percent year-over-year following strong customer demand and operational efficiency.
Boeing reported that fiscal top-line growth increased by 15% year-over-year following strong customer demand and operational efficiency.,2,boeing reported that fiscal top-line growth increased by 15 percent year-over-year following strong customer demand and operational efficiency.
Boeing reported that fiscal top-line growth grew by 8% year-over-year following strong customer demand and operational efficiency.,2,boeing reported that fiscal top-line growth grew by 8 percent year-over-year following strong customer demand and operational efficiency.
Boeing reported that fiscal top-line growth grew by 12% year-over-year following strong customer demand and operational efficiency.,2,boeing reported that fiscal top-line growth grew by 12 percent year-over-year following strong customer demand and operational efficiency.
Boeing reported that fiscal top-line growth grew by 15% year-over-year following strong customer demand and operational efficiency.,2,boeing reported that fiscal top-line growth grew by 15 percent year-over-year following strong customer demand and operational efficiency.
Boeing reported that fiscal top-line growth surged by 8% year-over-year following strong customer demand and operational efficiency.,2,boeing reported that fiscal top-line growth surged by 8 percent year-over-year following strong customer demand and operational efficiency.
Boeing reported that fiscal top-line growth surged by 12% year-over-year following strong customer demand and operational efficiency.,2,boeing reported that fiscal top-line growth surged by 12 percent year-over-year following strong customer demand and operational efficiency.
Boeing reported that fiscal top-line growth surged by 15% year-over-year following strong customer demand and operational efficiency.,2,boeing reported that fiscal top-line growth surged by 15 percent year-over-year following strong customer demand and operational efficiency.
Boeing reported that fiscal subscription sales increased by 8% year-over-year following strong customer demand and operational efficiency.,2,boeing reported that fiscal subscription sales increased by 8 percent year-over-year following strong customer demand and operational efficiency.
Boeing reported that fiscal subscription sales increased by 12% year-over-year following strong customer demand and operational efficiency.,2,boeing reported that fiscal subscription sales increased by 12 percent year-over-year following strong customer demand and operational efficiency.
Boeing reported that fiscal subscription sales increased by 15% year-over-year following strong customer demand and operational efficiency.,2,boeing reported that fiscal subscription sales increased by 15 percent year-over-year following strong customer demand and operational efficiency.
Boeing reported that fiscal subscription sales grew by 8% year-over-year following strong customer demand and operational efficiency.,2,boeing reported that fiscal subscription sales grew by 8 percent year-over-year following strong customer demand and operational efficiency.
Boeing reported that fiscal subscription sales grew by 12% year-over-year following strong customer demand and operational efficiency.,2,boeing reported that fiscal subscription sales grew by 12 percent year-over-year following strong customer demand and operational efficiency.
Boeing reported that fiscal subscription sales grew by 15% year-over-year following strong customer demand and operational efficiency.,2,boeing reported that fiscal subscription sales grew by 15 percent year-over-year following strong customer demand and operational efficiency.
Boeing reported that fiscal subscription sales surged by 8% year-over-year following strong customer demand and operational efficiency.,2,boeing reported that fiscal subscription sales surged by 8 percent year-over-year following strong customer demand and operational efficiency.
Boeing reported that fiscal subscription sales surged by 12% year-over-year following strong customer demand and operational efficiency.,2,boeing reported that fiscal subscription sales surged by 12 percent year-over-year following strong customer demand and operational efficiency.
Boeing reported that fiscal subscription sales surged by 15% year-over-year following strong customer demand and operational efficiency.,2,boeing reported that fiscal subscription sales surged by 15 percent year-over-year following strong customer demand and operational efficiency.
Pfizer reported that fiscal revenue increased by 8% year-over-year following strong customer demand and operational efficiency.,2,pfizer reported that fiscal revenue increased by 8 percent year-over-year following strong customer demand and operational efficiency.
Pfizer reported that fiscal revenue increased by 12% year-over-year following strong customer demand and operational efficiency.,2,pfizer reported that fiscal revenue increased by 12 percent year-over-year following strong customer demand and operational efficiency.
Pfizer reported that fiscal revenue increased by 15% year-over-year following strong customer demand and operational efficiency.,2,pfizer reported that fiscal revenue increased by 15 percent year-over-year following strong customer demand and operational efficiency.
Pfizer reported that fiscal revenue grew by 8% year-over-year following strong customer demand and operational efficiency.,2,pfizer reported that fiscal revenue grew by 8 percent year-over-year following strong customer demand and operational efficiency.
Pfizer reported that fiscal revenue grew by 12% year-over-year following strong customer demand and operational efficiency.,2,pfizer reported that fiscal revenue grew by 12 percent year-over-year following strong customer demand and operational efficiency.
Pfizer reported that fiscal revenue grew by 15% year-over-year following strong customer demand and operational efficiency.,2,pfizer reported that fiscal revenue grew by 15 percent year-over-year following strong customer demand and operational efficiency.
Pfizer reported that fiscal revenue surged by 8% year-over-year following strong customer demand and operational efficiency.,2,pfizer reported that fiscal revenue surged by 8 percent year-over-year following strong customer demand and operational efficiency.
Pfizer reported that fiscal revenue surged by 12% year-over-year following strong customer demand and operational efficiency.,2,pfizer reported that fiscal revenue surged by 12 percent year-over-year following strong customer demand and operational efficiency.
Pfizer reported that fiscal revenue surged by 15% year-over-year following strong customer demand and operational efficiency.,2,pfizer reported that fiscal revenue surged by 15 percent year-over-year following strong customer demand and operational efficiency.
Pfizer reported that fiscal operating income increased by 8% year-over-year following strong customer demand and operational efficiency.,2,pfizer reported that fiscal operating income increased by 8 percent year-over-year following strong customer demand and operational efficiency.
Pfizer reported that fiscal operating income increased by 12% year-over-year following strong customer demand and operational efficiency.,2,pfizer reported that fiscal operating income increased by 12 percent year-over-year following strong customer demand and operational efficiency.
Pfizer reported that fiscal operating income increased by 15% year-over-year following strong customer demand and operational efficiency.,2,pfizer reported that fiscal operating income increased by 15 percent year-over-year following strong customer demand and operational efficiency.
Pfizer reported that fiscal operating income grew by 8% year-over-year following strong customer demand and operational efficiency.,2,pfizer reported that fiscal operating income grew by 8 percent year-over-year following strong customer demand and operational efficiency.
Pfizer reported that fiscal operating income grew by 12% year-over-year following strong customer demand and operational efficiency.,2,pfizer reported that fiscal operating income grew by 12 percent year-over-year following strong customer demand and operational efficiency.
Pfizer reported that fiscal operating income grew by 15% year-over-year following strong customer demand and operational efficiency.,2,pfizer reported that fiscal operating income grew by 15 percent year-over-year following strong customer demand and operational efficiency.
Pfizer reported that fiscal operating income surged by 8% year-over-year following strong customer demand and operational efficiency.,2,pfizer reported that fiscal operating income surged by 8 percent year-over-year following strong customer demand and operational efficiency.
Pfizer reported that fiscal operating income surged by 12% year-over-year following strong customer demand and operational efficiency.,2,pfizer reported that fiscal operating income surged by 12 percent year-over-year following strong customer demand and operational efficiency.
Pfizer reported that fiscal operating income surged by 15% year-over-year following strong customer demand and operational efficiency.,2,pfizer reported that fiscal operating income surged by 15 percent year-over-year following strong customer demand and operational efficiency.
Pfizer reported that fiscal net profit increased by 8% year-over-year following strong customer demand and operational efficiency.,2,pfizer reported that fiscal net profit increased by 8 percent year-over-year following strong customer demand and operational efficiency.
Pfizer reported that fiscal net profit increased by 12% year-over-year following strong customer demand and operational efficiency.,2,pfizer reported that fiscal net profit increased by 12 percent year-over-year following strong customer demand and operational efficiency.
Pfizer reported that fiscal net profit increased by 15% year-over-year following strong customer demand and operational efficiency.,2,pfizer reported that fiscal net profit increased by 15 percent year-over-year following strong customer demand and operational efficiency.
Pfizer reported that fiscal net profit grew by 8% year-over-year following strong customer demand and operational efficiency.,2,pfizer reported that fiscal net profit grew by 8 percent year-over-year following strong customer demand and operational efficiency.
Pfizer reported that fiscal net profit grew by 12% year-over-year following strong customer demand and operational efficiency.,2,pfizer reported that fiscal net profit grew by 12 percent year-over-year following strong customer demand and operational efficiency.
Pfizer reported that fiscal net profit grew by 15% year-over-year following strong customer demand and operational efficiency.,2,pfizer reported that fiscal net profit grew by 15 percent year-over-year following strong customer demand and operational efficiency.
Pfizer reported that fiscal net profit surged by 8% year-over-year following strong customer demand and operational efficiency.,2,pfizer reported that fiscal net profit surged by 8 percent year-over-year following strong customer demand and operational efficiency.
Pfizer reported that fiscal net profit surged by 12% year-over-year following strong customer demand and operational efficiency.,2,pfizer reported that fiscal net profit surged by 12 percent year-over-year following strong customer demand and operational efficiency.
Pfizer reported that fiscal net profit surged by 15% year-over-year following strong customer demand and operational efficiency.,2,pfizer reported that fiscal net profit surged by 15 percent year-over-year following strong customer demand and operational efficiency.
Pfizer reported that fiscal quarterly earnings increased by 8% year-over-year following strong customer demand and operational efficiency.,2,pfizer reported that fiscal quarterly earnings increased by 8 percent year-over-year following strong customer demand and operational efficiency.
Pfizer reported that fiscal quarterly earnings increased by 12% year-over-year following strong customer demand and operational efficiency.,2,pfizer reported that fiscal quarterly earnings increased by 12 percent year-over-year following strong customer demand and operational efficiency.
Pfizer reported that fiscal quarterly earnings increased by 15% year-over-year following strong customer demand and operational efficiency.,2,pfizer reported that fiscal quarterly earnings increased by 15 percent year-over-year following strong customer demand and operational efficiency.
Pfizer reported that fiscal quarterly earnings grew by 8% year-over-year following strong customer demand and operational efficiency.,2,pfizer reported that fiscal quarterly earnings grew by 8 percent year-over-year following strong customer demand and operational efficiency.
Pfizer reported that fiscal quarterly earnings grew by 12% year-over-year following strong customer demand and operational efficiency.,2,pfizer reported that fiscal quarterly earnings grew by 12 percent year-over-year following strong customer demand and operational efficiency.
Pfizer reported that fiscal quarterly earnings grew by 15% year-over-year following strong customer demand and operational efficiency.,2,pfizer reported that fiscal quarterly earnings grew by 15 percent year-over-year following strong customer demand and operational efficiency.
Pfizer reported that fiscal quarterly earnings surged by 8% year-over-year following strong customer demand and operational efficiency.,2,pfizer reported that fiscal quarterly earnings surged by 8 percent year-over-year following strong customer demand and operational efficiency.
Pfizer reported that fiscal quarterly earnings surged by 12% year-over-year following strong customer demand and operational efficiency.,2,pfizer reported that fiscal quarterly earnings surged by 12 percent year-over-year following strong customer demand and operational efficiency.
Pfizer reported that fiscal quarterly earnings surged by 15% year-over-year following strong customer demand and operational efficiency.,2,pfizer reported that fiscal quarterly earnings surged by 15 percent year-over-year following strong customer demand and operational efficiency.
Pfizer reported that fiscal EBITDA margin increased by 8% year-over-year following strong customer demand and operational efficiency.,2,pfizer reported that fiscal ebitda margin increased by 8 percent year-over-year following strong customer demand and operational efficiency.
Pfizer reported that fiscal EBITDA margin increased by 12% year-over-year following strong customer demand and operational efficiency.,2,pfizer reported that fiscal ebitda margin increased by 12 percent year-over-year following strong customer demand and operational efficiency.
Pfizer reported that fiscal EBITDA margin increased by 15% year-over-year following strong customer demand and operational efficiency.,2,pfizer reported that fiscal ebitda margin increased by 15 percent year-over-year following strong customer demand and operational efficiency.
Pfizer reported that fiscal EBITDA margin grew by 8% year-over-year following strong customer demand and operational efficiency.,2,pfizer reported that fiscal ebitda margin grew by 8 percent year-over-year following strong customer demand and operational efficiency.
Pfizer reported that fiscal EBITDA margin grew by 12% year-over-year following strong customer demand and operational efficiency.,2,pfizer reported that fiscal ebitda margin grew by 12 percent year-over-year following strong customer demand and operational efficiency.
Pfizer reported that fiscal EBITDA margin grew by 15% year-over-year following strong customer demand and operational efficiency.,2,pfizer reported that fiscal ebitda margin grew by 15 percent year-over-year following strong customer demand and operational efficiency.
Pfizer reported that fiscal EBITDA margin surged by 8% year-over-year following strong customer demand and operational efficiency.,2,pfizer reported that fiscal ebitda margin surged by 8 percent year-over-year following strong customer demand and operational efficiency.
Pfizer reported that fiscal EBITDA margin surged by 12% year-over-year following strong customer demand and operational efficiency.,2,pfizer reported that fiscal ebitda margin surged by 12 percent year-over-year following strong customer demand and operational efficiency.
Pfizer reported that fiscal EBITDA margin surged by 15% year-over-year following strong customer demand and operational efficiency.,2,pfizer reported that fiscal ebitda margin surged by 15 percent year-over-year following strong customer demand and operational efficiency.
Pfizer reported that fiscal free cash flow increased by 8% year-over-year following strong customer demand and operational efficiency.,2,pfizer reported that fiscal free cash flow increased by 8 percent year-over-year following strong customer demand and operational efficiency.
Pfizer reported that fiscal free cash flow increased by 12% year-over-year following strong customer demand and operational efficiency.,2,pfizer reported that fiscal free cash flow increased by 12 percent year-over-year following strong customer demand and operational efficiency.
Pfizer reported that fiscal free cash flow increased by 15% year-over-year following strong customer demand and operational efficiency.,2,pfizer reported that fiscal free cash flow increased by 15 percent year-over-year following strong customer demand and operational efficiency.
Pfizer reported that fiscal free cash flow grew by 8% year-over-year following strong customer demand and operational efficiency.,2,pfizer reported that fiscal free cash flow grew by 8 percent year-over-year following strong customer demand and operational efficiency.
Pfizer reported that fiscal free cash flow grew by 12% year-over-year following strong customer demand and operational efficiency.,2,pfizer reported that fiscal free cash flow grew by 12 percent year-over-year following strong customer demand and operational efficiency.
Pfizer reported that fiscal free cash flow grew by 15% year-over-year following strong customer demand and operational efficiency.,2,pfizer reported that fiscal free cash flow grew by 15 percent year-over-year following strong customer demand and operational efficiency.
Pfizer reported that fiscal free cash flow surged by 8% year-over-year following strong customer demand and operational efficiency.,2,pfizer reported that fiscal free cash flow surged by 8 percent year-over-year following strong customer demand and operational efficiency.
Pfizer reported that fiscal free cash flow surged by 12% year-over-year following strong customer demand and operational efficiency.,2,pfizer reported that fiscal free cash flow surged by 12 percent year-over-year following strong customer demand and operational efficiency.
Pfizer reported that fiscal free cash flow surged by 15% year-over-year following strong customer demand and operational efficiency.,2,pfizer reported that fiscal free cash flow surged by 15 percent year-over-year following strong customer demand and operational efficiency.
Pfizer reported that fiscal top-line growth increased by 8% year-over-year following strong customer demand and operational efficiency.,2,pfizer reported that fiscal top-line growth increased by 8 percent year-over-year following strong customer demand and operational efficiency.
Pfizer reported that fiscal top-line growth increased by 12% year-over-year following strong customer demand and operational efficiency.,2,pfizer reported that fiscal top-line growth increased by 12 percent year-over-year following strong customer demand and operational efficiency.
Pfizer reported that fiscal top-line growth increased by 15% year-over-year following strong customer demand and operational efficiency.,2,pfizer reported that fiscal top-line growth increased by 15 percent year-over-year following strong customer demand and operational efficiency.
Pfizer reported that fiscal top-line growth grew by 8% year-over-year following strong customer demand and operational efficiency.,2,pfizer reported that fiscal top-line growth grew by 8 percent year-over-year following strong customer demand and operational efficiency.
Pfizer reported that fiscal top-line growth grew by 12% year-over-year following strong customer demand and operational efficiency.,2,pfizer reported that fiscal top-line growth grew by 12 percent year-over-year following strong customer demand and operational efficiency.
Pfizer reported that fiscal top-line growth grew by 15% year-over-year following strong customer demand and operational efficiency.,2,pfizer reported that fiscal top-line growth grew by 15 percent year-over-year following strong customer demand and operational efficiency.
Pfizer reported that fiscal top-line growth surged by 8% year-over-year following strong customer demand and operational efficiency.,2,pfizer reported that fiscal top-line growth surged by 8 percent year-over-year following strong customer demand and operational efficiency.
Pfizer reported that fiscal top-line growth surged by 12% year-over-year following strong customer demand and operational efficiency.,2,pfizer reported that fiscal top-line growth surged by 12 percent year-over-year following strong customer demand and operational efficiency.
Pfizer reported that fiscal top-line growth surged by 15% year-over-year following strong customer demand and operational efficiency.,2,pfizer reported that fiscal top-line growth surged by 15 percent year-over-year following strong customer demand and operational efficiency.
Pfizer reported that fiscal subscription sales increased by 8% year-over-year following strong customer demand and operational efficiency.,2,pfizer reported that fiscal subscription sales increased by 8 percent year-over-year following strong customer demand and operational efficiency.
Pfizer reported that fiscal subscription sales increased by 12% year-over-year following strong customer demand and operational efficiency.,2,pfizer reported that fiscal subscription sales increased by 12 percent year-over-year following strong customer demand and operational efficiency.
Pfizer reported that fiscal subscription sales increased by 15% year-over-year following strong customer demand and operational efficiency.,2,pfizer reported that fiscal subscription sales increased by 15 percent year-over-year following strong customer demand and operational efficiency.
Pfizer reported that fiscal subscription sales grew by 8% year-over-year following strong customer demand and operational efficiency.,2,pfizer reported that fiscal subscription sales grew by 8 percent year-over-year following strong customer demand and operational efficiency.
Pfizer reported that fiscal subscription sales grew by 12% year-over-year following strong customer demand and operational efficiency.,2,pfizer reported that fiscal subscription sales grew by 12 percent year-over-year following strong customer demand and operational efficiency.
Pfizer reported that fiscal subscription sales grew by 15% year-over-year following strong customer demand and operational efficiency.,2,pfizer reported that fiscal subscription sales grew by 15 percent year-over-year following strong customer demand and operational efficiency.
Pfizer reported that fiscal subscription sales surged by 8% year-over-year following strong customer demand and operational efficiency.,2,pfizer reported that fiscal subscription sales surged by 8 percent year-over-year following strong customer demand and operational efficiency.
Pfizer reported that fiscal subscription sales surged by 12% year-over-year following strong customer demand and operational efficiency.,2,pfizer reported that fiscal subscription sales surged by 12 percent year-over-year following strong customer demand and operational efficiency.
Pfizer reported that fiscal subscription sales surged by 15% year-over-year following strong customer demand and operational efficiency.,2,pfizer reported that fiscal subscription sales surged by 15 percent year-over-year following strong customer demand and operational efficiency.
Walmart reported that fiscal revenue increased by 8% year-over-year following strong customer demand and operational efficiency.,2,walmart reported that fiscal revenue increased by 8 percent year-over-year following strong customer demand and operational efficiency.
Walmart reported that fiscal revenue increased by 12% year-over-year following strong customer demand and operational efficiency.,2,walmart reported that fiscal revenue increased by 12 percent year-over-year following strong customer demand and operational efficiency.
Walmart reported that fiscal revenue increased by 15% year-over-year following strong customer demand and operational efficiency.,2,walmart reported that fiscal revenue increased by 15 percent year-over-year following strong customer demand and operational efficiency.
Walmart reported that fiscal revenue grew by 8% year-over-year following strong customer demand and operational efficiency.,2,walmart reported that fiscal revenue grew by 8 percent year-over-year following strong customer demand and operational efficiency.
Walmart reported that fiscal revenue grew by 12% year-over-year following strong customer demand and operational efficiency.,2,walmart reported that fiscal revenue grew by 12 percent year-over-year following strong customer demand and operational efficiency.
Walmart reported that fiscal revenue grew by 15% year-over-year following strong customer demand and operational efficiency.,2,walmart reported that fiscal revenue grew by 15 percent year-over-year following strong customer demand and operational efficiency.
Walmart reported that fiscal revenue surged by 8% year-over-year following strong customer demand and operational efficiency.,2,walmart reported that fiscal revenue surged by 8 percent year-over-year following strong customer demand and operational efficiency.
Walmart reported that fiscal revenue surged by 12% year-over-year following strong customer demand and operational efficiency.,2,walmart reported that fiscal revenue surged by 12 percent year-over-year following strong customer demand and operational efficiency.
Walmart reported that fiscal revenue surged by 15% year-over-year following strong customer demand and operational efficiency.,2,walmart reported that fiscal revenue surged by 15 percent year-over-year following strong customer demand and operational efficiency.
Walmart reported that fiscal operating income increased by 8% year-over-year following strong customer demand and operational efficiency.,2,walmart reported that fiscal operating income increased by 8 percent year-over-year following strong customer demand and operational efficiency.
Walmart reported that fiscal operating income increased by 12% year-over-year following strong customer demand and operational efficiency.,2,walmart reported that fiscal operating income increased by 12 percent year-over-year following strong customer demand and operational efficiency.
Walmart reported that fiscal operating income increased by 15% year-over-year following strong customer demand and operational efficiency.,2,walmart reported that fiscal operating income increased by 15 percent year-over-year following strong customer demand and operational efficiency.
Walmart reported that fiscal operating income grew by 8% year-over-year following strong customer demand and operational efficiency.,2,walmart reported that fiscal operating income grew by 8 percent year-over-year following strong customer demand and operational efficiency.
Walmart reported that fiscal operating income grew by 12% year-over-year following strong customer demand and operational efficiency.,2,walmart reported that fiscal operating income grew by 12 percent year-over-year following strong customer demand and operational efficiency.
Walmart reported that fiscal operating income grew by 15% year-over-year following strong customer demand and operational efficiency.,2,walmart reported that fiscal operating income grew by 15 percent year-over-year following strong customer demand and operational efficiency.
Walmart reported that fiscal operating income surged by 8% year-over-year following strong customer demand and operational efficiency.,2,walmart reported that fiscal operating income surged by 8 percent year-over-year following strong customer demand and operational efficiency.
Walmart reported that fiscal operating income surged by 12% year-over-year following strong customer demand and operational efficiency.,2,walmart reported that fiscal operating income surged by 12 percent year-over-year following strong customer demand and operational efficiency.
Walmart reported that fiscal operating income surged by 15% year-over-year following strong customer demand and operational efficiency.,2,walmart reported that fiscal operating income surged by 15 percent year-over-year following strong customer demand and operational efficiency.
Walmart reported that fiscal net profit increased by 8% year-over-year following strong customer demand and operational efficiency.,2,walmart reported that fiscal net profit increased by 8 percent year-over-year following strong customer demand and operational efficiency.
Walmart reported that fiscal net profit increased by 12% year-over-year following strong customer demand and operational efficiency.,2,walmart reported that fiscal net profit increased by 12 percent year-over-year following strong customer demand and operational efficiency.
Walmart reported that fiscal net profit increased by 15% year-over-year following strong customer demand and operational efficiency.,2,walmart reported that fiscal net profit increased by 15 percent year-over-year following strong customer demand and operational efficiency.
Walmart reported that fiscal net profit grew by 8% year-over-year following strong customer demand and operational efficiency.,2,walmart reported that fiscal net profit grew by 8 percent year-over-year following strong customer demand and operational efficiency.
Walmart reported that fiscal net profit grew by 12% year-over-year following strong customer demand and operational efficiency.,2,walmart reported that fiscal net profit grew by 12 percent year-over-year following strong customer demand and operational efficiency.
Walmart reported that fiscal net profit grew by 15% year-over-year following strong customer demand and operational efficiency.,2,walmart reported that fiscal net profit grew by 15 percent year-over-year following strong customer demand and operational efficiency.
Walmart reported that fiscal net profit surged by 8% year-over-year following strong customer demand and operational efficiency.,2,walmart reported that fiscal net profit surged by 8 percent year-over-year following strong customer demand and operational efficiency.
Walmart reported that fiscal net profit surged by 12% year-over-year following strong customer demand and operational efficiency.,2,walmart reported that fiscal net profit surged by 12 percent year-over-year following strong customer demand and operational efficiency.
Walmart reported that fiscal net profit surged by 15% year-over-year following strong customer demand and operational efficiency.,2,walmart reported that fiscal net profit surged by 15 percent year-over-year following strong customer demand and operational efficiency.
Walmart reported that fiscal quarterly earnings increased by 8% year-over-year following strong customer demand and operational efficiency.,2,walmart reported that fiscal quarterly earnings increased by 8 percent year-over-year following strong customer demand and operational efficiency.
Walmart reported that fiscal quarterly earnings increased by 12% year-over-year following strong customer demand and operational efficiency.,2,walmart reported that fiscal quarterly earnings increased by 12 percent year-over-year following strong customer demand and operational efficiency.
Walmart reported that fiscal quarterly earnings increased by 15% year-over-year following strong customer demand and operational efficiency.,2,walmart reported that fiscal quarterly earnings increased by 15 percent year-over-year following strong customer demand and operational efficiency.
Walmart reported that fiscal quarterly earnings grew by 8% year-over-year following strong customer demand and operational efficiency.,2,walmart reported that fiscal quarterly earnings grew by 8 percent year-over-year following strong customer demand and operational efficiency.
Walmart reported that fiscal quarterly earnings grew by 12% year-over-year following strong customer demand and operational efficiency.,2,walmart reported that fiscal quarterly earnings grew by 12 percent year-over-year following strong customer demand and operational efficiency.
Walmart reported that fiscal quarterly earnings grew by 15% year-over-year following strong customer demand and operational efficiency.,2,walmart reported that fiscal quarterly earnings grew by 15 percent year-over-year following strong customer demand and operational efficiency.
Walmart reported that fiscal quarterly earnings surged by 8% year-over-year following strong customer demand and operational efficiency.,2,walmart reported that fiscal quarterly earnings surged by 8 percent year-over-year following strong customer demand and operational efficiency.
Walmart reported that fiscal quarterly earnings surged by 12% year-over-year following strong customer demand and operational efficiency.,2,walmart reported that fiscal quarterly earnings surged by 12 percent year-over-year following strong customer demand and operational efficiency.
Walmart reported that fiscal quarterly earnings surged by 15% year-over-year following strong customer demand and operational efficiency.,2,walmart reported that fiscal quarterly earnings surged by 15 percent year-over-year following strong customer demand and operational efficiency.
Walmart reported that fiscal EBITDA margin increased by 8% year-over-year following strong customer demand and operational efficiency.,2,walmart reported that fiscal ebitda margin increased by 8 percent year-over-year following strong customer demand and operational efficiency.
Walmart reported that fiscal EBITDA margin increased by 12% year-over-year following strong customer demand and operational efficiency.,2,walmart reported that fiscal ebitda margin increased by 12 percent year-over-year following strong customer demand and operational efficiency.
Walmart reported that fiscal EBITDA margin increased by 15% year-over-year following strong customer demand and operational efficiency.,2,walmart reported that fiscal ebitda margin increased by 15 percent year-over-year following strong customer demand and operational efficiency.
Walmart reported that fiscal EBITDA margin grew by 8% year-over-year following strong customer demand and operational efficiency.,2,walmart reported that fiscal ebitda margin grew by 8 percent year-over-year following strong customer demand and operational efficiency.
Walmart reported that fiscal EBITDA margin grew by 12% year-over-year following strong customer demand and operational efficiency.,2,walmart reported that fiscal ebitda margin grew by 12 percent year-over-year following strong customer demand and operational efficiency.
Walmart reported that fiscal EBITDA margin grew by 15% year-over-year following strong customer demand and operational efficiency.,2,walmart reported that fiscal ebitda margin grew by 15 percent year-over-year following strong customer demand and operational efficiency.
Walmart reported that fiscal EBITDA margin surged by 8% year-over-year following strong customer demand and operational efficiency.,2,walmart reported that fiscal ebitda margin surged by 8 percent year-over-year following strong customer demand and operational efficiency.
Walmart reported that fiscal EBITDA margin surged by 12% year-over-year following strong customer demand and operational efficiency.,2,walmart reported that fiscal ebitda margin surged by 12 percent year-over-year following strong customer demand and operational efficiency.
Walmart reported that fiscal EBITDA margin surged by 15% year-over-year following strong customer demand and operational efficiency.,2,walmart reported that fiscal ebitda margin surged by 15 percent year-over-year following strong customer demand and operational efficiency.
Walmart reported that fiscal free cash flow increased by 8% year-over-year following strong customer demand and operational efficiency.,2,walmart reported that fiscal free cash flow increased by 8 percent year-over-year following strong customer demand and operational efficiency.
Walmart reported that fiscal free cash flow increased by 12% year-over-year following strong customer demand and operational efficiency.,2,walmart reported that fiscal free cash flow increased by 12 percent year-over-year following strong customer demand and operational efficiency.
Walmart reported that fiscal free cash flow increased by 15% year-over-year following strong customer demand and operational efficiency.,2,walmart reported that fiscal free cash flow increased by 15 percent year-over-year following strong customer demand and operational efficiency.
Walmart reported that fiscal free cash flow grew by 8% year-over-year following strong customer demand and operational efficiency.,2,walmart reported that fiscal free cash flow grew by 8 percent year-over-year following strong customer demand and operational efficiency.
Walmart reported that fiscal free cash flow grew by 12% year-over-year following strong customer demand and operational efficiency.,2,walmart reported that fiscal free cash flow grew by 12 percent year-over-year following strong customer demand and operational efficiency.
Walmart reported that fiscal free cash flow grew by 15% year-over-year following strong customer demand and operational efficiency.,2,walmart reported that fiscal free cash flow grew by 15 percent year-over-year following strong customer demand and operational efficiency.
Walmart reported that fiscal free cash flow surged by 8% year-over-year following strong customer demand and operational efficiency.,2,walmart reported that fiscal free cash flow surged by 8 percent year-over-year following strong customer demand and operational efficiency.
Walmart reported that fiscal free cash flow surged by 12% year-over-year following strong customer demand and operational efficiency.,2,walmart reported that fiscal free cash flow surged by 12 percent year-over-year following strong customer demand and operational efficiency.
Walmart reported that fiscal free cash flow surged by 15% year-over-year following strong customer demand and operational efficiency.,2,walmart reported that fiscal free cash flow surged by 15 percent year-over-year following strong customer demand and operational efficiency.
Walmart reported that fiscal top-line growth increased by 8% year-over-year following strong customer demand and operational efficiency.,2,walmart reported that fiscal top-line growth increased by 8 percent year-over-year following strong customer demand and operational efficiency.
Walmart reported that fiscal top-line growth increased by 12% year-over-year following strong customer demand and operational efficiency.,2,walmart reported that fiscal top-line growth increased by 12 percent year-over-year following strong customer demand and operational efficiency.
Walmart reported that fiscal top-line growth increased by 15% year-over-year following strong customer demand and operational efficiency.,2,walmart reported that fiscal top-line growth increased by 15 percent year-over-year following strong customer demand and operational efficiency.
Walmart reported that fiscal top-line growth grew by 8% year-over-year following strong customer demand and operational efficiency.,2,walmart reported that fiscal top-line growth grew by 8 percent year-over-year following strong customer demand and operational efficiency.
Walmart reported that fiscal top-line growth grew by 12% year-over-year following strong customer demand and operational efficiency.,2,walmart reported that fiscal top-line growth grew by 12 percent year-over-year following strong customer demand and operational efficiency.
Walmart reported that fiscal top-line growth grew by 15% year-over-year following strong customer demand and operational efficiency.,2,walmart reported that fiscal top-line growth grew by 15 percent year-over-year following strong customer demand and operational efficiency.
Walmart reported that fiscal top-line growth surged by 8% year-over-year following strong customer demand and operational efficiency.,2,walmart reported that fiscal top-line growth surged by 8 percent year-over-year following strong customer demand and operational efficiency.
Walmart reported that fiscal top-line growth surged by 12% year-over-year following strong customer demand and operational efficiency.,2,walmart reported that fiscal top-line growth surged by 12 percent year-over-year following strong customer demand and operational efficiency.
Walmart reported that fiscal top-line growth surged by 15% year-over-year following strong customer demand and operational efficiency.,2,walmart reported that fiscal top-line growth surged by 15 percent year-over-year following strong customer demand and operational efficiency.
Walmart reported that fiscal subscription sales increased by 8% year-over-year following strong customer demand and operational efficiency.,2,walmart reported that fiscal subscription sales increased by 8 percent year-over-year following strong customer demand and operational efficiency.
Walmart reported that fiscal subscription sales increased by 12% year-over-year following strong customer demand and operational efficiency.,2,walmart reported that fiscal subscription sales increased by 12 percent year-over-year following strong customer demand and operational efficiency.
Walmart reported that fiscal subscription sales increased by 15% year-over-year following strong customer demand and operational efficiency.,2,walmart reported that fiscal subscription sales increased by 15 percent year-over-year following strong customer demand and operational efficiency.
Walmart reported that fiscal subscription sales grew by 8% year-over-year following strong customer demand and operational efficiency.,2,walmart reported that fiscal subscription sales grew by 8 percent year-over-year following strong customer demand and operational efficiency.
Walmart reported that fiscal subscription sales grew by 12% year-over-year following strong customer demand and operational efficiency.,2,walmart reported that fiscal subscription sales grew by 12 percent year-over-year following strong customer demand and operational efficiency.
Walmart reported that fiscal subscription sales grew by 15% year-over-year following strong customer demand and operational efficiency.,2,walmart reported that fiscal subscription sales grew by 15 percent year-over-year following strong customer demand and operational efficiency.
Walmart reported that fiscal subscription sales surged by 8% year-over-year following strong customer demand and operational efficiency.,2,walmart reported that fiscal subscription sales surged by 8 percent year-over-year following strong customer demand and operational efficiency.
Walmart reported that fiscal subscription sales surged by 12% year-over-year following strong customer demand and operational efficiency.,2,walmart reported that fiscal subscription sales surged by 12 percent year-over-year following strong customer demand and operational efficiency.
Walmart reported that fiscal subscription sales surged by 15% year-over-year following strong customer demand and operational efficiency.,2,walmart reported that fiscal subscription sales surged by 15 percent year-over-year following strong customer demand and operational efficiency.
Disney reported that fiscal revenue increased by 8% year-over-year following strong customer demand and operational efficiency.,2,disney reported that fiscal revenue increased by 8 percent year-over-year following strong customer demand and operational efficiency.
Disney reported that fiscal revenue increased by 12% year-over-year following strong customer demand and operational efficiency.,2,disney reported that fiscal revenue increased by 12 percent year-over-year following strong customer demand and operational efficiency.
Disney reported that fiscal revenue increased by 15% year-over-year following strong customer demand and operational efficiency.,2,disney reported that fiscal revenue increased by 15 percent year-over-year following strong customer demand and operational efficiency.
Disney reported that fiscal revenue grew by 8% year-over-year following strong customer demand and operational efficiency.,2,disney reported that fiscal revenue grew by 8 percent year-over-year following strong customer demand and operational efficiency.
Disney reported that fiscal revenue grew by 12% year-over-year following strong customer demand and operational efficiency.,2,disney reported that fiscal revenue grew by 12 percent year-over-year following strong customer demand and operational efficiency.
Disney reported that fiscal revenue grew by 15% year-over-year following strong customer demand and operational efficiency.,2,disney reported that fiscal revenue grew by 15 percent year-over-year following strong customer demand and operational efficiency.
Disney reported that fiscal revenue surged by 8% year-over-year following strong customer demand and operational efficiency.,2,disney reported that fiscal revenue surged by 8 percent year-over-year following strong customer demand and operational efficiency.
Disney reported that fiscal revenue surged by 12% year-over-year following strong customer demand and operational efficiency.,2,disney reported that fiscal revenue surged by 12 percent year-over-year following strong customer demand and operational efficiency.
Disney reported that fiscal revenue surged by 15% year-over-year following strong customer demand and operational efficiency.,2,disney reported that fiscal revenue surged by 15 percent year-over-year following strong customer demand and operational efficiency.
Disney reported that fiscal operating income increased by 8% year-over-year following strong customer demand and operational efficiency.,2,disney reported that fiscal operating income increased by 8 percent year-over-year following strong customer demand and operational efficiency.
Disney reported that fiscal operating income increased by 12% year-over-year following strong customer demand and operational efficiency.,2,disney reported that fiscal operating income increased by 12 percent year-over-year following strong customer demand and operational efficiency.
Disney reported that fiscal operating income increased by 15% year-over-year following strong customer demand and operational efficiency.,2,disney reported that fiscal operating income increased by 15 percent year-over-year following strong customer demand and operational efficiency.
Disney reported that fiscal operating income grew by 8% year-over-year following strong customer demand and operational efficiency.,2,disney reported that fiscal operating income grew by 8 percent year-over-year following strong customer demand and operational efficiency.
Disney reported that fiscal operating income grew by 12% year-over-year following strong customer demand and operational efficiency.,2,disney reported that fiscal operating income grew by 12 percent year-over-year following strong customer demand and operational efficiency.
Disney reported that fiscal operating income grew by 15% year-over-year following strong customer demand and operational efficiency.,2,disney reported that fiscal operating income grew by 15 percent year-over-year following strong customer demand and operational efficiency.
Disney reported that fiscal operating income surged by 8% year-over-year following strong customer demand and operational efficiency.,2,disney reported that fiscal operating income surged by 8 percent year-over-year following strong customer demand and operational efficiency.
Disney reported that fiscal operating income surged by 12% year-over-year following strong customer demand and operational efficiency.,2,disney reported that fiscal operating income surged by 12 percent year-over-year following strong customer demand and operational efficiency.
Disney reported that fiscal operating income surged by 15% year-over-year following strong customer demand and operational efficiency.,2,disney reported that fiscal operating income surged by 15 percent year-over-year following strong customer demand and operational efficiency.
Disney reported that fiscal net profit increased by 8% year-over-year following strong customer demand and operational efficiency.,2,disney reported that fiscal net profit increased by 8 percent year-over-year following strong customer demand and operational efficiency.
Disney reported that fiscal net profit increased by 12% year-over-year following strong customer demand and operational efficiency.,2,disney reported that fiscal net profit increased by 12 percent year-over-year following strong customer demand and operational efficiency.
Disney reported that fiscal net profit increased by 15% year-over-year following strong customer demand and operational efficiency.,2,disney reported that fiscal net profit increased by 15 percent year-over-year following strong customer demand and operational efficiency.
Disney reported that fiscal net profit grew by 8% year-over-year following strong customer demand and operational efficiency.,2,disney reported that fiscal net profit grew by 8 percent year-over-year following strong customer demand and operational efficiency.
Disney reported that fiscal net profit grew by 12% year-over-year following strong customer demand and operational efficiency.,2,disney reported that fiscal net profit grew by 12 percent year-over-year following strong customer demand and operational efficiency.
Disney reported that fiscal net profit grew by 15% year-over-year following strong customer demand and operational efficiency.,2,disney reported that fiscal net profit grew by 15 percent year-over-year following strong customer demand and operational efficiency.
Disney reported that fiscal net profit surged by 8% year-over-year following strong customer demand and operational efficiency.,2,disney reported that fiscal net profit surged by 8 percent year-over-year following strong customer demand and operational efficiency.
Disney reported that fiscal net profit surged by 12% year-over-year following strong customer demand and operational efficiency.,2,disney reported that fiscal net profit surged by 12 percent year-over-year following strong customer demand and operational efficiency.
Disney reported that fiscal net profit surged by 15% year-over-year following strong customer demand and operational efficiency.,2,disney reported that fiscal net profit surged by 15 percent year-over-year following strong customer demand and operational efficiency.
Disney reported that fiscal quarterly earnings increased by 8% year-over-year following strong customer demand and operational efficiency.,2,disney reported that fiscal quarterly earnings increased by 8 percent year-over-year following strong customer demand and operational efficiency.
Disney reported that fiscal quarterly earnings increased by 12% year-over-year following strong customer demand and operational efficiency.,2,disney reported that fiscal quarterly earnings increased by 12 percent year-over-year following strong customer demand and operational efficiency.
Disney reported that fiscal quarterly earnings increased by 15% year-over-year following strong customer demand and operational efficiency.,2,disney reported that fiscal quarterly earnings increased by 15 percent year-over-year following strong customer demand and operational efficiency.
Disney reported that fiscal quarterly earnings grew by 8% year-over-year following strong customer demand and operational efficiency.,2,disney reported that fiscal quarterly earnings grew by 8 percent year-over-year following strong customer demand and operational efficiency.
Disney reported that fiscal quarterly earnings grew by 12% year-over-year following strong customer demand and operational efficiency.,2,disney reported that fiscal quarterly earnings grew by 12 percent year-over-year following strong customer demand and operational efficiency.
Disney reported that fiscal quarterly earnings grew by 15% year-over-year following strong customer demand and operational efficiency.,2,disney reported that fiscal quarterly earnings grew by 15 percent year-over-year following strong customer demand and operational efficiency.
Disney reported that fiscal quarterly earnings surged by 8% year-over-year following strong customer demand and operational efficiency.,2,disney reported that fiscal quarterly earnings surged by 8 percent year-over-year following strong customer demand and operational efficiency.
Disney reported that fiscal quarterly earnings surged by 12% year-over-year following strong customer demand and operational efficiency.,2,disney reported that fiscal quarterly earnings surged by 12 percent year-over-year following strong customer demand and operational efficiency.
Disney reported that fiscal quarterly earnings surged by 15% year-over-year following strong customer demand and operational efficiency.,2,disney reported that fiscal quarterly earnings surged by 15 percent year-over-year following strong customer demand and operational efficiency.
Disney reported that fiscal EBITDA margin increased by 8% year-over-year following strong customer demand and operational efficiency.,2,disney reported that fiscal ebitda margin increased by 8 percent year-over-year following strong customer demand and operational efficiency.
Disney reported that fiscal EBITDA margin increased by 12% year-over-year following strong customer demand and operational efficiency.,2,disney reported that fiscal ebitda margin increased by 12 percent year-over-year following strong customer demand and operational efficiency.
Disney reported that fiscal EBITDA margin increased by 15% year-over-year following strong customer demand and operational efficiency.,2,disney reported that fiscal ebitda margin increased by 15 percent year-over-year following strong customer demand and operational efficiency.
Disney reported that fiscal EBITDA margin grew by 8% year-over-year following strong customer demand and operational efficiency.,2,disney reported that fiscal ebitda margin grew by 8 percent year-over-year following strong customer demand and operational efficiency.
Disney reported that fiscal EBITDA margin grew by 12% year-over-year following strong customer demand and operational efficiency.,2,disney reported that fiscal ebitda margin grew by 12 percent year-over-year following strong customer demand and operational efficiency.
Disney reported that fiscal EBITDA margin grew by 15% year-over-year following strong customer demand and operational efficiency.,2,disney reported that fiscal ebitda margin grew by 15 percent year-over-year following strong customer demand and operational efficiency.
Disney reported that fiscal EBITDA margin surged by 8% year-over-year following strong customer demand and operational efficiency.,2,disney reported that fiscal ebitda margin surged by 8 percent year-over-year following strong customer demand and operational efficiency.
Disney reported that fiscal EBITDA margin surged by 12% year-over-year following strong customer demand and operational efficiency.,2,disney reported that fiscal ebitda margin surged by 12 percent year-over-year following strong customer demand and operational efficiency.
Disney reported that fiscal EBITDA margin surged by 15% year-over-year following strong customer demand and operational efficiency.,2,disney reported that fiscal ebitda margin surged by 15 percent year-over-year following strong customer demand and operational efficiency.
Disney reported that fiscal free cash flow increased by 8% year-over-year following strong customer demand and operational efficiency.,2,disney reported that fiscal free cash flow increased by 8 percent year-over-year following strong customer demand and operational efficiency.
Disney reported that fiscal free cash flow increased by 12% year-over-year following strong customer demand and operational efficiency.,2,disney reported that fiscal free cash flow increased by 12 percent year-over-year following strong customer demand and operational efficiency.
Disney reported that fiscal free cash flow increased by 15% year-over-year following strong customer demand and operational efficiency.,2,disney reported that fiscal free cash flow increased by 15 percent year-over-year following strong customer demand and operational efficiency.
Disney reported that fiscal free cash flow grew by 8% year-over-year following strong customer demand and operational efficiency.,2,disney reported that fiscal free cash flow grew by 8 percent year-over-year following strong customer demand and operational efficiency.
Disney reported that fiscal free cash flow grew by 12% year-over-year following strong customer demand and operational efficiency.,2,disney reported that fiscal free cash flow grew by 12 percent year-over-year following strong customer demand and operational efficiency.
Disney reported that fiscal free cash flow grew by 15% year-over-year following strong customer demand and operational efficiency.,2,disney reported that fiscal free cash flow grew by 15 percent year-over-year following strong customer demand and operational efficiency.
Disney reported that fiscal free cash flow surged by 8% year-over-year following strong customer demand and operational efficiency.,2,disney reported that fiscal free cash flow surged by 8 percent year-over-year following strong customer demand and operational efficiency.
Disney reported that fiscal free cash flow surged by 12% year-over-year following strong customer demand and operational efficiency.,2,disney reported that fiscal free cash flow surged by 12 percent year-over-year following strong customer demand and operational efficiency.
Disney reported that fiscal free cash flow surged by 15% year-over-year following strong customer demand and operational efficiency.,2,disney reported that fiscal free cash flow surged by 15 percent year-over-year following strong customer demand and operational efficiency.
Disney reported that fiscal top-line growth increased by 8% year-over-year following strong customer demand and operational efficiency.,2,disney reported that fiscal top-line growth increased by 8 percent year-over-year following strong customer demand and operational efficiency.
Disney reported that fiscal top-line growth increased by 12% year-over-year following strong customer demand and operational efficiency.,2,disney reported that fiscal top-line growth increased by 12 percent year-over-year following strong customer demand and operational efficiency.
Disney reported that fiscal top-line growth increased by 15% year-over-year following strong customer demand and operational efficiency.,2,disney reported that fiscal top-line growth increased by 15 percent year-over-year following strong customer demand and operational efficiency.
Disney reported that fiscal top-line growth grew by 8% year-over-year following strong customer demand and operational efficiency.,2,disney reported that fiscal top-line growth grew by 8 percent year-over-year following strong customer demand and operational efficiency.
Disney reported that fiscal top-line growth grew by 12% year-over-year following strong customer demand and operational efficiency.,2,disney reported that fiscal top-line growth grew by 12 percent year-over-year following strong customer demand and operational efficiency.
Disney reported that fiscal top-line growth grew by 15% year-over-year following strong customer demand and operational efficiency.,2,disney reported that fiscal top-line growth grew by 15 percent year-over-year following strong customer demand and operational efficiency.
Disney reported that fiscal top-line growth surged by 8% year-over-year following strong customer demand and operational efficiency.,2,disney reported that fiscal top-line growth surged by 8 percent year-over-year following strong customer demand and operational efficiency.
Disney reported that fiscal top-line growth surged by 12% year-over-year following strong customer demand and operational efficiency.,2,disney reported that fiscal top-line growth surged by 12 percent year-over-year following strong customer demand and operational efficiency.
Disney reported that fiscal top-line growth surged by 15% year-over-year following strong customer demand and operational efficiency.,2,disney reported that fiscal top-line growth surged by 15 percent year-over-year following strong customer demand and operational efficiency.
Disney reported that fiscal subscription sales increased by 8% year-over-year following strong customer demand and operational efficiency.,2,disney reported that fiscal subscription sales increased by 8 percent year-over-year following strong customer demand and operational efficiency.
Disney reported that fiscal subscription sales increased by 12% year-over-year following strong customer demand and operational efficiency.,2,disney reported that fiscal subscription sales increased by 12 percent year-over-year following strong customer demand and operational efficiency.
Disney reported that fiscal subscription sales increased by 15% year-over-year following strong customer demand and operational efficiency.,2,disney reported that fiscal subscription sales increased by 15 percent year-over-year following strong customer demand and operational efficiency.
Disney reported that fiscal subscription sales grew by 8% year-over-year following strong customer demand and operational efficiency.,2,disney reported that fiscal subscription sales grew by 8 percent year-over-year following strong customer demand and operational efficiency.
Disney reported that fiscal subscription sales grew by 12% year-over-year following strong customer demand and operational efficiency.,2,disney reported that fiscal subscription sales grew by 12 percent year-over-year following strong customer demand and operational efficiency.
Disney reported that fiscal subscription sales grew by 15% year-over-year following strong customer demand and operational efficiency.,2,disney reported that fiscal subscription sales grew by 15 percent year-over-year following strong customer demand and operational efficiency.
Disney reported that fiscal subscription sales surged by 8% year-over-year following strong customer demand and operational efficiency.,2,disney reported that fiscal subscription sales surged by 8 percent year-over-year following strong customer demand and operational efficiency.
Disney reported that fiscal subscription sales surged by 12% year-over-year following strong customer demand and operational efficiency.,2,disney reported that fiscal subscription sales surged by 12 percent year-over-year following strong customer demand and operational efficiency.
Disney reported that fiscal subscription sales surged by 15% year-over-year following strong customer demand and operational efficiency.,2,disney reported that fiscal subscription sales surged by 15 percent year-over-year following strong customer demand and operational efficiency.
Apple shares fell after fiscal revenue declined by 8% citing elevated supply costs and weakening global market demand.,0,apple shares fell after fiscal revenue declined by 8 percent citing elevated supply costs and weakening global market demand.
Apple shares fell after fiscal revenue declined by 12% citing elevated supply costs and weakening global market demand.,0,apple shares fell after fiscal revenue declined by 12 percent citing elevated supply costs and weakening global market demand.
Apple shares fell after fiscal revenue declined by 15% citing elevated supply costs and weakening global market demand.,0,apple shares fell after fiscal revenue declined by 15 percent citing elevated supply costs and weakening global market demand.
Apple shares fell after fiscal revenue dropped by 8% citing elevated supply costs and weakening global market demand.,0,apple shares fell after fiscal revenue dropped by 8 percent citing elevated supply costs and weakening global market demand.
Apple shares fell after fiscal revenue dropped by 12% citing elevated supply costs and weakening global market demand.,0,apple shares fell after fiscal revenue dropped by 12 percent citing elevated supply costs and weakening global market demand.
Apple shares fell after fiscal revenue dropped by 15% citing elevated supply costs and weakening global market demand.,0,apple shares fell after fiscal revenue dropped by 15 percent citing elevated supply costs and weakening global market demand.
Apple shares fell after fiscal revenue plunged by 8% citing elevated supply costs and weakening global market demand.,0,apple shares fell after fiscal revenue plunged by 8 percent citing elevated supply costs and weakening global market demand.
Apple shares fell after fiscal revenue plunged by 12% citing elevated supply costs and weakening global market demand.,0,apple shares fell after fiscal revenue plunged by 12 percent citing elevated supply costs and weakening global market demand.
Apple shares fell after fiscal revenue plunged by 15% citing elevated supply costs and weakening global market demand.,0,apple shares fell after fiscal revenue plunged by 15 percent citing elevated supply costs and weakening global market demand.
Apple shares fell after fiscal operating income declined by 8% citing elevated supply costs and weakening global market demand.,0,apple shares fell after fiscal operating income declined by 8 percent citing elevated supply costs and weakening global market demand.
Apple shares fell after fiscal operating income declined by 12% citing elevated supply costs and weakening global market demand.,0,apple shares fell after fiscal operating income declined by 12 percent citing elevated supply costs and weakening global market demand.
Apple shares fell after fiscal operating income declined by 15% citing elevated supply costs and weakening global market demand.,0,apple shares fell after fiscal operating income declined by 15 percent citing elevated supply costs and weakening global market demand.
Apple shares fell after fiscal operating income dropped by 8% citing elevated supply costs and weakening global market demand.,0,apple shares fell after fiscal operating income dropped by 8 percent citing elevated supply costs and weakening global market demand.
Apple shares fell after fiscal operating income dropped by 12% citing elevated supply costs and weakening global market demand.,0,apple shares fell after fiscal operating income dropped by 12 percent citing elevated supply costs and weakening global market demand.
Apple shares fell after fiscal operating income dropped by 15% citing elevated supply costs and weakening global market demand.,0,apple shares fell after fiscal operating income dropped by 15 percent citing elevated supply costs and weakening global market demand.
Apple shares fell after fiscal operating income plunged by 8% citing elevated supply costs and weakening global market demand.,0,apple shares fell after fiscal operating income plunged by 8 percent citing elevated supply costs and weakening global market demand.
Apple shares fell after fiscal operating income plunged by 12% citing elevated supply costs and weakening global market demand.,0,apple shares fell after fiscal operating income plunged by 12 percent citing elevated supply costs and weakening global market demand.
Apple shares fell after fiscal operating income plunged by 15% citing elevated supply costs and weakening global market demand.,0,apple shares fell after fiscal operating income plunged by 15 percent citing elevated supply costs and weakening global market demand.
Apple shares fell after fiscal net profit declined by 8% citing elevated supply costs and weakening global market demand.,0,apple shares fell after fiscal net profit declined by 8 percent citing elevated supply costs and weakening global market demand.
Apple shares fell after fiscal net profit declined by 12% citing elevated supply costs and weakening global market demand.,0,apple shares fell after fiscal net profit declined by 12 percent citing elevated supply costs and weakening global market demand.
Apple shares fell after fiscal net profit declined by 15% citing elevated supply costs and weakening global market demand.,0,apple shares fell after fiscal net profit declined by 15 percent citing elevated supply costs and weakening global market demand.
Apple shares fell after fiscal net profit dropped by 8% citing elevated supply costs and weakening global market demand.,0,apple shares fell after fiscal net profit dropped by 8 percent citing elevated supply costs and weakening global market demand.
Apple shares fell after fiscal net profit dropped by 12% citing elevated supply costs and weakening global market demand.,0,apple shares fell after fiscal net profit dropped by 12 percent citing elevated supply costs and weakening global market demand.
Apple shares fell after fiscal net profit dropped by 15% citing elevated supply costs and weakening global market demand.,0,apple shares fell after fiscal net profit dropped by 15 percent citing elevated supply costs and weakening global market demand.
Apple shares fell after fiscal net profit plunged by 8% citing elevated supply costs and weakening global market demand.,0,apple shares fell after fiscal net profit plunged by 8 percent citing elevated supply costs and weakening global market demand.
Apple shares fell after fiscal net profit plunged by 12% citing elevated supply costs and weakening global market demand.,0,apple shares fell after fiscal net profit plunged by 12 percent citing elevated supply costs and weakening global market demand.
Apple shares fell after fiscal net profit plunged by 15% citing elevated supply costs and weakening global market demand.,0,apple shares fell after fiscal net profit plunged by 15 percent citing elevated supply costs and weakening global market demand.
Apple shares fell after fiscal quarterly earnings declined by 8% citing elevated supply costs and weakening global market demand.,0,apple shares fell after fiscal quarterly earnings declined by 8 percent citing elevated supply costs and weakening global market demand.
Apple shares fell after fiscal quarterly earnings declined by 12% citing elevated supply costs and weakening global market demand.,0,apple shares fell after fiscal quarterly earnings declined by 12 percent citing elevated supply costs and weakening global market demand.
Apple shares fell after fiscal quarterly earnings declined by 15% citing elevated supply costs and weakening global market demand.,0,apple shares fell after fiscal quarterly earnings declined by 15 percent citing elevated supply costs and weakening global market demand.
Apple shares fell after fiscal quarterly earnings dropped by 8% citing elevated supply costs and weakening global market demand.,0,apple shares fell after fiscal quarterly earnings dropped by 8 percent citing elevated supply costs and weakening global market demand.
Apple shares fell after fiscal quarterly earnings dropped by 12% citing elevated supply costs and weakening global market demand.,0,apple shares fell after fiscal quarterly earnings dropped by 12 percent citing elevated supply costs and weakening global market demand.
Apple shares fell after fiscal quarterly earnings dropped by 15% citing elevated supply costs and weakening global market demand.,0,apple shares fell after fiscal quarterly earnings dropped by 15 percent citing elevated supply costs and weakening global market demand.
Apple shares fell after fiscal quarterly earnings plunged by 8% citing elevated supply costs and weakening global market demand.,0,apple shares fell after fiscal quarterly earnings plunged by 8 percent citing elevated supply costs and weakening global market demand.
Apple shares fell after fiscal quarterly earnings plunged by 12% citing elevated supply costs and weakening global market demand.,0,apple shares fell after fiscal quarterly earnings plunged by 12 percent citing elevated supply costs and weakening global market demand.
Apple shares fell after fiscal quarterly earnings plunged by 15% citing elevated supply costs and weakening global market demand.,0,apple shares fell after fiscal quarterly earnings plunged by 15 percent citing elevated supply costs and weakening global market demand.
Apple shares fell after fiscal EBITDA margin declined by 8% citing elevated supply costs and weakening global market demand.,0,apple shares fell after fiscal ebitda margin declined by 8 percent citing elevated supply costs and weakening global market demand.
Apple shares fell after fiscal EBITDA margin declined by 12% citing elevated supply costs and weakening global market demand.,0,apple shares fell after fiscal ebitda margin declined by 12 percent citing elevated supply costs and weakening global market demand.
Apple shares fell after fiscal EBITDA margin declined by 15% citing elevated supply costs and weakening global market demand.,0,apple shares fell after fiscal ebitda margin declined by 15 percent citing elevated supply costs and weakening global market demand.
Apple shares fell after fiscal EBITDA margin dropped by 8% citing elevated supply costs and weakening global market demand.,0,apple shares fell after fiscal ebitda margin dropped by 8 percent citing elevated supply costs and weakening global market demand.
Apple shares fell after fiscal EBITDA margin dropped by 12% citing elevated supply costs and weakening global market demand.,0,apple shares fell after fiscal ebitda margin dropped by 12 percent citing elevated supply costs and weakening global market demand.
Apple shares fell after fiscal EBITDA margin dropped by 15% citing elevated supply costs and weakening global market demand.,0,apple shares fell after fiscal ebitda margin dropped by 15 percent citing elevated supply costs and weakening global market demand.
Apple shares fell after fiscal EBITDA margin plunged by 8% citing elevated supply costs and weakening global market demand.,0,apple shares fell after fiscal ebitda margin plunged by 8 percent citing elevated supply costs and weakening global market demand.
Apple shares fell after fiscal EBITDA margin plunged by 12% citing elevated supply costs and weakening global market demand.,0,apple shares fell after fiscal ebitda margin plunged by 12 percent citing elevated supply costs and weakening global market demand.
Apple shares fell after fiscal EBITDA margin plunged by 15% citing elevated supply costs and weakening global market demand.,0,apple shares fell after fiscal ebitda margin plunged by 15 percent citing elevated supply costs and weakening global market demand.
Apple shares fell after fiscal free cash flow declined by 8% citing elevated supply costs and weakening global market demand.,0,apple shares fell after fiscal free cash flow declined by 8 percent citing elevated supply costs and weakening global market demand.
Apple shares fell after fiscal free cash flow declined by 12% citing elevated supply costs and weakening global market demand.,0,apple shares fell after fiscal free cash flow declined by 12 percent citing elevated supply costs and weakening global market demand.
Apple shares fell after fiscal free cash flow declined by 15% citing elevated supply costs and weakening global market demand.,0,apple shares fell after fiscal free cash flow declined by 15 percent citing elevated supply costs and weakening global market demand.
Apple shares fell after fiscal free cash flow dropped by 8% citing elevated supply costs and weakening global market demand.,0,apple shares fell after fiscal free cash flow dropped by 8 percent citing elevated supply costs and weakening global market demand.
Apple shares fell after fiscal free cash flow dropped by 12% citing elevated supply costs and weakening global market demand.,0,apple shares fell after fiscal free cash flow dropped by 12 percent citing elevated supply costs and weakening global market demand.
Apple shares fell after fiscal free cash flow dropped by 15% citing elevated supply costs and weakening global market demand.,0,apple shares fell after fiscal free cash flow dropped by 15 percent citing elevated supply costs and weakening global market demand.
Apple shares fell after fiscal free cash flow plunged by 8% citing elevated supply costs and weakening global market demand.,0,apple shares fell after fiscal free cash flow plunged by 8 percent citing elevated supply costs and weakening global market demand.
Apple shares fell after fiscal free cash flow plunged by 12% citing elevated supply costs and weakening global market demand.,0,apple shares fell after fiscal free cash flow plunged by 12 percent citing elevated supply costs and weakening global market demand.
Apple shares fell after fiscal free cash flow plunged by 15% citing elevated supply costs and weakening global market demand.,0,apple shares fell after fiscal free cash flow plunged by 15 percent citing elevated supply costs and weakening global market demand.
Apple shares fell after fiscal top-line growth declined by 8% citing elevated supply costs and weakening global market demand.,0,apple shares fell after fiscal top-line growth declined by 8 percent citing elevated supply costs and weakening global market demand.
Apple shares fell after fiscal top-line growth declined by 12% citing elevated supply costs and weakening global market demand.,0,apple shares fell after fiscal top-line growth declined by 12 percent citing elevated supply costs and weakening global market demand.
Apple shares fell after fiscal top-line growth declined by 15% citing elevated supply costs and weakening global market demand.,0,apple shares fell after fiscal top-line growth declined by 15 percent citing elevated supply costs and weakening global market demand.
Apple shares fell after fiscal top-line growth dropped by 8% citing elevated supply costs and weakening global market demand.,0,apple shares fell after fiscal top-line growth dropped by 8 percent citing elevated supply costs and weakening global market demand.
Apple shares fell after fiscal top-line growth dropped by 12% citing elevated supply costs and weakening global market demand.,0,apple shares fell after fiscal top-line growth dropped by 12 percent citing elevated supply costs and weakening global market demand.
Apple shares fell after fiscal top-line growth dropped by 15% citing elevated supply costs and weakening global market demand.,0,apple shares fell after fiscal top-line growth dropped by 15 percent citing elevated supply costs and weakening global market demand.
Apple shares fell after fiscal top-line growth plunged by 8% citing elevated supply costs and weakening global market demand.,0,apple shares fell after fiscal top-line growth plunged by 8 percent citing elevated supply costs and weakening global market demand.
Apple shares fell after fiscal top-line growth plunged by 12% citing elevated supply costs and weakening global market demand.,0,apple shares fell after fiscal top-line growth plunged by 12 percent citing elevated supply costs and weakening global market demand.
Apple shares fell after fiscal top-line growth plunged by 15% citing elevated supply costs and weakening global market demand.,0,apple shares fell after fiscal top-line growth plunged by 15 percent citing elevated supply costs and weakening global market demand.
Apple shares fell after fiscal subscription sales declined by 8% citing elevated supply costs and weakening global market demand.,0,apple shares fell after fiscal subscription sales declined by 8 percent citing elevated supply costs and weakening global market demand.
Apple shares fell after fiscal subscription sales declined by 12% citing elevated supply costs and weakening global market demand.,0,apple shares fell after fiscal subscription sales declined by 12 percent citing elevated supply costs and weakening global market demand.
Apple shares fell after fiscal subscription sales declined by 15% citing elevated supply costs and weakening global market demand.,0,apple shares fell after fiscal subscription sales declined by 15 percent citing elevated supply costs and weakening global market demand.
Apple shares fell after fiscal subscription sales dropped by 8% citing elevated supply costs and weakening global market demand.,0,apple shares fell after fiscal subscription sales dropped by 8 percent citing elevated supply costs and weakening global market demand.
Apple shares fell after fiscal subscription sales dropped by 12% citing elevated supply costs and weakening global market demand.,0,apple shares fell after fiscal subscription sales dropped by 12 percent citing elevated supply costs and weakening global market demand.
Apple shares fell after fiscal subscription sales dropped by 15% citing elevated supply costs and weakening global market demand.,0,apple shares fell after fiscal subscription sales dropped by 15 percent citing elevated supply costs and weakening global market demand.
Apple shares fell after fiscal subscription sales plunged by 8% citing elevated supply costs and weakening global market demand.,0,apple shares fell after fiscal subscription sales plunged by 8 percent citing elevated supply costs and weakening global market demand.
Apple shares fell after fiscal subscription sales plunged by 12% citing elevated supply costs and weakening global market demand.,0,apple shares fell after fiscal subscription sales plunged by 12 percent citing elevated supply costs and weakening global market demand.
Apple shares fell after fiscal subscription sales plunged by 15% citing elevated supply costs and weakening global market demand.,0,apple shares fell after fiscal subscription sales plunged by 15 percent citing elevated supply costs and weakening global market demand.
Tesla shares fell after fiscal revenue declined by 8% citing elevated supply costs and weakening global market demand.,0,tesla shares fell after fiscal revenue declined by 8 percent citing elevated supply costs and weakening global market demand.
Tesla shares fell after fiscal revenue declined by 12% citing elevated supply costs and weakening global market demand.,0,tesla shares fell after fiscal revenue declined by 12 percent citing elevated supply costs and weakening global market demand.
Tesla shares fell after fiscal revenue declined by 15% citing elevated supply costs and weakening global market demand.,0,tesla shares fell after fiscal revenue declined by 15 percent citing elevated supply costs and weakening global market demand.
Tesla shares fell after fiscal revenue dropped by 8% citing elevated supply costs and weakening global market demand.,0,tesla shares fell after fiscal revenue dropped by 8 percent citing elevated supply costs and weakening global market demand.
Tesla shares fell after fiscal revenue dropped by 12% citing elevated supply costs and weakening global market demand.,0,tesla shares fell after fiscal revenue dropped by 12 percent citing elevated supply costs and weakening global market demand.
Tesla shares fell after fiscal revenue dropped by 15% citing elevated supply costs and weakening global market demand.,0,tesla shares fell after fiscal revenue dropped by 15 percent citing elevated supply costs and weakening global market demand.
Tesla shares fell after fiscal revenue plunged by 8% citing elevated supply costs and weakening global market demand.,0,tesla shares fell after fiscal revenue plunged by 8 percent citing elevated supply costs and weakening global market demand.
Tesla shares fell after fiscal revenue plunged by 12% citing elevated supply costs and weakening global market demand.,0,tesla shares fell after fiscal revenue plunged by 12 percent citing elevated supply costs and weakening global market demand.
Tesla shares fell after fiscal revenue plunged by 15% citing elevated supply costs and weakening global market demand.,0,tesla shares fell after fiscal revenue plunged by 15 percent citing elevated supply costs and weakening global market demand.
Tesla shares fell after fiscal operating income declined by 8% citing elevated supply costs and weakening global market demand.,0,tesla shares fell after fiscal operating income declined by 8 percent citing elevated supply costs and weakening global market demand.
Tesla shares fell after fiscal operating income declined by 12% citing elevated supply costs and weakening global market demand.,0,tesla shares fell after fiscal operating income declined by 12 percent citing elevated supply costs and weakening global market demand.
Tesla shares fell after fiscal operating income declined by 15% citing elevated supply costs and weakening global market demand.,0,tesla shares fell after fiscal operating income declined by 15 percent citing elevated supply costs and weakening global market demand.
Tesla shares fell after fiscal operating income dropped by 8% citing elevated supply costs and weakening global market demand.,0,tesla shares fell after fiscal operating income dropped by 8 percent citing elevated supply costs and weakening global market demand.
Tesla shares fell after fiscal operating income dropped by 12% citing elevated supply costs and weakening global market demand.,0,tesla shares fell after fiscal operating income dropped by 12 percent citing elevated supply costs and weakening global market demand.
Tesla shares fell after fiscal operating income dropped by 15% citing elevated supply costs and weakening global market demand.,0,tesla shares fell after fiscal operating income dropped by 15 percent citing elevated supply costs and weakening global market demand.
Tesla shares fell after fiscal operating income plunged by 8% citing elevated supply costs and weakening global market demand.,0,tesla shares fell after fiscal operating income plunged by 8 percent citing elevated supply costs and weakening global market demand.
Tesla shares fell after fiscal operating income plunged by 12% citing elevated supply costs and weakening global market demand.,0,tesla shares fell after fiscal operating income plunged by 12 percent citing elevated supply costs and weakening global market demand.
Tesla shares fell after fiscal operating income plunged by 15% citing elevated supply costs and weakening global market demand.,0,tesla shares fell after fiscal operating income plunged by 15 percent citing elevated supply costs and weakening global market demand.
Tesla shares fell after fiscal net profit declined by 8% citing elevated supply costs and weakening global market demand.,0,tesla shares fell after fiscal net profit declined by 8 percent citing elevated supply costs and weakening global market demand.
Tesla shares fell after fiscal net profit declined by 12% citing elevated supply costs and weakening global market demand.,0,tesla shares fell after fiscal net profit declined by 12 percent citing elevated supply costs and weakening global market demand.
Tesla shares fell after fiscal net profit declined by 15% citing elevated supply costs and weakening global market demand.,0,tesla shares fell after fiscal net profit declined by 15 percent citing elevated supply costs and weakening global market demand.
Tesla shares fell after fiscal net profit dropped by 8% citing elevated supply costs and weakening global market demand.,0,tesla shares fell after fiscal net profit dropped by 8 percent citing elevated supply costs and weakening global market demand.
Tesla shares fell after fiscal net profit dropped by 12% citing elevated supply costs and weakening global market demand.,0,tesla shares fell after fiscal net profit dropped by 12 percent citing elevated supply costs and weakening global market demand.
Tesla shares fell after fiscal net profit dropped by 15% citing elevated supply costs and weakening global market demand.,0,tesla shares fell after fiscal net profit dropped by 15 percent citing elevated supply costs and weakening global market demand.
Tesla shares fell after fiscal net profit plunged by 8% citing elevated supply costs and weakening global market demand.,0,tesla shares fell after fiscal net profit plunged by 8 percent citing elevated supply costs and weakening global market demand.
Tesla shares fell after fiscal net profit plunged by 12% citing elevated supply costs and weakening global market demand.,0,tesla shares fell after fiscal net profit plunged by 12 percent citing elevated supply costs and weakening global market demand.
Tesla shares fell after fiscal net profit plunged by 15% citing elevated supply costs and weakening global market demand.,0,tesla shares fell after fiscal net profit plunged by 15 percent citing elevated supply costs and weakening global market demand.
Tesla shares fell after fiscal quarterly earnings declined by 8% citing elevated supply costs and weakening global market demand.,0,tesla shares fell after fiscal quarterly earnings declined by 8 percent citing elevated supply costs and weakening global market demand.
Tesla shares fell after fiscal quarterly earnings declined by 12% citing elevated supply costs and weakening global market demand.,0,tesla shares fell after fiscal quarterly earnings declined by 12 percent citing elevated supply costs and weakening global market demand.
Tesla shares fell after fiscal quarterly earnings declined by 15% citing elevated supply costs and weakening global market demand.,0,tesla shares fell after fiscal quarterly earnings declined by 15 percent citing elevated supply costs and weakening global market demand.
Tesla shares fell after fiscal quarterly earnings dropped by 8% citing elevated supply costs and weakening global market demand.,0,tesla shares fell after fiscal quarterly earnings dropped by 8 percent citing elevated supply costs and weakening global market demand.
Tesla shares fell after fiscal quarterly earnings dropped by 12% citing elevated supply costs and weakening global market demand.,0,tesla shares fell after fiscal quarterly earnings dropped by 12 percent citing elevated supply costs and weakening global market demand.
Tesla shares fell after fiscal quarterly earnings dropped by 15% citing elevated supply costs and weakening global market demand.,0,tesla shares fell after fiscal quarterly earnings dropped by 15 percent citing elevated supply costs and weakening global market demand.
Tesla shares fell after fiscal quarterly earnings plunged by 8% citing elevated supply costs and weakening global market demand.,0,tesla shares fell after fiscal quarterly earnings plunged by 8 percent citing elevated supply costs and weakening global market demand.
Tesla shares fell after fiscal quarterly earnings plunged by 12% citing elevated supply costs and weakening global market demand.,0,tesla shares fell after fiscal quarterly earnings plunged by 12 percent citing elevated supply costs and weakening global market demand.
Tesla shares fell after fiscal quarterly earnings plunged by 15% citing elevated supply costs and weakening global market demand.,0,tesla shares fell after fiscal quarterly earnings plunged by 15 percent citing elevated supply costs and weakening global market demand.
Tesla shares fell after fiscal EBITDA margin declined by 8% citing elevated supply costs and weakening global market demand.,0,tesla shares fell after fiscal ebitda margin declined by 8 percent citing elevated supply costs and weakening global market demand.
Tesla shares fell after fiscal EBITDA margin declined by 12% citing elevated supply costs and weakening global market demand.,0,tesla shares fell after fiscal ebitda margin declined by 12 percent citing elevated supply costs and weakening global market demand.
Tesla shares fell after fiscal EBITDA margin declined by 15% citing elevated supply costs and weakening global market demand.,0,tesla shares fell after fiscal ebitda margin declined by 15 percent citing elevated supply costs and weakening global market demand.
Tesla shares fell after fiscal EBITDA margin dropped by 8% citing elevated supply costs and weakening global market demand.,0,tesla shares fell after fiscal ebitda margin dropped by 8 percent citing elevated supply costs and weakening global market demand.
Tesla shares fell after fiscal EBITDA margin dropped by 12% citing elevated supply costs and weakening global market demand.,0,tesla shares fell after fiscal ebitda margin dropped by 12 percent citing elevated supply costs and weakening global market demand.
Tesla shares fell after fiscal EBITDA margin dropped by 15% citing elevated supply costs and weakening global market demand.,0,tesla shares fell after fiscal ebitda margin dropped by 15 percent citing elevated supply costs and weakening global market demand.
Tesla shares fell after fiscal EBITDA margin plunged by 8% citing elevated supply costs and weakening global market demand.,0,tesla shares fell after fiscal ebitda margin plunged by 8 percent citing elevated supply costs and weakening global market demand.
Tesla shares fell after fiscal EBITDA margin plunged by 12% citing elevated supply costs and weakening global market demand.,0,tesla shares fell after fiscal ebitda margin plunged by 12 percent citing elevated supply costs and weakening global market demand.
Tesla shares fell after fiscal EBITDA margin plunged by 15% citing elevated supply costs and weakening global market demand.,0,tesla shares fell after fiscal ebitda margin plunged by 15 percent citing elevated supply costs and weakening global market demand.
Tesla shares fell after fiscal free cash flow declined by 8% citing elevated supply costs and weakening global market demand.,0,tesla shares fell after fiscal free cash flow declined by 8 percent citing elevated supply costs and weakening global market demand.
Tesla shares fell after fiscal free cash flow declined by 12% citing elevated supply costs and weakening global market demand.,0,tesla shares fell after fiscal free cash flow declined by 12 percent citing elevated supply costs and weakening global market demand.
Tesla shares fell after fiscal free cash flow declined by 15% citing elevated supply costs and weakening global market demand.,0,tesla shares fell after fiscal free cash flow declined by 15 percent citing elevated supply costs and weakening global market demand.
Tesla shares fell after fiscal free cash flow dropped by 8% citing elevated supply costs and weakening global market demand.,0,tesla shares fell after fiscal free cash flow dropped by 8 percent citing elevated supply costs and weakening global market demand.
Tesla shares fell after fiscal free cash flow dropped by 12% citing elevated supply costs and weakening global market demand.,0,tesla shares fell after fiscal free cash flow dropped by 12 percent citing elevated supply costs and weakening global market demand.
Tesla shares fell after fiscal free cash flow dropped by 15% citing elevated supply costs and weakening global market demand.,0,tesla shares fell after fiscal free cash flow dropped by 15 percent citing elevated supply costs and weakening global market demand.
Tesla shares fell after fiscal free cash flow plunged by 8% citing elevated supply costs and weakening global market demand.,0,tesla shares fell after fiscal free cash flow plunged by 8 percent citing elevated supply costs and weakening global market demand.
Tesla shares fell after fiscal free cash flow plunged by 12% citing elevated supply costs and weakening global market demand.,0,tesla shares fell after fiscal free cash flow plunged by 12 percent citing elevated supply costs and weakening global market demand.
Tesla shares fell after fiscal free cash flow plunged by 15% citing elevated supply costs and weakening global market demand.,0,tesla shares fell after fiscal free cash flow plunged by 15 percent citing elevated supply costs and weakening global market demand.
Tesla shares fell after fiscal top-line growth declined by 8% citing elevated supply costs and weakening global market demand.,0,tesla shares fell after fiscal top-line growth declined by 8 percent citing elevated supply costs and weakening global market demand.
Tesla shares fell after fiscal top-line growth declined by 12% citing elevated supply costs and weakening global market demand.,0,tesla shares fell after fiscal top-line growth declined by 12 percent citing elevated supply costs and weakening global market demand.
Tesla shares fell after fiscal top-line growth declined by 15% citing elevated supply costs and weakening global market demand.,0,tesla shares fell after fiscal top-line growth declined by 15 percent citing elevated supply costs and weakening global market demand.
Tesla shares fell after fiscal top-line growth dropped by 8% citing elevated supply costs and weakening global market demand.,0,tesla shares fell after fiscal top-line growth dropped by 8 percent citing elevated supply costs and weakening global market demand.
Tesla shares fell after fiscal top-line growth dropped by 12% citing elevated supply costs and weakening global market demand.,0,tesla shares fell after fiscal top-line growth dropped by 12 percent citing elevated supply costs and weakening global market demand.
Tesla shares fell after fiscal top-line growth dropped by 15% citing elevated supply costs and weakening global market demand.,0,tesla shares fell after fiscal top-line growth dropped by 15 percent citing elevated supply costs and weakening global market demand.
Tesla shares fell after fiscal top-line growth plunged by 8% citing elevated supply costs and weakening global market demand.,0,tesla shares fell after fiscal top-line growth plunged by 8 percent citing elevated supply costs and weakening global market demand.
Tesla shares fell after fiscal top-line growth plunged by 12% citing elevated supply costs and weakening global market demand.,0,tesla shares fell after fiscal top-line growth plunged by 12 percent citing elevated supply costs and weakening global market demand.
Tesla shares fell after fiscal top-line growth plunged by 15% citing elevated supply costs and weakening global market demand.,0,tesla shares fell after fiscal top-line growth plunged by 15 percent citing elevated supply costs and weakening global market demand.
Tesla shares fell after fiscal subscription sales declined by 8% citing elevated supply costs and weakening global market demand.,0,tesla shares fell after fiscal subscription sales declined by 8 percent citing elevated supply costs and weakening global market demand.
Tesla shares fell after fiscal subscription sales declined by 12% citing elevated supply costs and weakening global market demand.,0,tesla shares fell after fiscal subscription sales declined by 12 percent citing elevated supply costs and weakening global market demand.
Tesla shares fell after fiscal subscription sales declined by 15% citing elevated supply costs and weakening global market demand.,0,tesla shares fell after fiscal subscription sales declined by 15 percent citing elevated supply costs and weakening global market demand.
Tesla shares fell after fiscal subscription sales dropped by 8% citing elevated supply costs and weakening global market demand.,0,tesla shares fell after fiscal subscription sales dropped by 8 percent citing elevated supply costs and weakening global market demand.
Tesla shares fell after fiscal subscription sales dropped by 12% citing elevated supply costs and weakening global market demand.,0,tesla shares fell after fiscal subscription sales dropped by 12 percent citing elevated supply costs and weakening global market demand.
Tesla shares fell after fiscal subscription sales dropped by 15% citing elevated supply costs and weakening global market demand.,0,tesla shares fell after fiscal subscription sales dropped by 15 percent citing elevated supply costs and weakening global market demand.
Tesla shares fell after fiscal subscription sales plunged by 8% citing elevated supply costs and weakening global market demand.,0,tesla shares fell after fiscal subscription sales plunged by 8 percent citing elevated supply costs and weakening global market demand.
Tesla shares fell after fiscal subscription sales plunged by 12% citing elevated supply costs and weakening global market demand.,0,tesla shares fell after fiscal subscription sales plunged by 12 percent citing elevated supply costs and weakening global market demand.
Tesla shares fell after fiscal subscription sales plunged by 15% citing elevated supply costs and weakening global market demand.,0,tesla shares fell after fiscal subscription sales plunged by 15 percent citing elevated supply costs and weakening global market demand.
Microsoft shares fell after fiscal revenue declined by 8% citing elevated supply costs and weakening global market demand.,0,microsoft shares fell after fiscal revenue declined by 8 percent citing elevated supply costs and weakening global market demand.
Microsoft shares fell after fiscal revenue declined by 12% citing elevated supply costs and weakening global market demand.,0,microsoft shares fell after fiscal revenue declined by 12 percent citing elevated supply costs and weakening global market demand.
Microsoft shares fell after fiscal revenue declined by 15% citing elevated supply costs and weakening global market demand.,0,microsoft shares fell after fiscal revenue declined by 15 percent citing elevated supply costs and weakening global market demand.
Microsoft shares fell after fiscal revenue dropped by 8% citing elevated supply costs and weakening global market demand.,0,microsoft shares fell after fiscal revenue dropped by 8 percent citing elevated supply costs and weakening global market demand.
Microsoft shares fell after fiscal revenue dropped by 12% citing elevated supply costs and weakening global market demand.,0,microsoft shares fell after fiscal revenue dropped by 12 percent citing elevated supply costs and weakening global market demand.
Microsoft shares fell after fiscal revenue dropped by 15% citing elevated supply costs and weakening global market demand.,0,microsoft shares fell after fiscal revenue dropped by 15 percent citing elevated supply costs and weakening global market demand.
Microsoft shares fell after fiscal revenue plunged by 8% citing elevated supply costs and weakening global market demand.,0,microsoft shares fell after fiscal revenue plunged by 8 percent citing elevated supply costs and weakening global market demand.
Microsoft shares fell after fiscal revenue plunged by 12% citing elevated supply costs and weakening global market demand.,0,microsoft shares fell after fiscal revenue plunged by 12 percent citing elevated supply costs and weakening global market demand.
Microsoft shares fell after fiscal revenue plunged by 15% citing elevated supply costs and weakening global market demand.,0,microsoft shares fell after fiscal revenue plunged by 15 percent citing elevated supply costs and weakening global market demand.
Microsoft shares fell after fiscal operating income declined by 8% citing elevated supply costs and weakening global market demand.,0,microsoft shares fell after fiscal operating income declined by 8 percent citing elevated supply costs and weakening global market demand.
Microsoft shares fell after fiscal operating income declined by 12% citing elevated supply costs and weakening global market demand.,0,microsoft shares fell after fiscal operating income declined by 12 percent citing elevated supply costs and weakening global market demand.
Microsoft shares fell after fiscal operating income declined by 15% citing elevated supply costs and weakening global market demand.,0,microsoft shares fell after fiscal operating income declined by 15 percent citing elevated supply costs and weakening global market demand.
Microsoft shares fell after fiscal operating income dropped by 8% citing elevated supply costs and weakening global market demand.,0,microsoft shares fell after fiscal operating income dropped by 8 percent citing elevated supply costs and weakening global market demand.
Microsoft shares fell after fiscal operating income dropped by 12% citing elevated supply costs and weakening global market demand.,0,microsoft shares fell after fiscal operating income dropped by 12 percent citing elevated supply costs and weakening global market demand.
Microsoft shares fell after fiscal operating income dropped by 15% citing elevated supply costs and weakening global market demand.,0,microsoft shares fell after fiscal operating income dropped by 15 percent citing elevated supply costs and weakening global market demand.
Microsoft shares fell after fiscal operating income plunged by 8% citing elevated supply costs and weakening global market demand.,0,microsoft shares fell after fiscal operating income plunged by 8 percent citing elevated supply costs and weakening global market demand.
Microsoft shares fell after fiscal operating income plunged by 12% citing elevated supply costs and weakening global market demand.,0,microsoft shares fell after fiscal operating income plunged by 12 percent citing elevated supply costs and weakening global market demand.
Microsoft shares fell after fiscal operating income plunged by 15% citing elevated supply costs and weakening global market demand.,0,microsoft shares fell after fiscal operating income plunged by 15 percent citing elevated supply costs and weakening global market demand.
Microsoft shares fell after fiscal net profit declined by 8% citing elevated supply costs and weakening global market demand.,0,microsoft shares fell after fiscal net profit declined by 8 percent citing elevated supply costs and weakening global market demand.
Microsoft shares fell after fiscal net profit declined by 12% citing elevated supply costs and weakening global market demand.,0,microsoft shares fell after fiscal net profit declined by 12 percent citing elevated supply costs and weakening global market demand.
Microsoft shares fell after fiscal net profit declined by 15% citing elevated supply costs and weakening global market demand.,0,microsoft shares fell after fiscal net profit declined by 15 percent citing elevated supply costs and weakening global market demand.
Microsoft shares fell after fiscal net profit dropped by 8% citing elevated supply costs and weakening global market demand.,0,microsoft shares fell after fiscal net profit dropped by 8 percent citing elevated supply costs and weakening global market demand.
Microsoft shares fell after fiscal net profit dropped by 12% citing elevated supply costs and weakening global market demand.,0,microsoft shares fell after fiscal net profit dropped by 12 percent citing elevated supply costs and weakening global market demand.
Microsoft shares fell after fiscal net profit dropped by 15% citing elevated supply costs and weakening global market demand.,0,microsoft shares fell after fiscal net profit dropped by 15 percent citing elevated supply costs and weakening global market demand.
Microsoft shares fell after fiscal net profit plunged by 8% citing elevated supply costs and weakening global market demand.,0,microsoft shares fell after fiscal net profit plunged by 8 percent citing elevated supply costs and weakening global market demand.
Microsoft shares fell after fiscal net profit plunged by 12% citing elevated supply costs and weakening global market demand.,0,microsoft shares fell after fiscal net profit plunged by 12 percent citing elevated supply costs and weakening global market demand.
Microsoft shares fell after fiscal net profit plunged by 15% citing elevated supply costs and weakening global market demand.,0,microsoft shares fell after fiscal net profit plunged by 15 percent citing elevated supply costs and weakening global market demand.
Microsoft shares fell after fiscal quarterly earnings declined by 8% citing elevated supply costs and weakening global market demand.,0,microsoft shares fell after fiscal quarterly earnings declined by 8 percent citing elevated supply costs and weakening global market demand.
Microsoft shares fell after fiscal quarterly earnings declined by 12% citing elevated supply costs and weakening global market demand.,0,microsoft shares fell after fiscal quarterly earnings declined by 12 percent citing elevated supply costs and weakening global market demand.
Microsoft shares fell after fiscal quarterly earnings declined by 15% citing elevated supply costs and weakening global market demand.,0,microsoft shares fell after fiscal quarterly earnings declined by 15 percent citing elevated supply costs and weakening global market demand.
Microsoft shares fell after fiscal quarterly earnings dropped by 8% citing elevated supply costs and weakening global market demand.,0,microsoft shares fell after fiscal quarterly earnings dropped by 8 percent citing elevated supply costs and weakening global market demand.
Microsoft shares fell after fiscal quarterly earnings dropped by 12% citing elevated supply costs and weakening global market demand.,0,microsoft shares fell after fiscal quarterly earnings dropped by 12 percent citing elevated supply costs and weakening global market demand.
Microsoft shares fell after fiscal quarterly earnings dropped by 15% citing elevated supply costs and weakening global market demand.,0,microsoft shares fell after fiscal quarterly earnings dropped by 15 percent citing elevated supply costs and weakening global market demand.
Microsoft shares fell after fiscal quarterly earnings plunged by 8% citing elevated supply costs and weakening global market demand.,0,microsoft shares fell after fiscal quarterly earnings plunged by 8 percent citing elevated supply costs and weakening global market demand.
Microsoft shares fell after fiscal quarterly earnings plunged by 12% citing elevated supply costs and weakening global market demand.,0,microsoft shares fell after fiscal quarterly earnings plunged by 12 percent citing elevated supply costs and weakening global market demand.
Microsoft shares fell after fiscal quarterly earnings plunged by 15% citing elevated supply costs and weakening global market demand.,0,microsoft shares fell after fiscal quarterly earnings plunged by 15 percent citing elevated supply costs and weakening global market demand.
Microsoft shares fell after fiscal EBITDA margin declined by 8% citing elevated supply costs and weakening global market demand.,0,microsoft shares fell after fiscal ebitda margin declined by 8 percent citing elevated supply costs and weakening global market demand.
Microsoft shares fell after fiscal EBITDA margin declined by 12% citing elevated supply costs and weakening global market demand.,0,microsoft shares fell after fiscal ebitda margin declined by 12 percent citing elevated supply costs and weakening global market demand.
Microsoft shares fell after fiscal EBITDA margin declined by 15% citing elevated supply costs and weakening global market demand.,0,microsoft shares fell after fiscal ebitda margin declined by 15 percent citing elevated supply costs and weakening global market demand.
Microsoft shares fell after fiscal EBITDA margin dropped by 8% citing elevated supply costs and weakening global market demand.,0,microsoft shares fell after fiscal ebitda margin dropped by 8 percent citing elevated supply costs and weakening global market demand.
Microsoft shares fell after fiscal EBITDA margin dropped by 12% citing elevated supply costs and weakening global market demand.,0,microsoft shares fell after fiscal ebitda margin dropped by 12 percent citing elevated supply costs and weakening global market demand.
Microsoft shares fell after fiscal EBITDA margin dropped by 15% citing elevated supply costs and weakening global market demand.,0,microsoft shares fell after fiscal ebitda margin dropped by 15 percent citing elevated supply costs and weakening global market demand.
Microsoft shares fell after fiscal EBITDA margin plunged by 8% citing elevated supply costs and weakening global market demand.,0,microsoft shares fell after fiscal ebitda margin plunged by 8 percent citing elevated supply costs and weakening global market demand.
Microsoft shares fell after fiscal EBITDA margin plunged by 12% citing elevated supply costs and weakening global market demand.,0,microsoft shares fell after fiscal ebitda margin plunged by 12 percent citing elevated supply costs and weakening global market demand.
Microsoft shares fell after fiscal EBITDA margin plunged by 15% citing elevated supply costs and weakening global market demand.,0,microsoft shares fell after fiscal ebitda margin plunged by 15 percent citing elevated supply costs and weakening global market demand.
Microsoft shares fell after fiscal free cash flow declined by 8% citing elevated supply costs and weakening global market demand.,0,microsoft shares fell after fiscal free cash flow declined by 8 percent citing elevated supply costs and weakening global market demand.
Microsoft shares fell after fiscal free cash flow declined by 12% citing elevated supply costs and weakening global market demand.,0,microsoft shares fell after fiscal free cash flow declined by 12 percent citing elevated supply costs and weakening global market demand.
Microsoft shares fell after fiscal free cash flow declined by 15% citing elevated supply costs and weakening global market demand.,0,microsoft shares fell after fiscal free cash flow declined by 15 percent citing elevated supply costs and weakening global market demand.
Microsoft shares fell after fiscal free cash flow dropped by 8% citing elevated supply costs and weakening global market demand.,0,microsoft shares fell after fiscal free cash flow dropped by 8 percent citing elevated supply costs and weakening global market demand.
Microsoft shares fell after fiscal free cash flow dropped by 12% citing elevated supply costs and weakening global market demand.,0,microsoft shares fell after fiscal free cash flow dropped by 12 percent citing elevated supply costs and weakening global market demand.
Microsoft shares fell after fiscal free cash flow dropped by 15% citing elevated supply costs and weakening global market demand.,0,microsoft shares fell after fiscal free cash flow dropped by 15 percent citing elevated supply costs and weakening global market demand.
Microsoft shares fell after fiscal free cash flow plunged by 8% citing elevated supply costs and weakening global market demand.,0,microsoft shares fell after fiscal free cash flow plunged by 8 percent citing elevated supply costs and weakening global market demand.
Microsoft shares fell after fiscal free cash flow plunged by 12% citing elevated supply costs and weakening global market demand.,0,microsoft shares fell after fiscal free cash flow plunged by 12 percent citing elevated supply costs and weakening global market demand.
Microsoft shares fell after fiscal free cash flow plunged by 15% citing elevated supply costs and weakening global market demand.,0,microsoft shares fell after fiscal free cash flow plunged by 15 percent citing elevated supply costs and weakening global market demand.
Microsoft shares fell after fiscal top-line growth declined by 8% citing elevated supply costs and weakening global market demand.,0,microsoft shares fell after fiscal top-line growth declined by 8 percent citing elevated supply costs and weakening global market demand.
Microsoft shares fell after fiscal top-line growth declined by 12% citing elevated supply costs and weakening global market demand.,0,microsoft shares fell after fiscal top-line growth declined by 12 percent citing elevated supply costs and weakening global market demand.
Microsoft shares fell after fiscal top-line growth declined by 15% citing elevated supply costs and weakening global market demand.,0,microsoft shares fell after fiscal top-line growth declined by 15 percent citing elevated supply costs and weakening global market demand.
Microsoft shares fell after fiscal top-line growth dropped by 8% citing elevated supply costs and weakening global market demand.,0,microsoft shares fell after fiscal top-line growth dropped by 8 percent citing elevated supply costs and weakening global market demand.
Microsoft shares fell after fiscal top-line growth dropped by 12% citing elevated supply costs and weakening global market demand.,0,microsoft shares fell after fiscal top-line growth dropped by 12 percent citing elevated supply costs and weakening global market demand.
Microsoft shares fell after fiscal top-line growth dropped by 15% citing elevated supply costs and weakening global market demand.,0,microsoft shares fell after fiscal top-line growth dropped by 15 percent citing elevated supply costs and weakening global market demand.
Microsoft shares fell after fiscal top-line growth plunged by 8% citing elevated supply costs and weakening global market demand.,0,microsoft shares fell after fiscal top-line growth plunged by 8 percent citing elevated supply costs and weakening global market demand.
Microsoft shares fell after fiscal top-line growth plunged by 12% citing elevated supply costs and weakening global market demand.,0,microsoft shares fell after fiscal top-line growth plunged by 12 percent citing elevated supply costs and weakening global market demand.
Microsoft shares fell after fiscal top-line growth plunged by 15% citing elevated supply costs and weakening global market demand.,0,microsoft shares fell after fiscal top-line growth plunged by 15 percent citing elevated supply costs and weakening global market demand.
Microsoft shares fell after fiscal subscription sales declined by 8% citing elevated supply costs and weakening global market demand.,0,microsoft shares fell after fiscal subscription sales declined by 8 percent citing elevated supply costs and weakening global market demand.
Microsoft shares fell after fiscal subscription sales declined by 12% citing elevated supply costs and weakening global market demand.,0,microsoft shares fell after fiscal subscription sales declined by 12 percent citing elevated supply costs and weakening global market demand.
Microsoft shares fell after fiscal subscription sales declined by 15% citing elevated supply costs and weakening global market demand.,0,microsoft shares fell after fiscal subscription sales declined by 15 percent citing elevated supply costs and weakening global market demand.
Microsoft shares fell after fiscal subscription sales dropped by 8% citing elevated supply costs and weakening global market demand.,0,microsoft shares fell after fiscal subscription sales dropped by 8 percent citing elevated supply costs and weakening global market demand.
Microsoft shares fell after fiscal subscription sales dropped by 12% citing elevated supply costs and weakening global market demand.,0,microsoft shares fell after fiscal subscription sales dropped by 12 percent citing elevated supply costs and weakening global market demand.
Microsoft shares fell after fiscal subscription sales dropped by 15% citing elevated supply costs and weakening global market demand.,0,microsoft shares fell after fiscal subscription sales dropped by 15 percent citing elevated supply costs and weakening global market demand.
Microsoft shares fell after fiscal subscription sales plunged by 8% citing elevated supply costs and weakening global market demand.,0,microsoft shares fell after fiscal subscription sales plunged by 8 percent citing elevated supply costs and weakening global market demand.
Microsoft shares fell after fiscal subscription sales plunged by 12% citing elevated supply costs and weakening global market demand.,0,microsoft shares fell after fiscal subscription sales plunged by 12 percent citing elevated supply costs and weakening global market demand.
Microsoft shares fell after fiscal subscription sales plunged by 15% citing elevated supply costs and weakening global market demand.,0,microsoft shares fell after fiscal subscription sales plunged by 15 percent citing elevated supply costs and weakening global market demand.
Google shares fell after fiscal revenue declined by 8% citing elevated supply costs and weakening global market demand.,0,google shares fell after fiscal revenue declined by 8 percent citing elevated supply costs and weakening global market demand.
Google shares fell after fiscal revenue declined by 12% citing elevated supply costs and weakening global market demand.,0,google shares fell after fiscal revenue declined by 12 percent citing elevated supply costs and weakening global market demand.
Google shares fell after fiscal revenue declined by 15% citing elevated supply costs and weakening global market demand.,0,google shares fell after fiscal revenue declined by 15 percent citing elevated supply costs and weakening global market demand.
Google shares fell after fiscal revenue dropped by 8% citing elevated supply costs and weakening global market demand.,0,google shares fell after fiscal revenue dropped by 8 percent citing elevated supply costs and weakening global market demand.
Google shares fell after fiscal revenue dropped by 12% citing elevated supply costs and weakening global market demand.,0,google shares fell after fiscal revenue dropped by 12 percent citing elevated supply costs and weakening global market demand.
Google shares fell after fiscal revenue dropped by 15% citing elevated supply costs and weakening global market demand.,0,google shares fell after fiscal revenue dropped by 15 percent citing elevated supply costs and weakening global market demand.
Google shares fell after fiscal revenue plunged by 8% citing elevated supply costs and weakening global market demand.,0,google shares fell after fiscal revenue plunged by 8 percent citing elevated supply costs and weakening global market demand.
Google shares fell after fiscal revenue plunged by 12% citing elevated supply costs and weakening global market demand.,0,google shares fell after fiscal revenue plunged by 12 percent citing elevated supply costs and weakening global market demand.
Google shares fell after fiscal revenue plunged by 15% citing elevated supply costs and weakening global market demand.,0,google shares fell after fiscal revenue plunged by 15 percent citing elevated supply costs and weakening global market demand.
Google shares fell after fiscal operating income declined by 8% citing elevated supply costs and weakening global market demand.,0,google shares fell after fiscal operating income declined by 8 percent citing elevated supply costs and weakening global market demand.
Google shares fell after fiscal operating income declined by 12% citing elevated supply costs and weakening global market demand.,0,google shares fell after fiscal operating income declined by 12 percent citing elevated supply costs and weakening global market demand.
Google shares fell after fiscal operating income declined by 15% citing elevated supply costs and weakening global market demand.,0,google shares fell after fiscal operating income declined by 15 percent citing elevated supply costs and weakening global market demand.
Google shares fell after fiscal operating income dropped by 8% citing elevated supply costs and weakening global market demand.,0,google shares fell after fiscal operating income dropped by 8 percent citing elevated supply costs and weakening global market demand.
Google shares fell after fiscal operating income dropped by 12% citing elevated supply costs and weakening global market demand.,0,google shares fell after fiscal operating income dropped by 12 percent citing elevated supply costs and weakening global market demand.
Google shares fell after fiscal operating income dropped by 15% citing elevated supply costs and weakening global market demand.,0,google shares fell after fiscal operating income dropped by 15 percent citing elevated supply costs and weakening global market demand.
Google shares fell after fiscal operating income plunged by 8% citing elevated supply costs and weakening global market demand.,0,google shares fell after fiscal operating income plunged by 8 percent citing elevated supply costs and weakening global market demand.
Google shares fell after fiscal operating income plunged by 12% citing elevated supply costs and weakening global market demand.,0,google shares fell after fiscal operating income plunged by 12 percent citing elevated supply costs and weakening global market demand.
Google shares fell after fiscal operating income plunged by 15% citing elevated supply costs and weakening global market demand.,0,google shares fell after fiscal operating income plunged by 15 percent citing elevated supply costs and weakening global market demand.
Google shares fell after fiscal net profit declined by 8% citing elevated supply costs and weakening global market demand.,0,google shares fell after fiscal net profit declined by 8 percent citing elevated supply costs and weakening global market demand.
Google shares fell after fiscal net profit declined by 12% citing elevated supply costs and weakening global market demand.,0,google shares fell after fiscal net profit declined by 12 percent citing elevated supply costs and weakening global market demand.
Google shares fell after fiscal net profit declined by 15% citing elevated supply costs and weakening global market demand.,0,google shares fell after fiscal net profit declined by 15 percent citing elevated supply costs and weakening global market demand.
Google shares fell after fiscal net profit dropped by 8% citing elevated supply costs and weakening global market demand.,0,google shares fell after fiscal net profit dropped by 8 percent citing elevated supply costs and weakening global market demand.
Google shares fell after fiscal net profit dropped by 12% citing elevated supply costs and weakening global market demand.,0,google shares fell after fiscal net profit dropped by 12 percent citing elevated supply costs and weakening global market demand.
Google shares fell after fiscal net profit dropped by 15% citing elevated supply costs and weakening global market demand.,0,google shares fell after fiscal net profit dropped by 15 percent citing elevated supply costs and weakening global market demand.
Google shares fell after fiscal net profit plunged by 8% citing elevated supply costs and weakening global market demand.,0,google shares fell after fiscal net profit plunged by 8 percent citing elevated supply costs and weakening global market demand.
Google shares fell after fiscal net profit plunged by 12% citing elevated supply costs and weakening global market demand.,0,google shares fell after fiscal net profit plunged by 12 percent citing elevated supply costs and weakening global market demand.
Google shares fell after fiscal net profit plunged by 15% citing elevated supply costs and weakening global market demand.,0,google shares fell after fiscal net profit plunged by 15 percent citing elevated supply costs and weakening global market demand.
Google shares fell after fiscal quarterly earnings declined by 8% citing elevated supply costs and weakening global market demand.,0,google shares fell after fiscal quarterly earnings declined by 8 percent citing elevated supply costs and weakening global market demand.
Google shares fell after fiscal quarterly earnings declined by 12% citing elevated supply costs and weakening global market demand.,0,google shares fell after fiscal quarterly earnings declined by 12 percent citing elevated supply costs and weakening global market demand.
Google shares fell after fiscal quarterly earnings declined by 15% citing elevated supply costs and weakening global market demand.,0,google shares fell after fiscal quarterly earnings declined by 15 percent citing elevated supply costs and weakening global market demand.
Google shares fell after fiscal quarterly earnings dropped by 8% citing elevated supply costs and weakening global market demand.,0,google shares fell after fiscal quarterly earnings dropped by 8 percent citing elevated supply costs and weakening global market demand.
Google shares fell after fiscal quarterly earnings dropped by 12% citing elevated supply costs and weakening global market demand.,0,google shares fell after fiscal quarterly earnings dropped by 12 percent citing elevated supply costs and weakening global market demand.
Google shares fell after fiscal quarterly earnings dropped by 15% citing elevated supply costs and weakening global market demand.,0,google shares fell after fiscal quarterly earnings dropped by 15 percent citing elevated supply costs and weakening global market demand.
Google shares fell after fiscal quarterly earnings plunged by 8% citing elevated supply costs and weakening global market demand.,0,google shares fell after fiscal quarterly earnings plunged by 8 percent citing elevated supply costs and weakening global market demand.
Google shares fell after fiscal quarterly earnings plunged by 12% citing elevated supply costs and weakening global market demand.,0,google shares fell after fiscal quarterly earnings plunged by 12 percent citing elevated supply costs and weakening global market demand.
Google shares fell after fiscal quarterly earnings plunged by 15% citing elevated supply costs and weakening global market demand.,0,google shares fell after fiscal quarterly earnings plunged by 15 percent citing elevated supply costs and weakening global market demand.
Google shares fell after fiscal EBITDA margin declined by 8% citing elevated supply costs and weakening global market demand.,0,google shares fell after fiscal ebitda margin declined by 8 percent citing elevated supply costs and weakening global market demand.
Google shares fell after fiscal EBITDA margin declined by 12% citing elevated supply costs and weakening global market demand.,0,google shares fell after fiscal ebitda margin declined by 12 percent citing elevated supply costs and weakening global market demand.
Google shares fell after fiscal EBITDA margin declined by 15% citing elevated supply costs and weakening global market demand.,0,google shares fell after fiscal ebitda margin declined by 15 percent citing elevated supply costs and weakening global market demand.
Google shares fell after fiscal EBITDA margin dropped by 8% citing elevated supply costs and weakening global market demand.,0,google shares fell after fiscal ebitda margin dropped by 8 percent citing elevated supply costs and weakening global market demand.
Google shares fell after fiscal EBITDA margin dropped by 12% citing elevated supply costs and weakening global market demand.,0,google shares fell after fiscal ebitda margin dropped by 12 percent citing elevated supply costs and weakening global market demand.
Google shares fell after fiscal EBITDA margin dropped by 15% citing elevated supply costs and weakening global market demand.,0,google shares fell after fiscal ebitda margin dropped by 15 percent citing elevated supply costs and weakening global market demand.
Google shares fell after fiscal EBITDA margin plunged by 8% citing elevated supply costs and weakening global market demand.,0,google shares fell after fiscal ebitda margin plunged by 8 percent citing elevated supply costs and weakening global market demand.
Google shares fell after fiscal EBITDA margin plunged by 12% citing elevated supply costs and weakening global market demand.,0,google shares fell after fiscal ebitda margin plunged by 12 percent citing elevated supply costs and weakening global market demand.
Google shares fell after fiscal EBITDA margin plunged by 15% citing elevated supply costs and weakening global market demand.,0,google shares fell after fiscal ebitda margin plunged by 15 percent citing elevated supply costs and weakening global market demand.
Google shares fell after fiscal free cash flow declined by 8% citing elevated supply costs and weakening global market demand.,0,google shares fell after fiscal free cash flow declined by 8 percent citing elevated supply costs and weakening global market demand.
Google shares fell after fiscal free cash flow declined by 12% citing elevated supply costs and weakening global market demand.,0,google shares fell after fiscal free cash flow declined by 12 percent citing elevated supply costs and weakening global market demand.
Google shares fell after fiscal free cash flow declined by 15% citing elevated supply costs and weakening global market demand.,0,google shares fell after fiscal free cash flow declined by 15 percent citing elevated supply costs and weakening global market demand.
Google shares fell after fiscal free cash flow dropped by 8% citing elevated supply costs and weakening global market demand.,0,google shares fell after fiscal free cash flow dropped by 8 percent citing elevated supply costs and weakening global market demand.
Google shares fell after fiscal free cash flow dropped by 12% citing elevated supply costs and weakening global market demand.,0,google shares fell after fiscal free cash flow dropped by 12 percent citing elevated supply costs and weakening global market demand.
Google shares fell after fiscal free cash flow dropped by 15% citing elevated supply costs and weakening global market demand.,0,google shares fell after fiscal free cash flow dropped by 15 percent citing elevated supply costs and weakening global market demand.
Google shares fell after fiscal free cash flow plunged by 8% citing elevated supply costs and weakening global market demand.,0,google shares fell after fiscal free cash flow plunged by 8 percent citing elevated supply costs and weakening global market demand.
Google shares fell after fiscal free cash flow plunged by 12% citing elevated supply costs and weakening global market demand.,0,google shares fell after fiscal free cash flow plunged by 12 percent citing elevated supply costs and weakening global market demand.
Google shares fell after fiscal free cash flow plunged by 15% citing elevated supply costs and weakening global market demand.,0,google shares fell after fiscal free cash flow plunged by 15 percent citing elevated supply costs and weakening global market demand.
Google shares fell after fiscal top-line growth declined by 8% citing elevated supply costs and weakening global market demand.,0,google shares fell after fiscal top-line growth declined by 8 percent citing elevated supply costs and weakening global market demand.
Google shares fell after fiscal top-line growth declined by 12% citing elevated supply costs and weakening global market demand.,0,google shares fell after fiscal top-line growth declined by 12 percent citing elevated supply costs and weakening global market demand.
Google shares fell after fiscal top-line growth declined by 15% citing elevated supply costs and weakening global market demand.,0,google shares fell after fiscal top-line growth declined by 15 percent citing elevated supply costs and weakening global market demand.
Google shares fell after fiscal top-line growth dropped by 8% citing elevated supply costs and weakening global market demand.,0,google shares fell after fiscal top-line growth dropped by 8 percent citing elevated supply costs and weakening global market demand.
Google shares fell after fiscal top-line growth dropped by 12% citing elevated supply costs and weakening global market demand.,0,google shares fell after fiscal top-line growth dropped by 12 percent citing elevated supply costs and weakening global market demand.
Google shares fell after fiscal top-line growth dropped by 15% citing elevated supply costs and weakening global market demand.,0,google shares fell after fiscal top-line growth dropped by 15 percent citing elevated supply costs and weakening global market demand.
Google shares fell after fiscal top-line growth plunged by 8% citing elevated supply costs and weakening global market demand.,0,google shares fell after fiscal top-line growth plunged by 8 percent citing elevated supply costs and weakening global market demand.
Google shares fell after fiscal top-line growth plunged by 12% citing elevated supply costs and weakening global market demand.,0,google shares fell after fiscal top-line growth plunged by 12 percent citing elevated supply costs and weakening global market demand.
Google shares fell after fiscal top-line growth plunged by 15% citing elevated supply costs and weakening global market demand.,0,google shares fell after fiscal top-line growth plunged by 15 percent citing elevated supply costs and weakening global market demand.
Google shares fell after fiscal subscription sales declined by 8% citing elevated supply costs and weakening global market demand.,0,google shares fell after fiscal subscription sales declined by 8 percent citing elevated supply costs and weakening global market demand.
Google shares fell after fiscal subscription sales declined by 12% citing elevated supply costs and weakening global market demand.,0,google shares fell after fiscal subscription sales declined by 12 percent citing elevated supply costs and weakening global market demand.
Google shares fell after fiscal subscription sales declined by 15% citing elevated supply costs and weakening global market demand.,0,google shares fell after fiscal subscription sales declined by 15 percent citing elevated supply costs and weakening global market demand.
Google shares fell after fiscal subscription sales dropped by 8% citing elevated supply costs and weakening global market demand.,0,google shares fell after fiscal subscription sales dropped by 8 percent citing elevated supply costs and weakening global market demand.
Google shares fell after fiscal subscription sales dropped by 12% citing elevated supply costs and weakening global market demand.,0,google shares fell after fiscal subscription sales dropped by 12 percent citing elevated supply costs and weakening global market demand.
Google shares fell after fiscal subscription sales dropped by 15% citing elevated supply costs and weakening global market demand.,0,google shares fell after fiscal subscription sales dropped by 15 percent citing elevated supply costs and weakening global market demand.
Google shares fell after fiscal subscription sales plunged by 8% citing elevated supply costs and weakening global market demand.,0,google shares fell after fiscal subscription sales plunged by 8 percent citing elevated supply costs and weakening global market demand.
Google shares fell after fiscal subscription sales plunged by 12% citing elevated supply costs and weakening global market demand.,0,google shares fell after fiscal subscription sales plunged by 12 percent citing elevated supply costs and weakening global market demand.
Google shares fell after fiscal subscription sales plunged by 15% citing elevated supply costs and weakening global market demand.,0,google shares fell after fiscal subscription sales plunged by 15 percent citing elevated supply costs and weakening global market demand.
Amazon shares fell after fiscal revenue declined by 8% citing elevated supply costs and weakening global market demand.,0,amazon shares fell after fiscal revenue declined by 8 percent citing elevated supply costs and weakening global market demand.
Amazon shares fell after fiscal revenue declined by 12% citing elevated supply costs and weakening global market demand.,0,amazon shares fell after fiscal revenue declined by 12 percent citing elevated supply costs and weakening global market demand.
Amazon shares fell after fiscal revenue declined by 15% citing elevated supply costs and weakening global market demand.,0,amazon shares fell after fiscal revenue declined by 15 percent citing elevated supply costs and weakening global market demand.
Amazon shares fell after fiscal revenue dropped by 8% citing elevated supply costs and weakening global market demand.,0,amazon shares fell after fiscal revenue dropped by 8 percent citing elevated supply costs and weakening global market demand.
Amazon shares fell after fiscal revenue dropped by 12% citing elevated supply costs and weakening global market demand.,0,amazon shares fell after fiscal revenue dropped by 12 percent citing elevated supply costs and weakening global market demand.
Amazon shares fell after fiscal revenue dropped by 15% citing elevated supply costs and weakening global market demand.,0,amazon shares fell after fiscal revenue dropped by 15 percent citing elevated supply costs and weakening global market demand.
Amazon shares fell after fiscal revenue plunged by 8% citing elevated supply costs and weakening global market demand.,0,amazon shares fell after fiscal revenue plunged by 8 percent citing elevated supply costs and weakening global market demand.
Amazon shares fell after fiscal revenue plunged by 12% citing elevated supply costs and weakening global market demand.,0,amazon shares fell after fiscal revenue plunged by 12 percent citing elevated supply costs and weakening global market demand.
Amazon shares fell after fiscal revenue plunged by 15% citing elevated supply costs and weakening global market demand.,0,amazon shares fell after fiscal revenue plunged by 15 percent citing elevated supply costs and weakening global market demand.
Amazon shares fell after fiscal operating income declined by 8% citing elevated supply costs and weakening global market demand.,0,amazon shares fell after fiscal operating income declined by 8 percent citing elevated supply costs and weakening global market demand.
Amazon shares fell after fiscal operating income declined by 12% citing elevated supply costs and weakening global market demand.,0,amazon shares fell after fiscal operating income declined by 12 percent citing elevated supply costs and weakening global market demand.
Amazon shares fell after fiscal operating income declined by 15% citing elevated supply costs and weakening global market demand.,0,amazon shares fell after fiscal operating income declined by 15 percent citing elevated supply costs and weakening global market demand.
Amazon shares fell after fiscal operating income dropped by 8% citing elevated supply costs and weakening global market demand.,0,amazon shares fell after fiscal operating income dropped by 8 percent citing elevated supply costs and weakening global market demand.
Amazon shares fell after fiscal operating income dropped by 12% citing elevated supply costs and weakening global market demand.,0,amazon shares fell after fiscal operating income dropped by 12 percent citing elevated supply costs and weakening global market demand.
Amazon shares fell after fiscal operating income dropped by 15% citing elevated supply costs and weakening global market demand.,0,amazon shares fell after fiscal operating income dropped by 15 percent citing elevated supply costs and weakening global market demand.
Amazon shares fell after fiscal operating income plunged by 8% citing elevated supply costs and weakening global market demand.,0,amazon shares fell after fiscal operating income plunged by 8 percent citing elevated supply costs and weakening global market demand.
Amazon shares fell after fiscal operating income plunged by 12% citing elevated supply costs and weakening global market demand.,0,amazon shares fell after fiscal operating income plunged by 12 percent citing elevated supply costs and weakening global market demand.
Amazon shares fell after fiscal operating income plunged by 15% citing elevated supply costs and weakening global market demand.,0,amazon shares fell after fiscal operating income plunged by 15 percent citing elevated supply costs and weakening global market demand.
Amazon shares fell after fiscal net profit declined by 8% citing elevated supply costs and weakening global market demand.,0,amazon shares fell after fiscal net profit declined by 8 percent citing elevated supply costs and weakening global market demand.
Amazon shares fell after fiscal net profit declined by 12% citing elevated supply costs and weakening global market demand.,0,amazon shares fell after fiscal net profit declined by 12 percent citing elevated supply costs and weakening global market demand.
Amazon shares fell after fiscal net profit declined by 15% citing elevated supply costs and weakening global market demand.,0,amazon shares fell after fiscal net profit declined by 15 percent citing elevated supply costs and weakening global market demand.
Amazon shares fell after fiscal net profit dropped by 8% citing elevated supply costs and weakening global market demand.,0,amazon shares fell after fiscal net profit dropped by 8 percent citing elevated supply costs and weakening global market demand.
Amazon shares fell after fiscal net profit dropped by 12% citing elevated supply costs and weakening global market demand.,0,amazon shares fell after fiscal net profit dropped by 12 percent citing elevated supply costs and weakening global market demand.
Amazon shares fell after fiscal net profit dropped by 15% citing elevated supply costs and weakening global market demand.,0,amazon shares fell after fiscal net profit dropped by 15 percent citing elevated supply costs and weakening global market demand.
Amazon shares fell after fiscal net profit plunged by 8% citing elevated supply costs and weakening global market demand.,0,amazon shares fell after fiscal net profit plunged by 8 percent citing elevated supply costs and weakening global market demand.
Amazon shares fell after fiscal net profit plunged by 12% citing elevated supply costs and weakening global market demand.,0,amazon shares fell after fiscal net profit plunged by 12 percent citing elevated supply costs and weakening global market demand.
Amazon shares fell after fiscal net profit plunged by 15% citing elevated supply costs and weakening global market demand.,0,amazon shares fell after fiscal net profit plunged by 15 percent citing elevated supply costs and weakening global market demand.
Amazon shares fell after fiscal quarterly earnings declined by 8% citing elevated supply costs and weakening global market demand.,0,amazon shares fell after fiscal quarterly earnings declined by 8 percent citing elevated supply costs and weakening global market demand.
Amazon shares fell after fiscal quarterly earnings declined by 12% citing elevated supply costs and weakening global market demand.,0,amazon shares fell after fiscal quarterly earnings declined by 12 percent citing elevated supply costs and weakening global market demand.
Amazon shares fell after fiscal quarterly earnings declined by 15% citing elevated supply costs and weakening global market demand.,0,amazon shares fell after fiscal quarterly earnings declined by 15 percent citing elevated supply costs and weakening global market demand.
Amazon shares fell after fiscal quarterly earnings dropped by 8% citing elevated supply costs and weakening global market demand.,0,amazon shares fell after fiscal quarterly earnings dropped by 8 percent citing elevated supply costs and weakening global market demand.
Amazon shares fell after fiscal quarterly earnings dropped by 12% citing elevated supply costs and weakening global market demand.,0,amazon shares fell after fiscal quarterly earnings dropped by 12 percent citing elevated supply costs and weakening global market demand.
Amazon shares fell after fiscal quarterly earnings dropped by 15% citing elevated supply costs and weakening global market demand.,0,amazon shares fell after fiscal quarterly earnings dropped by 15 percent citing elevated supply costs and weakening global market demand.
Amazon shares fell after fiscal quarterly earnings plunged by 8% citing elevated supply costs and weakening global market demand.,0,amazon shares fell after fiscal quarterly earnings plunged by 8 percent citing elevated supply costs and weakening global market demand.
Amazon shares fell after fiscal quarterly earnings plunged by 12% citing elevated supply costs and weakening global market demand.,0,amazon shares fell after fiscal quarterly earnings plunged by 12 percent citing elevated supply costs and weakening global market demand.
Amazon shares fell after fiscal quarterly earnings plunged by 15% citing elevated supply costs and weakening global market demand.,0,amazon shares fell after fiscal quarterly earnings plunged by 15 percent citing elevated supply costs and weakening global market demand.
Amazon shares fell after fiscal EBITDA margin declined by 8% citing elevated supply costs and weakening global market demand.,0,amazon shares fell after fiscal ebitda margin declined by 8 percent citing elevated supply costs and weakening global market demand.
Amazon shares fell after fiscal EBITDA margin declined by 12% citing elevated supply costs and weakening global market demand.,0,amazon shares fell after fiscal ebitda margin declined by 12 percent citing elevated supply costs and weakening global market demand.
Amazon shares fell after fiscal EBITDA margin declined by 15% citing elevated supply costs and weakening global market demand.,0,amazon shares fell after fiscal ebitda margin declined by 15 percent citing elevated supply costs and weakening global market demand.
Amazon shares fell after fiscal EBITDA margin dropped by 8% citing elevated supply costs and weakening global market demand.,0,amazon shares fell after fiscal ebitda margin dropped by 8 percent citing elevated supply costs and weakening global market demand.
Amazon shares fell after fiscal EBITDA margin dropped by 12% citing elevated supply costs and weakening global market demand.,0,amazon shares fell after fiscal ebitda margin dropped by 12 percent citing elevated supply costs and weakening global market demand.
Amazon shares fell after fiscal EBITDA margin dropped by 15% citing elevated supply costs and weakening global market demand.,0,amazon shares fell after fiscal ebitda margin dropped by 15 percent citing elevated supply costs and weakening global market demand.
Amazon shares fell after fiscal EBITDA margin plunged by 8% citing elevated supply costs and weakening global market demand.,0,amazon shares fell after fiscal ebitda margin plunged by 8 percent citing elevated supply costs and weakening global market demand.
Amazon shares fell after fiscal EBITDA margin plunged by 12% citing elevated supply costs and weakening global market demand.,0,amazon shares fell after fiscal ebitda margin plunged by 12 percent citing elevated supply costs and weakening global market demand.
Amazon shares fell after fiscal EBITDA margin plunged by 15% citing elevated supply costs and weakening global market demand.,0,amazon shares fell after fiscal ebitda margin plunged by 15 percent citing elevated supply costs and weakening global market demand.
Amazon shares fell after fiscal free cash flow declined by 8% citing elevated supply costs and weakening global market demand.,0,amazon shares fell after fiscal free cash flow declined by 8 percent citing elevated supply costs and weakening global market demand.
Amazon shares fell after fiscal free cash flow declined by 12% citing elevated supply costs and weakening global market demand.,0,amazon shares fell after fiscal free cash flow declined by 12 percent citing elevated supply costs and weakening global market demand.
Amazon shares fell after fiscal free cash flow declined by 15% citing elevated supply costs and weakening global market demand.,0,amazon shares fell after fiscal free cash flow declined by 15 percent citing elevated supply costs and weakening global market demand.
Amazon shares fell after fiscal free cash flow dropped by 8% citing elevated supply costs and weakening global market demand.,0,amazon shares fell after fiscal free cash flow dropped by 8 percent citing elevated supply costs and weakening global market demand.
Amazon shares fell after fiscal free cash flow dropped by 12% citing elevated supply costs and weakening global market demand.,0,amazon shares fell after fiscal free cash flow dropped by 12 percent citing elevated supply costs and weakening global market demand.
Amazon shares fell after fiscal free cash flow dropped by 15% citing elevated supply costs and weakening global market demand.,0,amazon shares fell after fiscal free cash flow dropped by 15 percent citing elevated supply costs and weakening global market demand.
Amazon shares fell after fiscal free cash flow plunged by 8% citing elevated supply costs and weakening global market demand.,0,amazon shares fell after fiscal free cash flow plunged by 8 percent citing elevated supply costs and weakening global market demand.
Amazon shares fell after fiscal free cash flow plunged by 12% citing elevated supply costs and weakening global market demand.,0,amazon shares fell after fiscal free cash flow plunged by 12 percent citing elevated supply costs and weakening global market demand.
Amazon shares fell after fiscal free cash flow plunged by 15% citing elevated supply costs and weakening global market demand.,0,amazon shares fell after fiscal free cash flow plunged by 15 percent citing elevated supply costs and weakening global market demand.
Amazon shares fell after fiscal top-line growth declined by 8% citing elevated supply costs and weakening global market demand.,0,amazon shares fell after fiscal top-line growth declined by 8 percent citing elevated supply costs and weakening global market demand.
Amazon shares fell after fiscal top-line growth declined by 12% citing elevated supply costs and weakening global market demand.,0,amazon shares fell after fiscal top-line growth declined by 12 percent citing elevated supply costs and weakening global market demand.
Amazon shares fell after fiscal top-line growth declined by 15% citing elevated supply costs and weakening global market demand.,0,amazon shares fell after fiscal top-line growth declined by 15 percent citing elevated supply costs and weakening global market demand.
Amazon shares fell after fiscal top-line growth dropped by 8% citing elevated supply costs and weakening global market demand.,0,amazon shares fell after fiscal top-line growth dropped by 8 percent citing elevated supply costs and weakening global market demand.
Amazon shares fell after fiscal top-line growth dropped by 12% citing elevated supply costs and weakening global market demand.,0,amazon shares fell after fiscal top-line growth dropped by 12 percent citing elevated supply costs and weakening global market demand.
Amazon shares fell after fiscal top-line growth dropped by 15% citing elevated supply costs and weakening global market demand.,0,amazon shares fell after fiscal top-line growth dropped by 15 percent citing elevated supply costs and weakening global market demand.
Amazon shares fell after fiscal top-line growth plunged by 8% citing elevated supply costs and weakening global market demand.,0,amazon shares fell after fiscal top-line growth plunged by 8 percent citing elevated supply costs and weakening global market demand.
Amazon shares fell after fiscal top-line growth plunged by 12% citing elevated supply costs and weakening global market demand.,0,amazon shares fell after fiscal top-line growth plunged by 12 percent citing elevated supply costs and weakening global market demand.
Amazon shares fell after fiscal top-line growth plunged by 15% citing elevated supply costs and weakening global market demand.,0,amazon shares fell after fiscal top-line growth plunged by 15 percent citing elevated supply costs and weakening global market demand.
Amazon shares fell after fiscal subscription sales declined by 8% citing elevated supply costs and weakening global market demand.,0,amazon shares fell after fiscal subscription sales declined by 8 percent citing elevated supply costs and weakening global market demand.
Amazon shares fell after fiscal subscription sales declined by 12% citing elevated supply costs and weakening global market demand.,0,amazon shares fell after fiscal subscription sales declined by 12 percent citing elevated supply costs and weakening global market demand.
Amazon shares fell after fiscal subscription sales declined by 15% citing elevated supply costs and weakening global market demand.,0,amazon shares fell after fiscal subscription sales declined by 15 percent citing elevated supply costs and weakening global market demand.
Amazon shares fell after fiscal subscription sales dropped by 8% citing elevated supply costs and weakening global market demand.,0,amazon shares fell after fiscal subscription sales dropped by 8 percent citing elevated supply costs and weakening global market demand.
Amazon shares fell after fiscal subscription sales dropped by 12% citing elevated supply costs and weakening global market demand.,0,amazon shares fell after fiscal subscription sales dropped by 12 percent citing elevated supply costs and weakening global market demand.
Amazon shares fell after fiscal subscription sales dropped by 15% citing elevated supply costs and weakening global market demand.,0,amazon shares fell after fiscal subscription sales dropped by 15 percent citing elevated supply costs and weakening global market demand.
Amazon shares fell after fiscal subscription sales plunged by 8% citing elevated supply costs and weakening global market demand.,0,amazon shares fell after fiscal subscription sales plunged by 8 percent citing elevated supply costs and weakening global market demand.
Amazon shares fell after fiscal subscription sales plunged by 12% citing elevated supply costs and weakening global market demand.,0,amazon shares fell after fiscal subscription sales plunged by 12 percent citing elevated supply costs and weakening global market demand.
Amazon shares fell after fiscal subscription sales plunged by 15% citing elevated supply costs and weakening global market demand.,0,amazon shares fell after fiscal subscription sales plunged by 15 percent citing elevated supply costs and weakening global market demand.
JPMorgan shares fell after fiscal revenue declined by 8% citing elevated supply costs and weakening global market demand.,0,jpmorgan shares fell after fiscal revenue declined by 8 percent citing elevated supply costs and weakening global market demand.
JPMorgan shares fell after fiscal revenue declined by 12% citing elevated supply costs and weakening global market demand.,0,jpmorgan shares fell after fiscal revenue declined by 12 percent citing elevated supply costs and weakening global market demand.
JPMorgan shares fell after fiscal revenue declined by 15% citing elevated supply costs and weakening global market demand.,0,jpmorgan shares fell after fiscal revenue declined by 15 percent citing elevated supply costs and weakening global market demand.
JPMorgan shares fell after fiscal revenue dropped by 8% citing elevated supply costs and weakening global market demand.,0,jpmorgan shares fell after fiscal revenue dropped by 8 percent citing elevated supply costs and weakening global market demand.
JPMorgan shares fell after fiscal revenue dropped by 12% citing elevated supply costs and weakening global market demand.,0,jpmorgan shares fell after fiscal revenue dropped by 12 percent citing elevated supply costs and weakening global market demand.
JPMorgan shares fell after fiscal revenue dropped by 15% citing elevated supply costs and weakening global market demand.,0,jpmorgan shares fell after fiscal revenue dropped by 15 percent citing elevated supply costs and weakening global market demand.
JPMorgan shares fell after fiscal revenue plunged by 8% citing elevated supply costs and weakening global market demand.,0,jpmorgan shares fell after fiscal revenue plunged by 8 percent citing elevated supply costs and weakening global market demand.
JPMorgan shares fell after fiscal revenue plunged by 12% citing elevated supply costs and weakening global market demand.,0,jpmorgan shares fell after fiscal revenue plunged by 12 percent citing elevated supply costs and weakening global market demand.
JPMorgan shares fell after fiscal revenue plunged by 15% citing elevated supply costs and weakening global market demand.,0,jpmorgan shares fell after fiscal revenue plunged by 15 percent citing elevated supply costs and weakening global market demand.
JPMorgan shares fell after fiscal operating income declined by 8% citing elevated supply costs and weakening global market demand.,0,jpmorgan shares fell after fiscal operating income declined by 8 percent citing elevated supply costs and weakening global market demand.
JPMorgan shares fell after fiscal operating income declined by 12% citing elevated supply costs and weakening global market demand.,0,jpmorgan shares fell after fiscal operating income declined by 12 percent citing elevated supply costs and weakening global market demand.
JPMorgan shares fell after fiscal operating income declined by 15% citing elevated supply costs and weakening global market demand.,0,jpmorgan shares fell after fiscal operating income declined by 15 percent citing elevated supply costs and weakening global market demand.
JPMorgan shares fell after fiscal operating income dropped by 8% citing elevated supply costs and weakening global market demand.,0,jpmorgan shares fell after fiscal operating income dropped by 8 percent citing elevated supply costs and weakening global market demand.
JPMorgan shares fell after fiscal operating income dropped by 12% citing elevated supply costs and weakening global market demand.,0,jpmorgan shares fell after fiscal operating income dropped by 12 percent citing elevated supply costs and weakening global market demand.
JPMorgan shares fell after fiscal operating income dropped by 15% citing elevated supply costs and weakening global market demand.,0,jpmorgan shares fell after fiscal operating income dropped by 15 percent citing elevated supply costs and weakening global market demand.
JPMorgan shares fell after fiscal operating income plunged by 8% citing elevated supply costs and weakening global market demand.,0,jpmorgan shares fell after fiscal operating income plunged by 8 percent citing elevated supply costs and weakening global market demand.
JPMorgan shares fell after fiscal operating income plunged by 12% citing elevated supply costs and weakening global market demand.,0,jpmorgan shares fell after fiscal operating income plunged by 12 percent citing elevated supply costs and weakening global market demand.
JPMorgan shares fell after fiscal operating income plunged by 15% citing elevated supply costs and weakening global market demand.,0,jpmorgan shares fell after fiscal operating income plunged by 15 percent citing elevated supply costs and weakening global market demand.
JPMorgan shares fell after fiscal net profit declined by 8% citing elevated supply costs and weakening global market demand.,0,jpmorgan shares fell after fiscal net profit declined by 8 percent citing elevated supply costs and weakening global market demand.
JPMorgan shares fell after fiscal net profit declined by 12% citing elevated supply costs and weakening global market demand.,0,jpmorgan shares fell after fiscal net profit declined by 12 percent citing elevated supply costs and weakening global market demand.
JPMorgan shares fell after fiscal net profit declined by 15% citing elevated supply costs and weakening global market demand.,0,jpmorgan shares fell after fiscal net profit declined by 15 percent citing elevated supply costs and weakening global market demand.
JPMorgan shares fell after fiscal net profit dropped by 8% citing elevated supply costs and weakening global market demand.,0,jpmorgan shares fell after fiscal net profit dropped by 8 percent citing elevated supply costs and weakening global market demand.
JPMorgan shares fell after fiscal net profit dropped by 12% citing elevated supply costs and weakening global market demand.,0,jpmorgan shares fell after fiscal net profit dropped by 12 percent citing elevated supply costs and weakening global market demand.
JPMorgan shares fell after fiscal net profit dropped by 15% citing elevated supply costs and weakening global market demand.,0,jpmorgan shares fell after fiscal net profit dropped by 15 percent citing elevated supply costs and weakening global market demand.
JPMorgan shares fell after fiscal net profit plunged by 8% citing elevated supply costs and weakening global market demand.,0,jpmorgan shares fell after fiscal net profit plunged by 8 percent citing elevated supply costs and weakening global market demand.
JPMorgan shares fell after fiscal net profit plunged by 12% citing elevated supply costs and weakening global market demand.,0,jpmorgan shares fell after fiscal net profit plunged by 12 percent citing elevated supply costs and weakening global market demand.
JPMorgan shares fell after fiscal net profit plunged by 15% citing elevated supply costs and weakening global market demand.,0,jpmorgan shares fell after fiscal net profit plunged by 15 percent citing elevated supply costs and weakening global market demand.
JPMorgan shares fell after fiscal quarterly earnings declined by 8% citing elevated supply costs and weakening global market demand.,0,jpmorgan shares fell after fiscal quarterly earnings declined by 8 percent citing elevated supply costs and weakening global market demand.
JPMorgan shares fell after fiscal quarterly earnings declined by 12% citing elevated supply costs and weakening global market demand.,0,jpmorgan shares fell after fiscal quarterly earnings declined by 12 percent citing elevated supply costs and weakening global market demand.
JPMorgan shares fell after fiscal quarterly earnings declined by 15% citing elevated supply costs and weakening global market demand.,0,jpmorgan shares fell after fiscal quarterly earnings declined by 15 percent citing elevated supply costs and weakening global market demand.
JPMorgan shares fell after fiscal quarterly earnings dropped by 8% citing elevated supply costs and weakening global market demand.,0,jpmorgan shares fell after fiscal quarterly earnings dropped by 8 percent citing elevated supply costs and weakening global market demand.
JPMorgan shares fell after fiscal quarterly earnings dropped by 12% citing elevated supply costs and weakening global market demand.,0,jpmorgan shares fell after fiscal quarterly earnings dropped by 12 percent citing elevated supply costs and weakening global market demand.
JPMorgan shares fell after fiscal quarterly earnings dropped by 15% citing elevated supply costs and weakening global market demand.,0,jpmorgan shares fell after fiscal quarterly earnings dropped by 15 percent citing elevated supply costs and weakening global market demand.
JPMorgan shares fell after fiscal quarterly earnings plunged by 8% citing elevated supply costs and weakening global market demand.,0,jpmorgan shares fell after fiscal quarterly earnings plunged by 8 percent citing elevated supply costs and weakening global market demand.
JPMorgan shares fell after fiscal quarterly earnings plunged by 12% citing elevated supply costs and weakening global market demand.,0,jpmorgan shares fell after fiscal quarterly earnings plunged by 12 percent citing elevated supply costs and weakening global market demand.
JPMorgan shares fell after fiscal quarterly earnings plunged by 15% citing elevated supply costs and weakening global market demand.,0,jpmorgan shares fell after fiscal quarterly earnings plunged by 15 percent citing elevated supply costs and weakening global market demand.
JPMorgan shares fell after fiscal EBITDA margin declined by 8% citing elevated supply costs and weakening global market demand.,0,jpmorgan shares fell after fiscal ebitda margin declined by 8 percent citing elevated supply costs and weakening global market demand.
JPMorgan shares fell after fiscal EBITDA margin declined by 12% citing elevated supply costs and weakening global market demand.,0,jpmorgan shares fell after fiscal ebitda margin declined by 12 percent citing elevated supply costs and weakening global market demand.
JPMorgan shares fell after fiscal EBITDA margin declined by 15% citing elevated supply costs and weakening global market demand.,0,jpmorgan shares fell after fiscal ebitda margin declined by 15 percent citing elevated supply costs and weakening global market demand.
JPMorgan shares fell after fiscal EBITDA margin dropped by 8% citing elevated supply costs and weakening global market demand.,0,jpmorgan shares fell after fiscal ebitda margin dropped by 8 percent citing elevated supply costs and weakening global market demand.
JPMorgan shares fell after fiscal EBITDA margin dropped by 12% citing elevated supply costs and weakening global market demand.,0,jpmorgan shares fell after fiscal ebitda margin dropped by 12 percent citing elevated supply costs and weakening global market demand.
JPMorgan shares fell after fiscal EBITDA margin dropped by 15% citing elevated supply costs and weakening global market demand.,0,jpmorgan shares fell after fiscal ebitda margin dropped by 15 percent citing elevated supply costs and weakening global market demand.
JPMorgan shares fell after fiscal EBITDA margin plunged by 8% citing elevated supply costs and weakening global market demand.,0,jpmorgan shares fell after fiscal ebitda margin plunged by 8 percent citing elevated supply costs and weakening global market demand.
JPMorgan shares fell after fiscal EBITDA margin plunged by 12% citing elevated supply costs and weakening global market demand.,0,jpmorgan shares fell after fiscal ebitda margin plunged by 12 percent citing elevated supply costs and weakening global market demand.
JPMorgan shares fell after fiscal EBITDA margin plunged by 15% citing elevated supply costs and weakening global market demand.,0,jpmorgan shares fell after fiscal ebitda margin plunged by 15 percent citing elevated supply costs and weakening global market demand.
JPMorgan shares fell after fiscal free cash flow declined by 8% citing elevated supply costs and weakening global market demand.,0,jpmorgan shares fell after fiscal free cash flow declined by 8 percent citing elevated supply costs and weakening global market demand.
JPMorgan shares fell after fiscal free cash flow declined by 12% citing elevated supply costs and weakening global market demand.,0,jpmorgan shares fell after fiscal free cash flow declined by 12 percent citing elevated supply costs and weakening global market demand.
JPMorgan shares fell after fiscal free cash flow declined by 15% citing elevated supply costs and weakening global market demand.,0,jpmorgan shares fell after fiscal free cash flow declined by 15 percent citing elevated supply costs and weakening global market demand.
JPMorgan shares fell after fiscal free cash flow dropped by 8% citing elevated supply costs and weakening global market demand.,0,jpmorgan shares fell after fiscal free cash flow dropped by 8 percent citing elevated supply costs and weakening global market demand.
JPMorgan shares fell after fiscal free cash flow dropped by 12% citing elevated supply costs and weakening global market demand.,0,jpmorgan shares fell after fiscal free cash flow dropped by 12 percent citing elevated supply costs and weakening global market demand.
JPMorgan shares fell after fiscal free cash flow dropped by 15% citing elevated supply costs and weakening global market demand.,0,jpmorgan shares fell after fiscal free cash flow dropped by 15 percent citing elevated supply costs and weakening global market demand.
JPMorgan shares fell after fiscal free cash flow plunged by 8% citing elevated supply costs and weakening global market demand.,0,jpmorgan shares fell after fiscal free cash flow plunged by 8 percent citing elevated supply costs and weakening global market demand.
JPMorgan shares fell after fiscal free cash flow plunged by 12% citing elevated supply costs and weakening global market demand.,0,jpmorgan shares fell after fiscal free cash flow plunged by 12 percent citing elevated supply costs and weakening global market demand.
JPMorgan shares fell after fiscal free cash flow plunged by 15% citing elevated supply costs and weakening global market demand.,0,jpmorgan shares fell after fiscal free cash flow plunged by 15 percent citing elevated supply costs and weakening global market demand.
JPMorgan shares fell after fiscal top-line growth declined by 8% citing elevated supply costs and weakening global market demand.,0,jpmorgan shares fell after fiscal top-line growth declined by 8 percent citing elevated supply costs and weakening global market demand.
JPMorgan shares fell after fiscal top-line growth declined by 12% citing elevated supply costs and weakening global market demand.,0,jpmorgan shares fell after fiscal top-line growth declined by 12 percent citing elevated supply costs and weakening global market demand.
JPMorgan shares fell after fiscal top-line growth declined by 15% citing elevated supply costs and weakening global market demand.,0,jpmorgan shares fell after fiscal top-line growth declined by 15 percent citing elevated supply costs and weakening global market demand.
JPMorgan shares fell after fiscal top-line growth dropped by 8% citing elevated supply costs and weakening global market demand.,0,jpmorgan shares fell after fiscal top-line growth dropped by 8 percent citing elevated supply costs and weakening global market demand.
JPMorgan shares fell after fiscal top-line growth dropped by 12% citing elevated supply costs and weakening global market demand.,0,jpmorgan shares fell after fiscal top-line growth dropped by 12 percent citing elevated supply costs and weakening global market demand.
JPMorgan shares fell after fiscal top-line growth dropped by 15% citing elevated supply costs and weakening global market demand.,0,jpmorgan shares fell after fiscal top-line growth dropped by 15 percent citing elevated supply costs and weakening global market demand.
JPMorgan shares fell after fiscal top-line growth plunged by 8% citing elevated supply costs and weakening global market demand.,0,jpmorgan shares fell after fiscal top-line growth plunged by 8 percent citing elevated supply costs and weakening global market demand.
JPMorgan shares fell after fiscal top-line growth plunged by 12% citing elevated supply costs and weakening global market demand.,0,jpmorgan shares fell after fiscal top-line growth plunged by 12 percent citing elevated supply costs and weakening global market demand.
JPMorgan shares fell after fiscal top-line growth plunged by 15% citing elevated supply costs and weakening global market demand.,0,jpmorgan shares fell after fiscal top-line growth plunged by 15 percent citing elevated supply costs and weakening global market demand.
JPMorgan shares fell after fiscal subscription sales declined by 8% citing elevated supply costs and weakening global market demand.,0,jpmorgan shares fell after fiscal subscription sales declined by 8 percent citing elevated supply costs and weakening global market demand.
JPMorgan shares fell after fiscal subscription sales declined by 12% citing elevated supply costs and weakening global market demand.,0,jpmorgan shares fell after fiscal subscription sales declined by 12 percent citing elevated supply costs and weakening global market demand.
JPMorgan shares fell after fiscal subscription sales declined by 15% citing elevated supply costs and weakening global market demand.,0,jpmorgan shares fell after fiscal subscription sales declined by 15 percent citing elevated supply costs and weakening global market demand.
JPMorgan shares fell after fiscal subscription sales dropped by 8% citing elevated supply costs and weakening global market demand.,0,jpmorgan shares fell after fiscal subscription sales dropped by 8 percent citing elevated supply costs and weakening global market demand.
JPMorgan shares fell after fiscal subscription sales dropped by 12% citing elevated supply costs and weakening global market demand.,0,jpmorgan shares fell after fiscal subscription sales dropped by 12 percent citing elevated supply costs and weakening global market demand.
JPMorgan shares fell after fiscal subscription sales dropped by 15% citing elevated supply costs and weakening global market demand.,0,jpmorgan shares fell after fiscal subscription sales dropped by 15 percent citing elevated supply costs and weakening global market demand.
JPMorgan shares fell after fiscal subscription sales plunged by 8% citing elevated supply costs and weakening global market demand.,0,jpmorgan shares fell after fiscal subscription sales plunged by 8 percent citing elevated supply costs and weakening global market demand.
JPMorgan shares fell after fiscal subscription sales plunged by 12% citing elevated supply costs and weakening global market demand.,0,jpmorgan shares fell after fiscal subscription sales plunged by 12 percent citing elevated supply costs and weakening global market demand.
JPMorgan shares fell after fiscal subscription sales plunged by 15% citing elevated supply costs and weakening global market demand.,0,jpmorgan shares fell after fiscal subscription sales plunged by 15 percent citing elevated supply costs and weakening global market demand.
Nvidia shares fell after fiscal revenue declined by 8% citing elevated supply costs and weakening global market demand.,0,nvidia shares fell after fiscal revenue declined by 8 percent citing elevated supply costs and weakening global market demand.
Nvidia shares fell after fiscal revenue declined by 12% citing elevated supply costs and weakening global market demand.,0,nvidia shares fell after fiscal revenue declined by 12 percent citing elevated supply costs and weakening global market demand.
Nvidia shares fell after fiscal revenue declined by 15% citing elevated supply costs and weakening global market demand.,0,nvidia shares fell after fiscal revenue declined by 15 percent citing elevated supply costs and weakening global market demand.
Nvidia shares fell after fiscal revenue dropped by 8% citing elevated supply costs and weakening global market demand.,0,nvidia shares fell after fiscal revenue dropped by 8 percent citing elevated supply costs and weakening global market demand.
Nvidia shares fell after fiscal revenue dropped by 12% citing elevated supply costs and weakening global market demand.,0,nvidia shares fell after fiscal revenue dropped by 12 percent citing elevated supply costs and weakening global market demand.
Nvidia shares fell after fiscal revenue dropped by 15% citing elevated supply costs and weakening global market demand.,0,nvidia shares fell after fiscal revenue dropped by 15 percent citing elevated supply costs and weakening global market demand.
Nvidia shares fell after fiscal revenue plunged by 8% citing elevated supply costs and weakening global market demand.,0,nvidia shares fell after fiscal revenue plunged by 8 percent citing elevated supply costs and weakening global market demand.
Nvidia shares fell after fiscal revenue plunged by 12% citing elevated supply costs and weakening global market demand.,0,nvidia shares fell after fiscal revenue plunged by 12 percent citing elevated supply costs and weakening global market demand.
Nvidia shares fell after fiscal revenue plunged by 15% citing elevated supply costs and weakening global market demand.,0,nvidia shares fell after fiscal revenue plunged by 15 percent citing elevated supply costs and weakening global market demand.
Nvidia shares fell after fiscal operating income declined by 8% citing elevated supply costs and weakening global market demand.,0,nvidia shares fell after fiscal operating income declined by 8 percent citing elevated supply costs and weakening global market demand.
Nvidia shares fell after fiscal operating income declined by 12% citing elevated supply costs and weakening global market demand.,0,nvidia shares fell after fiscal operating income declined by 12 percent citing elevated supply costs and weakening global market demand.
Nvidia shares fell after fiscal operating income declined by 15% citing elevated supply costs and weakening global market demand.,0,nvidia shares fell after fiscal operating income declined by 15 percent citing elevated supply costs and weakening global market demand.
Nvidia shares fell after fiscal operating income dropped by 8% citing elevated supply costs and weakening global market demand.,0,nvidia shares fell after fiscal operating income dropped by 8 percent citing elevated supply costs and weakening global market demand.
Nvidia shares fell after fiscal operating income dropped by 12% citing elevated supply costs and weakening global market demand.,0,nvidia shares fell after fiscal operating income dropped by 12 percent citing elevated supply costs and weakening global market demand.
Nvidia shares fell after fiscal operating income dropped by 15% citing elevated supply costs and weakening global market demand.,0,nvidia shares fell after fiscal operating income dropped by 15 percent citing elevated supply costs and weakening global market demand.
Nvidia shares fell after fiscal operating income plunged by 8% citing elevated supply costs and weakening global market demand.,0,nvidia shares fell after fiscal operating income plunged by 8 percent citing elevated supply costs and weakening global market demand.
Nvidia shares fell after fiscal operating income plunged by 12% citing elevated supply costs and weakening global market demand.,0,nvidia shares fell after fiscal operating income plunged by 12 percent citing elevated supply costs and weakening global market demand.
Nvidia shares fell after fiscal operating income plunged by 15% citing elevated supply costs and weakening global market demand.,0,nvidia shares fell after fiscal operating income plunged by 15 percent citing elevated supply costs and weakening global market demand.
Nvidia shares fell after fiscal net profit declined by 8% citing elevated supply costs and weakening global market demand.,0,nvidia shares fell after fiscal net profit declined by 8 percent citing elevated supply costs and weakening global market demand.
Nvidia shares fell after fiscal net profit declined by 12% citing elevated supply costs and weakening global market demand.,0,nvidia shares fell after fiscal net profit declined by 12 percent citing elevated supply costs and weakening global market demand.
Nvidia shares fell after fiscal net profit declined by 15% citing elevated supply costs and weakening global market demand.,0,nvidia shares fell after fiscal net profit declined by 15 percent citing elevated supply costs and weakening global market demand.
Nvidia shares fell after fiscal net profit dropped by 8% citing elevated supply costs and weakening global market demand.,0,nvidia shares fell after fiscal net profit dropped by 8 percent citing elevated supply costs and weakening global market demand.
Nvidia shares fell after fiscal net profit dropped by 12% citing elevated supply costs and weakening global market demand.,0,nvidia shares fell after fiscal net profit dropped by 12 percent citing elevated supply costs and weakening global market demand.
Nvidia shares fell after fiscal net profit dropped by 15% citing elevated supply costs and weakening global market demand.,0,nvidia shares fell after fiscal net profit dropped by 15 percent citing elevated supply costs and weakening global market demand.
Nvidia shares fell after fiscal net profit plunged by 8% citing elevated supply costs and weakening global market demand.,0,nvidia shares fell after fiscal net profit plunged by 8 percent citing elevated supply costs and weakening global market demand.
Nvidia shares fell after fiscal net profit plunged by 12% citing elevated supply costs and weakening global market demand.,0,nvidia shares fell after fiscal net profit plunged by 12 percent citing elevated supply costs and weakening global market demand.
Nvidia shares fell after fiscal net profit plunged by 15% citing elevated supply costs and weakening global market demand.,0,nvidia shares fell after fiscal net profit plunged by 15 percent citing elevated supply costs and weakening global market demand.
Nvidia shares fell after fiscal quarterly earnings declined by 8% citing elevated supply costs and weakening global market demand.,0,nvidia shares fell after fiscal quarterly earnings declined by 8 percent citing elevated supply costs and weakening global market demand.
Nvidia shares fell after fiscal quarterly earnings declined by 12% citing elevated supply costs and weakening global market demand.,0,nvidia shares fell after fiscal quarterly earnings declined by 12 percent citing elevated supply costs and weakening global market demand.
Nvidia shares fell after fiscal quarterly earnings declined by 15% citing elevated supply costs and weakening global market demand.,0,nvidia shares fell after fiscal quarterly earnings declined by 15 percent citing elevated supply costs and weakening global market demand.
Nvidia shares fell after fiscal quarterly earnings dropped by 8% citing elevated supply costs and weakening global market demand.,0,nvidia shares fell after fiscal quarterly earnings dropped by 8 percent citing elevated supply costs and weakening global market demand.
Nvidia shares fell after fiscal quarterly earnings dropped by 12% citing elevated supply costs and weakening global market demand.,0,nvidia shares fell after fiscal quarterly earnings dropped by 12 percent citing elevated supply costs and weakening global market demand.
Nvidia shares fell after fiscal quarterly earnings dropped by 15% citing elevated supply costs and weakening global market demand.,0,nvidia shares fell after fiscal quarterly earnings dropped by 15 percent citing elevated supply costs and weakening global market demand.
Nvidia shares fell after fiscal quarterly earnings plunged by 8% citing elevated supply costs and weakening global market demand.,0,nvidia shares fell after fiscal quarterly earnings plunged by 8 percent citing elevated supply costs and weakening global market demand.
Nvidia shares fell after fiscal quarterly earnings plunged by 12% citing elevated supply costs and weakening global market demand.,0,nvidia shares fell after fiscal quarterly earnings plunged by 12 percent citing elevated supply costs and weakening global market demand.
Nvidia shares fell after fiscal quarterly earnings plunged by 15% citing elevated supply costs and weakening global market demand.,0,nvidia shares fell after fiscal quarterly earnings plunged by 15 percent citing elevated supply costs and weakening global market demand.
Nvidia shares fell after fiscal EBITDA margin declined by 8% citing elevated supply costs and weakening global market demand.,0,nvidia shares fell after fiscal ebitda margin declined by 8 percent citing elevated supply costs and weakening global market demand.
Nvidia shares fell after fiscal EBITDA margin declined by 12% citing elevated supply costs and weakening global market demand.,0,nvidia shares fell after fiscal ebitda margin declined by 12 percent citing elevated supply costs and weakening global market demand.
Nvidia shares fell after fiscal EBITDA margin declined by 15% citing elevated supply costs and weakening global market demand.,0,nvidia shares fell after fiscal ebitda margin declined by 15 percent citing elevated supply costs and weakening global market demand.
Nvidia shares fell after fiscal EBITDA margin dropped by 8% citing elevated supply costs and weakening global market demand.,0,nvidia shares fell after fiscal ebitda margin dropped by 8 percent citing elevated supply costs and weakening global market demand.
Nvidia shares fell after fiscal EBITDA margin dropped by 12% citing elevated supply costs and weakening global market demand.,0,nvidia shares fell after fiscal ebitda margin dropped by 12 percent citing elevated supply costs and weakening global market demand.
Nvidia shares fell after fiscal EBITDA margin dropped by 15% citing elevated supply costs and weakening global market demand.,0,nvidia shares fell after fiscal ebitda margin dropped by 15 percent citing elevated supply costs and weakening global market demand.
Nvidia shares fell after fiscal EBITDA margin plunged by 8% citing elevated supply costs and weakening global market demand.,0,nvidia shares fell after fiscal ebitda margin plunged by 8 percent citing elevated supply costs and weakening global market demand.
Nvidia shares fell after fiscal EBITDA margin plunged by 12% citing elevated supply costs and weakening global market demand.,0,nvidia shares fell after fiscal ebitda margin plunged by 12 percent citing elevated supply costs and weakening global market demand.
Nvidia shares fell after fiscal EBITDA margin plunged by 15% citing elevated supply costs and weakening global market demand.,0,nvidia shares fell after fiscal ebitda margin plunged by 15 percent citing elevated supply costs and weakening global market demand.
Nvidia shares fell after fiscal free cash flow declined by 8% citing elevated supply costs and weakening global market demand.,0,nvidia shares fell after fiscal free cash flow declined by 8 percent citing elevated supply costs and weakening global market demand.
Nvidia shares fell after fiscal free cash flow declined by 12% citing elevated supply costs and weakening global market demand.,0,nvidia shares fell after fiscal free cash flow declined by 12 percent citing elevated supply costs and weakening global market demand.
Nvidia shares fell after fiscal free cash flow declined by 15% citing elevated supply costs and weakening global market demand.,0,nvidia shares fell after fiscal free cash flow declined by 15 percent citing elevated supply costs and weakening global market demand.
Nvidia shares fell after fiscal free cash flow dropped by 8% citing elevated supply costs and weakening global market demand.,0,nvidia shares fell after fiscal free cash flow dropped by 8 percent citing elevated supply costs and weakening global market demand.
Nvidia shares fell after fiscal free cash flow dropped by 12% citing elevated supply costs and weakening global market demand.,0,nvidia shares fell after fiscal free cash flow dropped by 12 percent citing elevated supply costs and weakening global market demand.
Nvidia shares fell after fiscal free cash flow dropped by 15% citing elevated supply costs and weakening global market demand.,0,nvidia shares fell after fiscal free cash flow dropped by 15 percent citing elevated supply costs and weakening global market demand.
Nvidia shares fell after fiscal free cash flow plunged by 8% citing elevated supply costs and weakening global market demand.,0,nvidia shares fell after fiscal free cash flow plunged by 8 percent citing elevated supply costs and weakening global market demand.
Nvidia shares fell after fiscal free cash flow plunged by 12% citing elevated supply costs and weakening global market demand.,0,nvidia shares fell after fiscal free cash flow plunged by 12 percent citing elevated supply costs and weakening global market demand.
Nvidia shares fell after fiscal free cash flow plunged by 15% citing elevated supply costs and weakening global market demand.,0,nvidia shares fell after fiscal free cash flow plunged by 15 percent citing elevated supply costs and weakening global market demand.
Nvidia shares fell after fiscal top-line growth declined by 8% citing elevated supply costs and weakening global market demand.,0,nvidia shares fell after fiscal top-line growth declined by 8 percent citing elevated supply costs and weakening global market demand.
Nvidia shares fell after fiscal top-line growth declined by 12% citing elevated supply costs and weakening global market demand.,0,nvidia shares fell after fiscal top-line growth declined by 12 percent citing elevated supply costs and weakening global market demand.
Nvidia shares fell after fiscal top-line growth declined by 15% citing elevated supply costs and weakening global market demand.,0,nvidia shares fell after fiscal top-line growth declined by 15 percent citing elevated supply costs and weakening global market demand.
Nvidia shares fell after fiscal top-line growth dropped by 8% citing elevated supply costs and weakening global market demand.,0,nvidia shares fell after fiscal top-line growth dropped by 8 percent citing elevated supply costs and weakening global market demand.
Nvidia shares fell after fiscal top-line growth dropped by 12% citing elevated supply costs and weakening global market demand.,0,nvidia shares fell after fiscal top-line growth dropped by 12 percent citing elevated supply costs and weakening global market demand.
Nvidia shares fell after fiscal top-line growth dropped by 15% citing elevated supply costs and weakening global market demand.,0,nvidia shares fell after fiscal top-line growth dropped by 15 percent citing elevated supply costs and weakening global market demand.
Nvidia shares fell after fiscal top-line growth plunged by 8% citing elevated supply costs and weakening global market demand.,0,nvidia shares fell after fiscal top-line growth plunged by 8 percent citing elevated supply costs and weakening global market demand.
Nvidia shares fell after fiscal top-line growth plunged by 12% citing elevated supply costs and weakening global market demand.,0,nvidia shares fell after fiscal top-line growth plunged by 12 percent citing elevated supply costs and weakening global market demand.
Nvidia shares fell after fiscal top-line growth plunged by 15% citing elevated supply costs and weakening global market demand.,0,nvidia shares fell after fiscal top-line growth plunged by 15 percent citing elevated supply costs and weakening global market demand.
Nvidia shares fell after fiscal subscription sales declined by 8% citing elevated supply costs and weakening global market demand.,0,nvidia shares fell after fiscal subscription sales declined by 8 percent citing elevated supply costs and weakening global market demand.
Nvidia shares fell after fiscal subscription sales declined by 12% citing elevated supply costs and weakening global market demand.,0,nvidia shares fell after fiscal subscription sales declined by 12 percent citing elevated supply costs and weakening global market demand.
Nvidia shares fell after fiscal subscription sales declined by 15% citing elevated supply costs and weakening global market demand.,0,nvidia shares fell after fiscal subscription sales declined by 15 percent citing elevated supply costs and weakening global market demand.
Nvidia shares fell after fiscal subscription sales dropped by 8% citing elevated supply costs and weakening global market demand.,0,nvidia shares fell after fiscal subscription sales dropped by 8 percent citing elevated supply costs and weakening global market demand.
Nvidia shares fell after fiscal subscription sales dropped by 12% citing elevated supply costs and weakening global market demand.,0,nvidia shares fell after fiscal subscription sales dropped by 12 percent citing elevated supply costs and weakening global market demand.
Nvidia shares fell after fiscal subscription sales dropped by 15% citing elevated supply costs and weakening global market demand.,0,nvidia shares fell after fiscal subscription sales dropped by 15 percent citing elevated supply costs and weakening global market demand.
Nvidia shares fell after fiscal subscription sales plunged by 8% citing elevated supply costs and weakening global market demand.,0,nvidia shares fell after fiscal subscription sales plunged by 8 percent citing elevated supply costs and weakening global market demand.
Nvidia shares fell after fiscal subscription sales plunged by 12% citing elevated supply costs and weakening global market demand.,0,nvidia shares fell after fiscal subscription sales plunged by 12 percent citing elevated supply costs and weakening global market demand.
Nvidia shares fell after fiscal subscription sales plunged by 15% citing elevated supply costs and weakening global market demand.,0,nvidia shares fell after fiscal subscription sales plunged by 15 percent citing elevated supply costs and weakening global market demand.
Reliance shares fell after fiscal revenue declined by 8% citing elevated supply costs and weakening global market demand.,0,reliance shares fell after fiscal revenue declined by 8 percent citing elevated supply costs and weakening global market demand.
Reliance shares fell after fiscal revenue declined by 12% citing elevated supply costs and weakening global market demand.,0,reliance shares fell after fiscal revenue declined by 12 percent citing elevated supply costs and weakening global market demand.
Reliance shares fell after fiscal revenue declined by 15% citing elevated supply costs and weakening global market demand.,0,reliance shares fell after fiscal revenue declined by 15 percent citing elevated supply costs and weakening global market demand.
Reliance shares fell after fiscal revenue dropped by 8% citing elevated supply costs and weakening global market demand.,0,reliance shares fell after fiscal revenue dropped by 8 percent citing elevated supply costs and weakening global market demand.
Reliance shares fell after fiscal revenue dropped by 12% citing elevated supply costs and weakening global market demand.,0,reliance shares fell after fiscal revenue dropped by 12 percent citing elevated supply costs and weakening global market demand.
Reliance shares fell after fiscal revenue dropped by 15% citing elevated supply costs and weakening global market demand.,0,reliance shares fell after fiscal revenue dropped by 15 percent citing elevated supply costs and weakening global market demand.
Reliance shares fell after fiscal revenue plunged by 8% citing elevated supply costs and weakening global market demand.,0,reliance shares fell after fiscal revenue plunged by 8 percent citing elevated supply costs and weakening global market demand.
Reliance shares fell after fiscal revenue plunged by 12% citing elevated supply costs and weakening global market demand.,0,reliance shares fell after fiscal revenue plunged by 12 percent citing elevated supply costs and weakening global market demand.
Reliance shares fell after fiscal revenue plunged by 15% citing elevated supply costs and weakening global market demand.,0,reliance shares fell after fiscal revenue plunged by 15 percent citing elevated supply costs and weakening global market demand.
Reliance shares fell after fiscal operating income declined by 8% citing elevated supply costs and weakening global market demand.,0,reliance shares fell after fiscal operating income declined by 8 percent citing elevated supply costs and weakening global market demand.
Reliance shares fell after fiscal operating income declined by 12% citing elevated supply costs and weakening global market demand.,0,reliance shares fell after fiscal operating income declined by 12 percent citing elevated supply costs and weakening global market demand.
Reliance shares fell after fiscal operating income declined by 15% citing elevated supply costs and weakening global market demand.,0,reliance shares fell after fiscal operating income declined by 15 percent citing elevated supply costs and weakening global market demand.
Reliance shares fell after fiscal operating income dropped by 8% citing elevated supply costs and weakening global market demand.,0,reliance shares fell after fiscal operating income dropped by 8 percent citing elevated supply costs and weakening global market demand.
Reliance shares fell after fiscal operating income dropped by 12% citing elevated supply costs and weakening global market demand.,0,reliance shares fell after fiscal operating income dropped by 12 percent citing elevated supply costs and weakening global market demand.
Reliance shares fell after fiscal operating income dropped by 15% citing elevated supply costs and weakening global market demand.,0,reliance shares fell after fiscal operating income dropped by 15 percent citing elevated supply costs and weakening global market demand.
Reliance shares fell after fiscal operating income plunged by 8% citing elevated supply costs and weakening global market demand.,0,reliance shares fell after fiscal operating income plunged by 8 percent citing elevated supply costs and weakening global market demand.
Reliance shares fell after fiscal operating income plunged by 12% citing elevated supply costs and weakening global market demand.,0,reliance shares fell after fiscal operating income plunged by 12 percent citing elevated supply costs and weakening global market demand.
Reliance shares fell after fiscal operating income plunged by 15% citing elevated supply costs and weakening global market demand.,0,reliance shares fell after fiscal operating income plunged by 15 percent citing elevated supply costs and weakening global market demand.
Reliance shares fell after fiscal net profit declined by 8% citing elevated supply costs and weakening global market demand.,0,reliance shares fell after fiscal net profit declined by 8 percent citing elevated supply costs and weakening global market demand.
Reliance shares fell after fiscal net profit declined by 12% citing elevated supply costs and weakening global market demand.,0,reliance shares fell after fiscal net profit declined by 12 percent citing elevated supply costs and weakening global market demand.
Reliance shares fell after fiscal net profit declined by 15% citing elevated supply costs and weakening global market demand.,0,reliance shares fell after fiscal net profit declined by 15 percent citing elevated supply costs and weakening global market demand.
Reliance shares fell after fiscal net profit dropped by 8% citing elevated supply costs and weakening global market demand.,0,reliance shares fell after fiscal net profit dropped by 8 percent citing elevated supply costs and weakening global market demand.
Reliance shares fell after fiscal net profit dropped by 12% citing elevated supply costs and weakening global market demand.,0,reliance shares fell after fiscal net profit dropped by 12 percent citing elevated supply costs and weakening global market demand.
Reliance shares fell after fiscal net profit dropped by 15% citing elevated supply costs and weakening global market demand.,0,reliance shares fell after fiscal net profit dropped by 15 percent citing elevated supply costs and weakening global market demand.
Reliance shares fell after fiscal net profit plunged by 8% citing elevated supply costs and weakening global market demand.,0,reliance shares fell after fiscal net profit plunged by 8 percent citing elevated supply costs and weakening global market demand.
Reliance shares fell after fiscal net profit plunged by 12% citing elevated supply costs and weakening global market demand.,0,reliance shares fell after fiscal net profit plunged by 12 percent citing elevated supply costs and weakening global market demand.
Reliance shares fell after fiscal net profit plunged by 15% citing elevated supply costs and weakening global market demand.,0,reliance shares fell after fiscal net profit plunged by 15 percent citing elevated supply costs and weakening global market demand.
Reliance shares fell after fiscal quarterly earnings declined by 8% citing elevated supply costs and weakening global market demand.,0,reliance shares fell after fiscal quarterly earnings declined by 8 percent citing elevated supply costs and weakening global market demand.
Reliance shares fell after fiscal quarterly earnings declined by 12% citing elevated supply costs and weakening global market demand.,0,reliance shares fell after fiscal quarterly earnings declined by 12 percent citing elevated supply costs and weakening global market demand.
Reliance shares fell after fiscal quarterly earnings declined by 15% citing elevated supply costs and weakening global market demand.,0,reliance shares fell after fiscal quarterly earnings declined by 15 percent citing elevated supply costs and weakening global market demand.
Reliance shares fell after fiscal quarterly earnings dropped by 8% citing elevated supply costs and weakening global market demand.,0,reliance shares fell after fiscal quarterly earnings dropped by 8 percent citing elevated supply costs and weakening global market demand.
Reliance shares fell after fiscal quarterly earnings dropped by 12% citing elevated supply costs and weakening global market demand.,0,reliance shares fell after fiscal quarterly earnings dropped by 12 percent citing elevated supply costs and weakening global market demand.
Reliance shares fell after fiscal quarterly earnings dropped by 15% citing elevated supply costs and weakening global market demand.,0,reliance shares fell after fiscal quarterly earnings dropped by 15 percent citing elevated supply costs and weakening global market demand.
Reliance shares fell after fiscal quarterly earnings plunged by 8% citing elevated supply costs and weakening global market demand.,0,reliance shares fell after fiscal quarterly earnings plunged by 8 percent citing elevated supply costs and weakening global market demand.
Reliance shares fell after fiscal quarterly earnings plunged by 12% citing elevated supply costs and weakening global market demand.,0,reliance shares fell after fiscal quarterly earnings plunged by 12 percent citing elevated supply costs and weakening global market demand.
Reliance shares fell after fiscal quarterly earnings plunged by 15% citing elevated supply costs and weakening global market demand.,0,reliance shares fell after fiscal quarterly earnings plunged by 15 percent citing elevated supply costs and weakening global market demand.
Reliance shares fell after fiscal EBITDA margin declined by 8% citing elevated supply costs and weakening global market demand.,0,reliance shares fell after fiscal ebitda margin declined by 8 percent citing elevated supply costs and weakening global market demand.
Reliance shares fell after fiscal EBITDA margin declined by 12% citing elevated supply costs and weakening global market demand.,0,reliance shares fell after fiscal ebitda margin declined by 12 percent citing elevated supply costs and weakening global market demand.
Reliance shares fell after fiscal EBITDA margin declined by 15% citing elevated supply costs and weakening global market demand.,0,reliance shares fell after fiscal ebitda margin declined by 15 percent citing elevated supply costs and weakening global market demand.
Reliance shares fell after fiscal EBITDA margin dropped by 8% citing elevated supply costs and weakening global market demand.,0,reliance shares fell after fiscal ebitda margin dropped by 8 percent citing elevated supply costs and weakening global market demand.
Reliance shares fell after fiscal EBITDA margin dropped by 12% citing elevated supply costs and weakening global market demand.,0,reliance shares fell after fiscal ebitda margin dropped by 12 percent citing elevated supply costs and weakening global market demand.
Reliance shares fell after fiscal EBITDA margin dropped by 15% citing elevated supply costs and weakening global market demand.,0,reliance shares fell after fiscal ebitda margin dropped by 15 percent citing elevated supply costs and weakening global market demand.
Reliance shares fell after fiscal EBITDA margin plunged by 8% citing elevated supply costs and weakening global market demand.,0,reliance shares fell after fiscal ebitda margin plunged by 8 percent citing elevated supply costs and weakening global market demand.
Reliance shares fell after fiscal EBITDA margin plunged by 12% citing elevated supply costs and weakening global market demand.,0,reliance shares fell after fiscal ebitda margin plunged by 12 percent citing elevated supply costs and weakening global market demand.
Reliance shares fell after fiscal EBITDA margin plunged by 15% citing elevated supply costs and weakening global market demand.,0,reliance shares fell after fiscal ebitda margin plunged by 15 percent citing elevated supply costs and weakening global market demand.
Reliance shares fell after fiscal free cash flow declined by 8% citing elevated supply costs and weakening global market demand.,0,reliance shares fell after fiscal free cash flow declined by 8 percent citing elevated supply costs and weakening global market demand.
Reliance shares fell after fiscal free cash flow declined by 12% citing elevated supply costs and weakening global market demand.,0,reliance shares fell after fiscal free cash flow declined by 12 percent citing elevated supply costs and weakening global market demand.
Reliance shares fell after fiscal free cash flow declined by 15% citing elevated supply costs and weakening global market demand.,0,reliance shares fell after fiscal free cash flow declined by 15 percent citing elevated supply costs and weakening global market demand.
Reliance shares fell after fiscal free cash flow dropped by 8% citing elevated supply costs and weakening global market demand.,0,reliance shares fell after fiscal free cash flow dropped by 8 percent citing elevated supply costs and weakening global market demand.
Reliance shares fell after fiscal free cash flow dropped by 12% citing elevated supply costs and weakening global market demand.,0,reliance shares fell after fiscal free cash flow dropped by 12 percent citing elevated supply costs and weakening global market demand.
Reliance shares fell after fiscal free cash flow dropped by 15% citing elevated supply costs and weakening global market demand.,0,reliance shares fell after fiscal free cash flow dropped by 15 percent citing elevated supply costs and weakening global market demand.
Reliance shares fell after fiscal free cash flow plunged by 8% citing elevated supply costs and weakening global market demand.,0,reliance shares fell after fiscal free cash flow plunged by 8 percent citing elevated supply costs and weakening global market demand.
Reliance shares fell after fiscal free cash flow plunged by 12% citing elevated supply costs and weakening global market demand.,0,reliance shares fell after fiscal free cash flow plunged by 12 percent citing elevated supply costs and weakening global market demand.
Reliance shares fell after fiscal free cash flow plunged by 15% citing elevated supply costs and weakening global market demand.,0,reliance shares fell after fiscal free cash flow plunged by 15 percent citing elevated supply costs and weakening global market demand.
Reliance shares fell after fiscal top-line growth declined by 8% citing elevated supply costs and weakening global market demand.,0,reliance shares fell after fiscal top-line growth declined by 8 percent citing elevated supply costs and weakening global market demand.
Reliance shares fell after fiscal top-line growth declined by 12% citing elevated supply costs and weakening global market demand.,0,reliance shares fell after fiscal top-line growth declined by 12 percent citing elevated supply costs and weakening global market demand.
Reliance shares fell after fiscal top-line growth declined by 15% citing elevated supply costs and weakening global market demand.,0,reliance shares fell after fiscal top-line growth declined by 15 percent citing elevated supply costs and weakening global market demand.
Reliance shares fell after fiscal top-line growth dropped by 8% citing elevated supply costs and weakening global market demand.,0,reliance shares fell after fiscal top-line growth dropped by 8 percent citing elevated supply costs and weakening global market demand.
Reliance shares fell after fiscal top-line growth dropped by 12% citing elevated supply costs and weakening global market demand.,0,reliance shares fell after fiscal top-line growth dropped by 12 percent citing elevated supply costs and weakening global market demand.
Reliance shares fell after fiscal top-line growth dropped by 15% citing elevated supply costs and weakening global market demand.,0,reliance shares fell after fiscal top-line growth dropped by 15 percent citing elevated supply costs and weakening global market demand.
Reliance shares fell after fiscal top-line growth plunged by 8% citing elevated supply costs and weakening global market demand.,0,reliance shares fell after fiscal top-line growth plunged by 8 percent citing elevated supply costs and weakening global market demand.
Reliance shares fell after fiscal top-line growth plunged by 12% citing elevated supply costs and weakening global market demand.,0,reliance shares fell after fiscal top-line growth plunged by 12 percent citing elevated supply costs and weakening global market demand.
Reliance shares fell after fiscal top-line growth plunged by 15% citing elevated supply costs and weakening global market demand.,0,reliance shares fell after fiscal top-line growth plunged by 15 percent citing elevated supply costs and weakening global market demand.
Reliance shares fell after fiscal subscription sales declined by 8% citing elevated supply costs and weakening global market demand.,0,reliance shares fell after fiscal subscription sales declined by 8 percent citing elevated supply costs and weakening global market demand.
Reliance shares fell after fiscal subscription sales declined by 12% citing elevated supply costs and weakening global market demand.,0,reliance shares fell after fiscal subscription sales declined by 12 percent citing elevated supply costs and weakening global market demand.
Reliance shares fell after fiscal subscription sales declined by 15% citing elevated supply costs and weakening global market demand.,0,reliance shares fell after fiscal subscription sales declined by 15 percent citing elevated supply costs and weakening global market demand.
Reliance shares fell after fiscal subscription sales dropped by 8% citing elevated supply costs and weakening global market demand.,0,reliance shares fell after fiscal subscription sales dropped by 8 percent citing elevated supply costs and weakening global market demand.
Reliance shares fell after fiscal subscription sales dropped by 12% citing elevated supply costs and weakening global market demand.,0,reliance shares fell after fiscal subscription sales dropped by 12 percent citing elevated supply costs and weakening global market demand.
Reliance shares fell after fiscal subscription sales dropped by 15% citing elevated supply costs and weakening global market demand.,0,reliance shares fell after fiscal subscription sales dropped by 15 percent citing elevated supply costs and weakening global market demand.
Reliance shares fell after fiscal subscription sales plunged by 8% citing elevated supply costs and weakening global market demand.,0,reliance shares fell after fiscal subscription sales plunged by 8 percent citing elevated supply costs and weakening global market demand.
Reliance shares fell after fiscal subscription sales plunged by 12% citing elevated supply costs and weakening global market demand.,0,reliance shares fell after fiscal subscription sales plunged by 12 percent citing elevated supply costs and weakening global market demand.
Reliance shares fell after fiscal subscription sales plunged by 15% citing elevated supply costs and weakening global market demand.,0,reliance shares fell after fiscal subscription sales plunged by 15 percent citing elevated supply costs and weakening global market demand.
Meta shares fell after fiscal revenue declined by 8% citing elevated supply costs and weakening global market demand.,0,meta shares fell after fiscal revenue declined by 8 percent citing elevated supply costs and weakening global market demand.
Meta shares fell after fiscal revenue declined by 12% citing elevated supply costs and weakening global market demand.,0,meta shares fell after fiscal revenue declined by 12 percent citing elevated supply costs and weakening global market demand.
Meta shares fell after fiscal revenue declined by 15% citing elevated supply costs and weakening global market demand.,0,meta shares fell after fiscal revenue declined by 15 percent citing elevated supply costs and weakening global market demand.
Meta shares fell after fiscal revenue dropped by 8% citing elevated supply costs and weakening global market demand.,0,meta shares fell after fiscal revenue dropped by 8 percent citing elevated supply costs and weakening global market demand.
Meta shares fell after fiscal revenue dropped by 12% citing elevated supply costs and weakening global market demand.,0,meta shares fell after fiscal revenue dropped by 12 percent citing elevated supply costs and weakening global market demand.
Meta shares fell after fiscal revenue dropped by 15% citing elevated supply costs and weakening global market demand.,0,meta shares fell after fiscal revenue dropped by 15 percent citing elevated supply costs and weakening global market demand.
Meta shares fell after fiscal revenue plunged by 8% citing elevated supply costs and weakening global market demand.,0,meta shares fell after fiscal revenue plunged by 8 percent citing elevated supply costs and weakening global market demand.
Meta shares fell after fiscal revenue plunged by 12% citing elevated supply costs and weakening global market demand.,0,meta shares fell after fiscal revenue plunged by 12 percent citing elevated supply costs and weakening global market demand.
Meta shares fell after fiscal revenue plunged by 15% citing elevated supply costs and weakening global market demand.,0,meta shares fell after fiscal revenue plunged by 15 percent citing elevated supply costs and weakening global market demand.
Meta shares fell after fiscal operating income declined by 8% citing elevated supply costs and weakening global market demand.,0,meta shares fell after fiscal operating income declined by 8 percent citing elevated supply costs and weakening global market demand.
Meta shares fell after fiscal operating income declined by 12% citing elevated supply costs and weakening global market demand.,0,meta shares fell after fiscal operating income declined by 12 percent citing elevated supply costs and weakening global market demand.
Meta shares fell after fiscal operating income declined by 15% citing elevated supply costs and weakening global market demand.,0,meta shares fell after fiscal operating income declined by 15 percent citing elevated supply costs and weakening global market demand.
Meta shares fell after fiscal operating income dropped by 8% citing elevated supply costs and weakening global market demand.,0,meta shares fell after fiscal operating income dropped by 8 percent citing elevated supply costs and weakening global market demand.
Meta shares fell after fiscal operating income dropped by 12% citing elevated supply costs and weakening global market demand.,0,meta shares fell after fiscal operating income dropped by 12 percent citing elevated supply costs and weakening global market demand.
Meta shares fell after fiscal operating income dropped by 15% citing elevated supply costs and weakening global market demand.,0,meta shares fell after fiscal operating income dropped by 15 percent citing elevated supply costs and weakening global market demand.
Meta shares fell after fiscal operating income plunged by 8% citing elevated supply costs and weakening global market demand.,0,meta shares fell after fiscal operating income plunged by 8 percent citing elevated supply costs and weakening global market demand.
Meta shares fell after fiscal operating income plunged by 12% citing elevated supply costs and weakening global market demand.,0,meta shares fell after fiscal operating income plunged by 12 percent citing elevated supply costs and weakening global market demand.
Meta shares fell after fiscal operating income plunged by 15% citing elevated supply costs and weakening global market demand.,0,meta shares fell after fiscal operating income plunged by 15 percent citing elevated supply costs and weakening global market demand.
Meta shares fell after fiscal net profit declined by 8% citing elevated supply costs and weakening global market demand.,0,meta shares fell after fiscal net profit declined by 8 percent citing elevated supply costs and weakening global market demand.
Meta shares fell after fiscal net profit declined by 12% citing elevated supply costs and weakening global market demand.,0,meta shares fell after fiscal net profit declined by 12 percent citing elevated supply costs and weakening global market demand.
Meta shares fell after fiscal net profit declined by 15% citing elevated supply costs and weakening global market demand.,0,meta shares fell after fiscal net profit declined by 15 percent citing elevated supply costs and weakening global market demand.
Meta shares fell after fiscal net profit dropped by 8% citing elevated supply costs and weakening global market demand.,0,meta shares fell after fiscal net profit dropped by 8 percent citing elevated supply costs and weakening global market demand.
Meta shares fell after fiscal net profit dropped by 12% citing elevated supply costs and weakening global market demand.,0,meta shares fell after fiscal net profit dropped by 12 percent citing elevated supply costs and weakening global market demand.
Meta shares fell after fiscal net profit dropped by 15% citing elevated supply costs and weakening global market demand.,0,meta shares fell after fiscal net profit dropped by 15 percent citing elevated supply costs and weakening global market demand.
Meta shares fell after fiscal net profit plunged by 8% citing elevated supply costs and weakening global market demand.,0,meta shares fell after fiscal net profit plunged by 8 percent citing elevated supply costs and weakening global market demand.
Meta shares fell after fiscal net profit plunged by 12% citing elevated supply costs and weakening global market demand.,0,meta shares fell after fiscal net profit plunged by 12 percent citing elevated supply costs and weakening global market demand.
Meta shares fell after fiscal net profit plunged by 15% citing elevated supply costs and weakening global market demand.,0,meta shares fell after fiscal net profit plunged by 15 percent citing elevated supply costs and weakening global market demand.
Meta shares fell after fiscal quarterly earnings declined by 8% citing elevated supply costs and weakening global market demand.,0,meta shares fell after fiscal quarterly earnings declined by 8 percent citing elevated supply costs and weakening global market demand.
Meta shares fell after fiscal quarterly earnings declined by 12% citing elevated supply costs and weakening global market demand.,0,meta shares fell after fiscal quarterly earnings declined by 12 percent citing elevated supply costs and weakening global market demand.
Meta shares fell after fiscal quarterly earnings declined by 15% citing elevated supply costs and weakening global market demand.,0,meta shares fell after fiscal quarterly earnings declined by 15 percent citing elevated supply costs and weakening global market demand.
Meta shares fell after fiscal quarterly earnings dropped by 8% citing elevated supply costs and weakening global market demand.,0,meta shares fell after fiscal quarterly earnings dropped by 8 percent citing elevated supply costs and weakening global market demand.
Meta shares fell after fiscal quarterly earnings dropped by 12% citing elevated supply costs and weakening global market demand.,0,meta shares fell after fiscal quarterly earnings dropped by 12 percent citing elevated supply costs and weakening global market demand.
Meta shares fell after fiscal quarterly earnings dropped by 15% citing elevated supply costs and weakening global market demand.,0,meta shares fell after fiscal quarterly earnings dropped by 15 percent citing elevated supply costs and weakening global market demand.
Meta shares fell after fiscal quarterly earnings plunged by 8% citing elevated supply costs and weakening global market demand.,0,meta shares fell after fiscal quarterly earnings plunged by 8 percent citing elevated supply costs and weakening global market demand.
Meta shares fell after fiscal quarterly earnings plunged by 12% citing elevated supply costs and weakening global market demand.,0,meta shares fell after fiscal quarterly earnings plunged by 12 percent citing elevated supply costs and weakening global market demand.
Meta shares fell after fiscal quarterly earnings plunged by 15% citing elevated supply costs and weakening global market demand.,0,meta shares fell after fiscal quarterly earnings plunged by 15 percent citing elevated supply costs and weakening global market demand.
Meta shares fell after fiscal EBITDA margin declined by 8% citing elevated supply costs and weakening global market demand.,0,meta shares fell after fiscal ebitda margin declined by 8 percent citing elevated supply costs and weakening global market demand.
Meta shares fell after fiscal EBITDA margin declined by 12% citing elevated supply costs and weakening global market demand.,0,meta shares fell after fiscal ebitda margin declined by 12 percent citing elevated supply costs and weakening global market demand.
Meta shares fell after fiscal EBITDA margin declined by 15% citing elevated supply costs and weakening global market demand.,0,meta shares fell after fiscal ebitda margin declined by 15 percent citing elevated supply costs and weakening global market demand.
Meta shares fell after fiscal EBITDA margin dropped by 8% citing elevated supply costs and weakening global market demand.,0,meta shares fell after fiscal ebitda margin dropped by 8 percent citing elevated supply costs and weakening global market demand.
Meta shares fell after fiscal EBITDA margin dropped by 12% citing elevated supply costs and weakening global market demand.,0,meta shares fell after fiscal ebitda margin dropped by 12 percent citing elevated supply costs and weakening global market demand.
Meta shares fell after fiscal EBITDA margin dropped by 15% citing elevated supply costs and weakening global market demand.,0,meta shares fell after fiscal ebitda margin dropped by 15 percent citing elevated supply costs and weakening global market demand.
Meta shares fell after fiscal EBITDA margin plunged by 8% citing elevated supply costs and weakening global market demand.,0,meta shares fell after fiscal ebitda margin plunged by 8 percent citing elevated supply costs and weakening global market demand.
Meta shares fell after fiscal EBITDA margin plunged by 12% citing elevated supply costs and weakening global market demand.,0,meta shares fell after fiscal ebitda margin plunged by 12 percent citing elevated supply costs and weakening global market demand.
Meta shares fell after fiscal EBITDA margin plunged by 15% citing elevated supply costs and weakening global market demand.,0,meta shares fell after fiscal ebitda margin plunged by 15 percent citing elevated supply costs and weakening global market demand.
Meta shares fell after fiscal free cash flow declined by 8% citing elevated supply costs and weakening global market demand.,0,meta shares fell after fiscal free cash flow declined by 8 percent citing elevated supply costs and weakening global market demand.
Meta shares fell after fiscal free cash flow declined by 12% citing elevated supply costs and weakening global market demand.,0,meta shares fell after fiscal free cash flow declined by 12 percent citing elevated supply costs and weakening global market demand.
Meta shares fell after fiscal free cash flow declined by 15% citing elevated supply costs and weakening global market demand.,0,meta shares fell after fiscal free cash flow declined by 15 percent citing elevated supply costs and weakening global market demand.
Meta shares fell after fiscal free cash flow dropped by 8% citing elevated supply costs and weakening global market demand.,0,meta shares fell after fiscal free cash flow dropped by 8 percent citing elevated supply costs and weakening global market demand.
Meta shares fell after fiscal free cash flow dropped by 12% citing elevated supply costs and weakening global market demand.,0,meta shares fell after fiscal free cash flow dropped by 12 percent citing elevated supply costs and weakening global market demand.
Meta shares fell after fiscal free cash flow dropped by 15% citing elevated supply costs and weakening global market demand.,0,meta shares fell after fiscal free cash flow dropped by 15 percent citing elevated supply costs and weakening global market demand.
Meta shares fell after fiscal free cash flow plunged by 8% citing elevated supply costs and weakening global market demand.,0,meta shares fell after fiscal free cash flow plunged by 8 percent citing elevated supply costs and weakening global market demand.
Meta shares fell after fiscal free cash flow plunged by 12% citing elevated supply costs and weakening global market demand.,0,meta shares fell after fiscal free cash flow plunged by 12 percent citing elevated supply costs and weakening global market demand.
Meta shares fell after fiscal free cash flow plunged by 15% citing elevated supply costs and weakening global market demand.,0,meta shares fell after fiscal free cash flow plunged by 15 percent citing elevated supply costs and weakening global market demand.
Meta shares fell after fiscal top-line growth declined by 8% citing elevated supply costs and weakening global market demand.,0,meta shares fell after fiscal top-line growth declined by 8 percent citing elevated supply costs and weakening global market demand.
Meta shares fell after fiscal top-line growth declined by 12% citing elevated supply costs and weakening global market demand.,0,meta shares fell after fiscal top-line growth declined by 12 percent citing elevated supply costs and weakening global market demand.
Meta shares fell after fiscal top-line growth declined by 15% citing elevated supply costs and weakening global market demand.,0,meta shares fell after fiscal top-line growth declined by 15 percent citing elevated supply costs and weakening global market demand.
Meta shares fell after fiscal top-line growth dropped by 8% citing elevated supply costs and weakening global market demand.,0,meta shares fell after fiscal top-line growth dropped by 8 percent citing elevated supply costs and weakening global market demand.
Meta shares fell after fiscal top-line growth dropped by 12% citing elevated supply costs and weakening global market demand.,0,meta shares fell after fiscal top-line growth dropped by 12 percent citing elevated supply costs and weakening global market demand.
Meta shares fell after fiscal top-line growth dropped by 15% citing elevated supply costs and weakening global market demand.,0,meta shares fell after fiscal top-line growth dropped by 15 percent citing elevated supply costs and weakening global market demand.
Meta shares fell after fiscal top-line growth plunged by 8% citing elevated supply costs and weakening global market demand.,0,meta shares fell after fiscal top-line growth plunged by 8 percent citing elevated supply costs and weakening global market demand.
Meta shares fell after fiscal top-line growth plunged by 12% citing elevated supply costs and weakening global market demand.,0,meta shares fell after fiscal top-line growth plunged by 12 percent citing elevated supply costs and weakening global market demand.
Meta shares fell after fiscal top-line growth plunged by 15% citing elevated supply costs and weakening global market demand.,0,meta shares fell after fiscal top-line growth plunged by 15 percent citing elevated supply costs and weakening global market demand.
Meta shares fell after fiscal subscription sales declined by 8% citing elevated supply costs and weakening global market demand.,0,meta shares fell after fiscal subscription sales declined by 8 percent citing elevated supply costs and weakening global market demand.
Meta shares fell after fiscal subscription sales declined by 12% citing elevated supply costs and weakening global market demand.,0,meta shares fell after fiscal subscription sales declined by 12 percent citing elevated supply costs and weakening global market demand.
Meta shares fell after fiscal subscription sales declined by 15% citing elevated supply costs and weakening global market demand.,0,meta shares fell after fiscal subscription sales declined by 15 percent citing elevated supply costs and weakening global market demand.
Meta shares fell after fiscal subscription sales dropped by 8% citing elevated supply costs and weakening global market demand.,0,meta shares fell after fiscal subscription sales dropped by 8 percent citing elevated supply costs and weakening global market demand.
Meta shares fell after fiscal subscription sales dropped by 12% citing elevated supply costs and weakening global market demand.,0,meta shares fell after fiscal subscription sales dropped by 12 percent citing elevated supply costs and weakening global market demand.
Meta shares fell after fiscal subscription sales dropped by 15% citing elevated supply costs and weakening global market demand.,0,meta shares fell after fiscal subscription sales dropped by 15 percent citing elevated supply costs and weakening global market demand.
Meta shares fell after fiscal subscription sales plunged by 8% citing elevated supply costs and weakening global market demand.,0,meta shares fell after fiscal subscription sales plunged by 8 percent citing elevated supply costs and weakening global market demand.
Meta shares fell after fiscal subscription sales plunged by 12% citing elevated supply costs and weakening global market demand.,0,meta shares fell after fiscal subscription sales plunged by 12 percent citing elevated supply costs and weakening global market demand.
Meta shares fell after fiscal subscription sales plunged by 15% citing elevated supply costs and weakening global market demand.,0,meta shares fell after fiscal subscription sales plunged by 15 percent citing elevated supply costs and weakening global market demand.
Intel shares fell after fiscal revenue declined by 8% citing elevated supply costs and weakening global market demand.,0,intel shares fell after fiscal revenue declined by 8 percent citing elevated supply costs and weakening global market demand.
Intel shares fell after fiscal revenue declined by 12% citing elevated supply costs and weakening global market demand.,0,intel shares fell after fiscal revenue declined by 12 percent citing elevated supply costs and weakening global market demand.
Intel shares fell after fiscal revenue declined by 15% citing elevated supply costs and weakening global market demand.,0,intel shares fell after fiscal revenue declined by 15 percent citing elevated supply costs and weakening global market demand.
Intel shares fell after fiscal revenue dropped by 8% citing elevated supply costs and weakening global market demand.,0,intel shares fell after fiscal revenue dropped by 8 percent citing elevated supply costs and weakening global market demand.
Intel shares fell after fiscal revenue dropped by 12% citing elevated supply costs and weakening global market demand.,0,intel shares fell after fiscal revenue dropped by 12 percent citing elevated supply costs and weakening global market demand.
Intel shares fell after fiscal revenue dropped by 15% citing elevated supply costs and weakening global market demand.,0,intel shares fell after fiscal revenue dropped by 15 percent citing elevated supply costs and weakening global market demand.
Intel shares fell after fiscal revenue plunged by 8% citing elevated supply costs and weakening global market demand.,0,intel shares fell after fiscal revenue plunged by 8 percent citing elevated supply costs and weakening global market demand.
Intel shares fell after fiscal revenue plunged by 12% citing elevated supply costs and weakening global market demand.,0,intel shares fell after fiscal revenue plunged by 12 percent citing elevated supply costs and weakening global market demand.
Intel shares fell after fiscal revenue plunged by 15% citing elevated supply costs and weakening global market demand.,0,intel shares fell after fiscal revenue plunged by 15 percent citing elevated supply costs and weakening global market demand.
Intel shares fell after fiscal operating income declined by 8% citing elevated supply costs and weakening global market demand.,0,intel shares fell after fiscal operating income declined by 8 percent citing elevated supply costs and weakening global market demand.
Intel shares fell after fiscal operating income declined by 12% citing elevated supply costs and weakening global market demand.,0,intel shares fell after fiscal operating income declined by 12 percent citing elevated supply costs and weakening global market demand.
Intel shares fell after fiscal operating income declined by 15% citing elevated supply costs and weakening global market demand.,0,intel shares fell after fiscal operating income declined by 15 percent citing elevated supply costs and weakening global market demand.
Intel shares fell after fiscal operating income dropped by 8% citing elevated supply costs and weakening global market demand.,0,intel shares fell after fiscal operating income dropped by 8 percent citing elevated supply costs and weakening global market demand.
Intel shares fell after fiscal operating income dropped by 12% citing elevated supply costs and weakening global market demand.,0,intel shares fell after fiscal operating income dropped by 12 percent citing elevated supply costs and weakening global market demand.
Intel shares fell after fiscal operating income dropped by 15% citing elevated supply costs and weakening global market demand.,0,intel shares fell after fiscal operating income dropped by 15 percent citing elevated supply costs and weakening global market demand.
Intel shares fell after fiscal operating income plunged by 8% citing elevated supply costs and weakening global market demand.,0,intel shares fell after fiscal operating income plunged by 8 percent citing elevated supply costs and weakening global market demand.
Intel shares fell after fiscal operating income plunged by 12% citing elevated supply costs and weakening global market demand.,0,intel shares fell after fiscal operating income plunged by 12 percent citing elevated supply costs and weakening global market demand.
Intel shares fell after fiscal operating income plunged by 15% citing elevated supply costs and weakening global market demand.,0,intel shares fell after fiscal operating income plunged by 15 percent citing elevated supply costs and weakening global market demand.
Intel shares fell after fiscal net profit declined by 8% citing elevated supply costs and weakening global market demand.,0,intel shares fell after fiscal net profit declined by 8 percent citing elevated supply costs and weakening global market demand.
Intel shares fell after fiscal net profit declined by 12% citing elevated supply costs and weakening global market demand.,0,intel shares fell after fiscal net profit declined by 12 percent citing elevated supply costs and weakening global market demand.
Intel shares fell after fiscal net profit declined by 15% citing elevated supply costs and weakening global market demand.,0,intel shares fell after fiscal net profit declined by 15 percent citing elevated supply costs and weakening global market demand.
Intel shares fell after fiscal net profit dropped by 8% citing elevated supply costs and weakening global market demand.,0,intel shares fell after fiscal net profit dropped by 8 percent citing elevated supply costs and weakening global market demand.
Intel shares fell after fiscal net profit dropped by 12% citing elevated supply costs and weakening global market demand.,0,intel shares fell after fiscal net profit dropped by 12 percent citing elevated supply costs and weakening global market demand.
Intel shares fell after fiscal net profit dropped by 15% citing elevated supply costs and weakening global market demand.,0,intel shares fell after fiscal net profit dropped by 15 percent citing elevated supply costs and weakening global market demand.
Intel shares fell after fiscal net profit plunged by 8% citing elevated supply costs and weakening global market demand.,0,intel shares fell after fiscal net profit plunged by 8 percent citing elevated supply costs and weakening global market demand.
Intel shares fell after fiscal net profit plunged by 12% citing elevated supply costs and weakening global market demand.,0,intel shares fell after fiscal net profit plunged by 12 percent citing elevated supply costs and weakening global market demand.
Intel shares fell after fiscal net profit plunged by 15% citing elevated supply costs and weakening global market demand.,0,intel shares fell after fiscal net profit plunged by 15 percent citing elevated supply costs and weakening global market demand.
Intel shares fell after fiscal quarterly earnings declined by 8% citing elevated supply costs and weakening global market demand.,0,intel shares fell after fiscal quarterly earnings declined by 8 percent citing elevated supply costs and weakening global market demand.
Intel shares fell after fiscal quarterly earnings declined by 12% citing elevated supply costs and weakening global market demand.,0,intel shares fell after fiscal quarterly earnings declined by 12 percent citing elevated supply costs and weakening global market demand.
Intel shares fell after fiscal quarterly earnings declined by 15% citing elevated supply costs and weakening global market demand.,0,intel shares fell after fiscal quarterly earnings declined by 15 percent citing elevated supply costs and weakening global market demand.
Intel shares fell after fiscal quarterly earnings dropped by 8% citing elevated supply costs and weakening global market demand.,0,intel shares fell after fiscal quarterly earnings dropped by 8 percent citing elevated supply costs and weakening global market demand.
Intel shares fell after fiscal quarterly earnings dropped by 12% citing elevated supply costs and weakening global market demand.,0,intel shares fell after fiscal quarterly earnings dropped by 12 percent citing elevated supply costs and weakening global market demand.
Intel shares fell after fiscal quarterly earnings dropped by 15% citing elevated supply costs and weakening global market demand.,0,intel shares fell after fiscal quarterly earnings dropped by 15 percent citing elevated supply costs and weakening global market demand.
Intel shares fell after fiscal quarterly earnings plunged by 8% citing elevated supply costs and weakening global market demand.,0,intel shares fell after fiscal quarterly earnings plunged by 8 percent citing elevated supply costs and weakening global market demand.
Intel shares fell after fiscal quarterly earnings plunged by 12% citing elevated supply costs and weakening global market demand.,0,intel shares fell after fiscal quarterly earnings plunged by 12 percent citing elevated supply costs and weakening global market demand.
Intel shares fell after fiscal quarterly earnings plunged by 15% citing elevated supply costs and weakening global market demand.,0,intel shares fell after fiscal quarterly earnings plunged by 15 percent citing elevated supply costs and weakening global market demand.
Intel shares fell after fiscal EBITDA margin declined by 8% citing elevated supply costs and weakening global market demand.,0,intel shares fell after fiscal ebitda margin declined by 8 percent citing elevated supply costs and weakening global market demand.
Intel shares fell after fiscal EBITDA margin declined by 12% citing elevated supply costs and weakening global market demand.,0,intel shares fell after fiscal ebitda margin declined by 12 percent citing elevated supply costs and weakening global market demand.
Intel shares fell after fiscal EBITDA margin declined by 15% citing elevated supply costs and weakening global market demand.,0,intel shares fell after fiscal ebitda margin declined by 15 percent citing elevated supply costs and weakening global market demand.
Intel shares fell after fiscal EBITDA margin dropped by 8% citing elevated supply costs and weakening global market demand.,0,intel shares fell after fiscal ebitda margin dropped by 8 percent citing elevated supply costs and weakening global market demand.
Intel shares fell after fiscal EBITDA margin dropped by 12% citing elevated supply costs and weakening global market demand.,0,intel shares fell after fiscal ebitda margin dropped by 12 percent citing elevated supply costs and weakening global market demand.
Intel shares fell after fiscal EBITDA margin dropped by 15% citing elevated supply costs and weakening global market demand.,0,intel shares fell after fiscal ebitda margin dropped by 15 percent citing elevated supply costs and weakening global market demand.
Intel shares fell after fiscal EBITDA margin plunged by 8% citing elevated supply costs and weakening global market demand.,0,intel shares fell after fiscal ebitda margin plunged by 8 percent citing elevated supply costs and weakening global market demand.
Intel shares fell after fiscal EBITDA margin plunged by 12% citing elevated supply costs and weakening global market demand.,0,intel shares fell after fiscal ebitda margin plunged by 12 percent citing elevated supply costs and weakening global market demand.
Intel shares fell after fiscal EBITDA margin plunged by 15% citing elevated supply costs and weakening global market demand.,0,intel shares fell after fiscal ebitda margin plunged by 15 percent citing elevated supply costs and weakening global market demand.
Intel shares fell after fiscal free cash flow declined by 8% citing elevated supply costs and weakening global market demand.,0,intel shares fell after fiscal free cash flow declined by 8 percent citing elevated supply costs and weakening global market demand.
Intel shares fell after fiscal free cash flow declined by 12% citing elevated supply costs and weakening global market demand.,0,intel shares fell after fiscal free cash flow declined by 12 percent citing elevated supply costs and weakening global market demand.
Intel shares fell after fiscal free cash flow declined by 15% citing elevated supply costs and weakening global market demand.,0,intel shares fell after fiscal free cash flow declined by 15 percent citing elevated supply costs and weakening global market demand.
Intel shares fell after fiscal free cash flow dropped by 8% citing elevated supply costs and weakening global market demand.,0,intel shares fell after fiscal free cash flow dropped by 8 percent citing elevated supply costs and weakening global market demand.
Intel shares fell after fiscal free cash flow dropped by 12% citing elevated supply costs and weakening global market demand.,0,intel shares fell after fiscal free cash flow dropped by 12 percent citing elevated supply costs and weakening global market demand.
Intel shares fell after fiscal free cash flow dropped by 15% citing elevated supply costs and weakening global market demand.,0,intel shares fell after fiscal free cash flow dropped by 15 percent citing elevated supply costs and weakening global market demand.
Intel shares fell after fiscal free cash flow plunged by 8% citing elevated supply costs and weakening global market demand.,0,intel shares fell after fiscal free cash flow plunged by 8 percent citing elevated supply costs and weakening global market demand.
Intel shares fell after fiscal free cash flow plunged by 12% citing elevated supply costs and weakening global market demand.,0,intel shares fell after fiscal free cash flow plunged by 12 percent citing elevated supply costs and weakening global market demand.
Intel shares fell after fiscal free cash flow plunged by 15% citing elevated supply costs and weakening global market demand.,0,intel shares fell after fiscal free cash flow plunged by 15 percent citing elevated supply costs and weakening global market demand.
Intel shares fell after fiscal top-line growth declined by 8% citing elevated supply costs and weakening global market demand.,0,intel shares fell after fiscal top-line growth declined by 8 percent citing elevated supply costs and weakening global market demand.
Intel shares fell after fiscal top-line growth declined by 12% citing elevated supply costs and weakening global market demand.,0,intel shares fell after fiscal top-line growth declined by 12 percent citing elevated supply costs and weakening global market demand.
Intel shares fell after fiscal top-line growth declined by 15% citing elevated supply costs and weakening global market demand.,0,intel shares fell after fiscal top-line growth declined by 15 percent citing elevated supply costs and weakening global market demand.
Intel shares fell after fiscal top-line growth dropped by 8% citing elevated supply costs and weakening global market demand.,0,intel shares fell after fiscal top-line growth dropped by 8 percent citing elevated supply costs and weakening global market demand.
Intel shares fell after fiscal top-line growth dropped by 12% citing elevated supply costs and weakening global market demand.,0,intel shares fell after fiscal top-line growth dropped by 12 percent citing elevated supply costs and weakening global market demand.
Intel shares fell after fiscal top-line growth dropped by 15% citing elevated supply costs and weakening global market demand.,0,intel shares fell after fiscal top-line growth dropped by 15 percent citing elevated supply costs and weakening global market demand.
Intel shares fell after fiscal top-line growth plunged by 8% citing elevated supply costs and weakening global market demand.,0,intel shares fell after fiscal top-line growth plunged by 8 percent citing elevated supply costs and weakening global market demand.
Intel shares fell after fiscal top-line growth plunged by 12% citing elevated supply costs and weakening global market demand.,0,intel shares fell after fiscal top-line growth plunged by 12 percent citing elevated supply costs and weakening global market demand.
Intel shares fell after fiscal top-line growth plunged by 15% citing elevated supply costs and weakening global market demand.,0,intel shares fell after fiscal top-line growth plunged by 15 percent citing elevated supply costs and weakening global market demand.
Intel shares fell after fiscal subscription sales declined by 8% citing elevated supply costs and weakening global market demand.,0,intel shares fell after fiscal subscription sales declined by 8 percent citing elevated supply costs and weakening global market demand.
Intel shares fell after fiscal subscription sales declined by 12% citing elevated supply costs and weakening global market demand.,0,intel shares fell after fiscal subscription sales declined by 12 percent citing elevated supply costs and weakening global market demand.
Intel shares fell after fiscal subscription sales declined by 15% citing elevated supply costs and weakening global market demand.,0,intel shares fell after fiscal subscription sales declined by 15 percent citing elevated supply costs and weakening global market demand.
Intel shares fell after fiscal subscription sales dropped by 8% citing elevated supply costs and weakening global market demand.,0,intel shares fell after fiscal subscription sales dropped by 8 percent citing elevated supply costs and weakening global market demand.
Intel shares fell after fiscal subscription sales dropped by 12% citing elevated supply costs and weakening global market demand.,0,intel shares fell after fiscal subscription sales dropped by 12 percent citing elevated supply costs and weakening global market demand.
Intel shares fell after fiscal subscription sales dropped by 15% citing elevated supply costs and weakening global market demand.,0,intel shares fell after fiscal subscription sales dropped by 15 percent citing elevated supply costs and weakening global market demand.
Intel shares fell after fiscal subscription sales plunged by 8% citing elevated supply costs and weakening global market demand.,0,intel shares fell after fiscal subscription sales plunged by 8 percent citing elevated supply costs and weakening global market demand.
Intel shares fell after fiscal subscription sales plunged by 12% citing elevated supply costs and weakening global market demand.,0,intel shares fell after fiscal subscription sales plunged by 12 percent citing elevated supply costs and weakening global market demand.
Intel shares fell after fiscal subscription sales plunged by 15% citing elevated supply costs and weakening global market demand.,0,intel shares fell after fiscal subscription sales plunged by 15 percent citing elevated supply costs and weakening global market demand.
AMD shares fell after fiscal revenue declined by 8% citing elevated supply costs and weakening global market demand.,0,amd shares fell after fiscal revenue declined by 8 percent citing elevated supply costs and weakening global market demand.
AMD shares fell after fiscal revenue declined by 12% citing elevated supply costs and weakening global market demand.,0,amd shares fell after fiscal revenue declined by 12 percent citing elevated supply costs and weakening global market demand.
AMD shares fell after fiscal revenue declined by 15% citing elevated supply costs and weakening global market demand.,0,amd shares fell after fiscal revenue declined by 15 percent citing elevated supply costs and weakening global market demand.
AMD shares fell after fiscal revenue dropped by 8% citing elevated supply costs and weakening global market demand.,0,amd shares fell after fiscal revenue dropped by 8 percent citing elevated supply costs and weakening global market demand.
AMD shares fell after fiscal revenue dropped by 12% citing elevated supply costs and weakening global market demand.,0,amd shares fell after fiscal revenue dropped by 12 percent citing elevated supply costs and weakening global market demand.
AMD shares fell after fiscal revenue dropped by 15% citing elevated supply costs and weakening global market demand.,0,amd shares fell after fiscal revenue dropped by 15 percent citing elevated supply costs and weakening global market demand.
AMD shares fell after fiscal revenue plunged by 8% citing elevated supply costs and weakening global market demand.,0,amd shares fell after fiscal revenue plunged by 8 percent citing elevated supply costs and weakening global market demand.
AMD shares fell after fiscal revenue plunged by 12% citing elevated supply costs and weakening global market demand.,0,amd shares fell after fiscal revenue plunged by 12 percent citing elevated supply costs and weakening global market demand.
AMD shares fell after fiscal revenue plunged by 15% citing elevated supply costs and weakening global market demand.,0,amd shares fell after fiscal revenue plunged by 15 percent citing elevated supply costs and weakening global market demand.
AMD shares fell after fiscal operating income declined by 8% citing elevated supply costs and weakening global market demand.,0,amd shares fell after fiscal operating income declined by 8 percent citing elevated supply costs and weakening global market demand.
AMD shares fell after fiscal operating income declined by 12% citing elevated supply costs and weakening global market demand.,0,amd shares fell after fiscal operating income declined by 12 percent citing elevated supply costs and weakening global market demand.
AMD shares fell after fiscal operating income declined by 15% citing elevated supply costs and weakening global market demand.,0,amd shares fell after fiscal operating income declined by 15 percent citing elevated supply costs and weakening global market demand.
AMD shares fell after fiscal operating income dropped by 8% citing elevated supply costs and weakening global market demand.,0,amd shares fell after fiscal operating income dropped by 8 percent citing elevated supply costs and weakening global market demand.
AMD shares fell after fiscal operating income dropped by 12% citing elevated supply costs and weakening global market demand.,0,amd shares fell after fiscal operating income dropped by 12 percent citing elevated supply costs and weakening global market demand.
AMD shares fell after fiscal operating income dropped by 15% citing elevated supply costs and weakening global market demand.,0,amd shares fell after fiscal operating income dropped by 15 percent citing elevated supply costs and weakening global market demand.
AMD shares fell after fiscal operating income plunged by 8% citing elevated supply costs and weakening global market demand.,0,amd shares fell after fiscal operating income plunged by 8 percent citing elevated supply costs and weakening global market demand.
AMD shares fell after fiscal operating income plunged by 12% citing elevated supply costs and weakening global market demand.,0,amd shares fell after fiscal operating income plunged by 12 percent citing elevated supply costs and weakening global market demand.
AMD shares fell after fiscal operating income plunged by 15% citing elevated supply costs and weakening global market demand.,0,amd shares fell after fiscal operating income plunged by 15 percent citing elevated supply costs and weakening global market demand.
AMD shares fell after fiscal net profit declined by 8% citing elevated supply costs and weakening global market demand.,0,amd shares fell after fiscal net profit declined by 8 percent citing elevated supply costs and weakening global market demand.
AMD shares fell after fiscal net profit declined by 12% citing elevated supply costs and weakening global market demand.,0,amd shares fell after fiscal net profit declined by 12 percent citing elevated supply costs and weakening global market demand.
AMD shares fell after fiscal net profit declined by 15% citing elevated supply costs and weakening global market demand.,0,amd shares fell after fiscal net profit declined by 15 percent citing elevated supply costs and weakening global market demand.
AMD shares fell after fiscal net profit dropped by 8% citing elevated supply costs and weakening global market demand.,0,amd shares fell after fiscal net profit dropped by 8 percent citing elevated supply costs and weakening global market demand.
AMD shares fell after fiscal net profit dropped by 12% citing elevated supply costs and weakening global market demand.,0,amd shares fell after fiscal net profit dropped by 12 percent citing elevated supply costs and weakening global market demand.
AMD shares fell after fiscal net profit dropped by 15% citing elevated supply costs and weakening global market demand.,0,amd shares fell after fiscal net profit dropped by 15 percent citing elevated supply costs and weakening global market demand.
AMD shares fell after fiscal net profit plunged by 8% citing elevated supply costs and weakening global market demand.,0,amd shares fell after fiscal net profit plunged by 8 percent citing elevated supply costs and weakening global market demand.
AMD shares fell after fiscal net profit plunged by 12% citing elevated supply costs and weakening global market demand.,0,amd shares fell after fiscal net profit plunged by 12 percent citing elevated supply costs and weakening global market demand.
AMD shares fell after fiscal net profit plunged by 15% citing elevated supply costs and weakening global market demand.,0,amd shares fell after fiscal net profit plunged by 15 percent citing elevated supply costs and weakening global market demand.
AMD shares fell after fiscal quarterly earnings declined by 8% citing elevated supply costs and weakening global market demand.,0,amd shares fell after fiscal quarterly earnings declined by 8 percent citing elevated supply costs and weakening global market demand.
AMD shares fell after fiscal quarterly earnings declined by 12% citing elevated supply costs and weakening global market demand.,0,amd shares fell after fiscal quarterly earnings declined by 12 percent citing elevated supply costs and weakening global market demand.
AMD shares fell after fiscal quarterly earnings declined by 15% citing elevated supply costs and weakening global market demand.,0,amd shares fell after fiscal quarterly earnings declined by 15 percent citing elevated supply costs and weakening global market demand.
AMD shares fell after fiscal quarterly earnings dropped by 8% citing elevated supply costs and weakening global market demand.,0,amd shares fell after fiscal quarterly earnings dropped by 8 percent citing elevated supply costs and weakening global market demand.
AMD shares fell after fiscal quarterly earnings dropped by 12% citing elevated supply costs and weakening global market demand.,0,amd shares fell after fiscal quarterly earnings dropped by 12 percent citing elevated supply costs and weakening global market demand.
AMD shares fell after fiscal quarterly earnings dropped by 15% citing elevated supply costs and weakening global market demand.,0,amd shares fell after fiscal quarterly earnings dropped by 15 percent citing elevated supply costs and weakening global market demand.
AMD shares fell after fiscal quarterly earnings plunged by 8% citing elevated supply costs and weakening global market demand.,0,amd shares fell after fiscal quarterly earnings plunged by 8 percent citing elevated supply costs and weakening global market demand.
AMD shares fell after fiscal quarterly earnings plunged by 12% citing elevated supply costs and weakening global market demand.,0,amd shares fell after fiscal quarterly earnings plunged by 12 percent citing elevated supply costs and weakening global market demand.
AMD shares fell after fiscal quarterly earnings plunged by 15% citing elevated supply costs and weakening global market demand.,0,amd shares fell after fiscal quarterly earnings plunged by 15 percent citing elevated supply costs and weakening global market demand.
AMD shares fell after fiscal EBITDA margin declined by 8% citing elevated supply costs and weakening global market demand.,0,amd shares fell after fiscal ebitda margin declined by 8 percent citing elevated supply costs and weakening global market demand.
AMD shares fell after fiscal EBITDA margin declined by 12% citing elevated supply costs and weakening global market demand.,0,amd shares fell after fiscal ebitda margin declined by 12 percent citing elevated supply costs and weakening global market demand.
AMD shares fell after fiscal EBITDA margin declined by 15% citing elevated supply costs and weakening global market demand.,0,amd shares fell after fiscal ebitda margin declined by 15 percent citing elevated supply costs and weakening global market demand.
AMD shares fell after fiscal EBITDA margin dropped by 8% citing elevated supply costs and weakening global market demand.,0,amd shares fell after fiscal ebitda margin dropped by 8 percent citing elevated supply costs and weakening global market demand.
AMD shares fell after fiscal EBITDA margin dropped by 12% citing elevated supply costs and weakening global market demand.,0,amd shares fell after fiscal ebitda margin dropped by 12 percent citing elevated supply costs and weakening global market demand.
AMD shares fell after fiscal EBITDA margin dropped by 15% citing elevated supply costs and weakening global market demand.,0,amd shares fell after fiscal ebitda margin dropped by 15 percent citing elevated supply costs and weakening global market demand.
AMD shares fell after fiscal EBITDA margin plunged by 8% citing elevated supply costs and weakening global market demand.,0,amd shares fell after fiscal ebitda margin plunged by 8 percent citing elevated supply costs and weakening global market demand.
AMD shares fell after fiscal EBITDA margin plunged by 12% citing elevated supply costs and weakening global market demand.,0,amd shares fell after fiscal ebitda margin plunged by 12 percent citing elevated supply costs and weakening global market demand.
AMD shares fell after fiscal EBITDA margin plunged by 15% citing elevated supply costs and weakening global market demand.,0,amd shares fell after fiscal ebitda margin plunged by 15 percent citing elevated supply costs and weakening global market demand.
AMD shares fell after fiscal free cash flow declined by 8% citing elevated supply costs and weakening global market demand.,0,amd shares fell after fiscal free cash flow declined by 8 percent citing elevated supply costs and weakening global market demand.
AMD shares fell after fiscal free cash flow declined by 12% citing elevated supply costs and weakening global market demand.,0,amd shares fell after fiscal free cash flow declined by 12 percent citing elevated supply costs and weakening global market demand.
AMD shares fell after fiscal free cash flow declined by 15% citing elevated supply costs and weakening global market demand.,0,amd shares fell after fiscal free cash flow declined by 15 percent citing elevated supply costs and weakening global market demand.
AMD shares fell after fiscal free cash flow dropped by 8% citing elevated supply costs and weakening global market demand.,0,amd shares fell after fiscal free cash flow dropped by 8 percent citing elevated supply costs and weakening global market demand.
AMD shares fell after fiscal free cash flow dropped by 12% citing elevated supply costs and weakening global market demand.,0,amd shares fell after fiscal free cash flow dropped by 12 percent citing elevated supply costs and weakening global market demand.
AMD shares fell after fiscal free cash flow dropped by 15% citing elevated supply costs and weakening global market demand.,0,amd shares fell after fiscal free cash flow dropped by 15 percent citing elevated supply costs and weakening global market demand.
AMD shares fell after fiscal free cash flow plunged by 8% citing elevated supply costs and weakening global market demand.,0,amd shares fell after fiscal free cash flow plunged by 8 percent citing elevated supply costs and weakening global market demand.
AMD shares fell after fiscal free cash flow plunged by 12% citing elevated supply costs and weakening global market demand.,0,amd shares fell after fiscal free cash flow plunged by 12 percent citing elevated supply costs and weakening global market demand.
AMD shares fell after fiscal free cash flow plunged by 15% citing elevated supply costs and weakening global market demand.,0,amd shares fell after fiscal free cash flow plunged by 15 percent citing elevated supply costs and weakening global market demand.
AMD shares fell after fiscal top-line growth declined by 8% citing elevated supply costs and weakening global market demand.,0,amd shares fell after fiscal top-line growth declined by 8 percent citing elevated supply costs and weakening global market demand.
AMD shares fell after fiscal top-line growth declined by 12% citing elevated supply costs and weakening global market demand.,0,amd shares fell after fiscal top-line growth declined by 12 percent citing elevated supply costs and weakening global market demand.
AMD shares fell after fiscal top-line growth declined by 15% citing elevated supply costs and weakening global market demand.,0,amd shares fell after fiscal top-line growth declined by 15 percent citing elevated supply costs and weakening global market demand.
AMD shares fell after fiscal top-line growth dropped by 8% citing elevated supply costs and weakening global market demand.,0,amd shares fell after fiscal top-line growth dropped by 8 percent citing elevated supply costs and weakening global market demand.
AMD shares fell after fiscal top-line growth dropped by 12% citing elevated supply costs and weakening global market demand.,0,amd shares fell after fiscal top-line growth dropped by 12 percent citing elevated supply costs and weakening global market demand.
AMD shares fell after fiscal top-line growth dropped by 15% citing elevated supply costs and weakening global market demand.,0,amd shares fell after fiscal top-line growth dropped by 15 percent citing elevated supply costs and weakening global market demand.
AMD shares fell after fiscal top-line growth plunged by 8% citing elevated supply costs and weakening global market demand.,0,amd shares fell after fiscal top-line growth plunged by 8 percent citing elevated supply costs and weakening global market demand.
AMD shares fell after fiscal top-line growth plunged by 12% citing elevated supply costs and weakening global market demand.,0,amd shares fell after fiscal top-line growth plunged by 12 percent citing elevated supply costs and weakening global market demand.
AMD shares fell after fiscal top-line growth plunged by 15% citing elevated supply costs and weakening global market demand.,0,amd shares fell after fiscal top-line growth plunged by 15 percent citing elevated supply costs and weakening global market demand.
AMD shares fell after fiscal subscription sales declined by 8% citing elevated supply costs and weakening global market demand.,0,amd shares fell after fiscal subscription sales declined by 8 percent citing elevated supply costs and weakening global market demand.
AMD shares fell after fiscal subscription sales declined by 12% citing elevated supply costs and weakening global market demand.,0,amd shares fell after fiscal subscription sales declined by 12 percent citing elevated supply costs and weakening global market demand.
AMD shares fell after fiscal subscription sales declined by 15% citing elevated supply costs and weakening global market demand.,0,amd shares fell after fiscal subscription sales declined by 15 percent citing elevated supply costs and weakening global market demand.
AMD shares fell after fiscal subscription sales dropped by 8% citing elevated supply costs and weakening global market demand.,0,amd shares fell after fiscal subscription sales dropped by 8 percent citing elevated supply costs and weakening global market demand.
AMD shares fell after fiscal subscription sales dropped by 12% citing elevated supply costs and weakening global market demand.,0,amd shares fell after fiscal subscription sales dropped by 12 percent citing elevated supply costs and weakening global market demand.
AMD shares fell after fiscal subscription sales dropped by 15% citing elevated supply costs and weakening global market demand.,0,amd shares fell after fiscal subscription sales dropped by 15 percent citing elevated supply costs and weakening global market demand.
AMD shares fell after fiscal subscription sales plunged by 8% citing elevated supply costs and weakening global market demand.,0,amd shares fell after fiscal subscription sales plunged by 8 percent citing elevated supply costs and weakening global market demand.
AMD shares fell after fiscal subscription sales plunged by 12% citing elevated supply costs and weakening global market demand.,0,amd shares fell after fiscal subscription sales plunged by 12 percent citing elevated supply costs and weakening global market demand.
AMD shares fell after fiscal subscription sales plunged by 15% citing elevated supply costs and weakening global market demand.,0,amd shares fell after fiscal subscription sales plunged by 15 percent citing elevated supply costs and weakening global market demand.
Boeing shares fell after fiscal revenue declined by 8% citing elevated supply costs and weakening global market demand.,0,boeing shares fell after fiscal revenue declined by 8 percent citing elevated supply costs and weakening global market demand.
Boeing shares fell after fiscal revenue declined by 12% citing elevated supply costs and weakening global market demand.,0,boeing shares fell after fiscal revenue declined by 12 percent citing elevated supply costs and weakening global market demand.
Boeing shares fell after fiscal revenue declined by 15% citing elevated supply costs and weakening global market demand.,0,boeing shares fell after fiscal revenue declined by 15 percent citing elevated supply costs and weakening global market demand.
Boeing shares fell after fiscal revenue dropped by 8% citing elevated supply costs and weakening global market demand.,0,boeing shares fell after fiscal revenue dropped by 8 percent citing elevated supply costs and weakening global market demand.
Boeing shares fell after fiscal revenue dropped by 12% citing elevated supply costs and weakening global market demand.,0,boeing shares fell after fiscal revenue dropped by 12 percent citing elevated supply costs and weakening global market demand.
Boeing shares fell after fiscal revenue dropped by 15% citing elevated supply costs and weakening global market demand.,0,boeing shares fell after fiscal revenue dropped by 15 percent citing elevated supply costs and weakening global market demand.
Boeing shares fell after fiscal revenue plunged by 8% citing elevated supply costs and weakening global market demand.,0,boeing shares fell after fiscal revenue plunged by 8 percent citing elevated supply costs and weakening global market demand.
Boeing shares fell after fiscal revenue plunged by 12% citing elevated supply costs and weakening global market demand.,0,boeing shares fell after fiscal revenue plunged by 12 percent citing elevated supply costs and weakening global market demand.
Boeing shares fell after fiscal revenue plunged by 15% citing elevated supply costs and weakening global market demand.,0,boeing shares fell after fiscal revenue plunged by 15 percent citing elevated supply costs and weakening global market demand.
Boeing shares fell after fiscal operating income declined by 8% citing elevated supply costs and weakening global market demand.,0,boeing shares fell after fiscal operating income declined by 8 percent citing elevated supply costs and weakening global market demand.
Boeing shares fell after fiscal operating income declined by 12% citing elevated supply costs and weakening global market demand.,0,boeing shares fell after fiscal operating income declined by 12 percent citing elevated supply costs and weakening global market demand.
Boeing shares fell after fiscal operating income declined by 15% citing elevated supply costs and weakening global market demand.,0,boeing shares fell after fiscal operating income declined by 15 percent citing elevated supply costs and weakening global market demand.
Boeing shares fell after fiscal operating income dropped by 8% citing elevated supply costs and weakening global market demand.,0,boeing shares fell after fiscal operating income dropped by 8 percent citing elevated supply costs and weakening global market demand.
Boeing shares fell after fiscal operating income dropped by 12% citing elevated supply costs and weakening global market demand.,0,boeing shares fell after fiscal operating income dropped by 12 percent citing elevated supply costs and weakening global market demand.
Boeing shares fell after fiscal operating income dropped by 15% citing elevated supply costs and weakening global market demand.,0,boeing shares fell after fiscal operating income dropped by 15 percent citing elevated supply costs and weakening global market demand.
Boeing shares fell after fiscal operating income plunged by 8% citing elevated supply costs and weakening global market demand.,0,boeing shares fell after fiscal operating income plunged by 8 percent citing elevated supply costs and weakening global market demand.
Boeing shares fell after fiscal operating income plunged by 12% citing elevated supply costs and weakening global market demand.,0,boeing shares fell after fiscal operating income plunged by 12 percent citing elevated supply costs and weakening global market demand.
Boeing shares fell after fiscal operating income plunged by 15% citing elevated supply costs and weakening global market demand.,0,boeing shares fell after fiscal operating income plunged by 15 percent citing elevated supply costs and weakening global market demand.
Boeing shares fell after fiscal net profit declined by 8% citing elevated supply costs and weakening global market demand.,0,boeing shares fell after fiscal net profit declined by 8 percent citing elevated supply costs and weakening global market demand.
Boeing shares fell after fiscal net profit declined by 12% citing elevated supply costs and weakening global market demand.,0,boeing shares fell after fiscal net profit declined by 12 percent citing elevated supply costs and weakening global market demand.
Boeing shares fell after fiscal net profit declined by 15% citing elevated supply costs and weakening global market demand.,0,boeing shares fell after fiscal net profit declined by 15 percent citing elevated supply costs and weakening global market demand.
Boeing shares fell after fiscal net profit dropped by 8% citing elevated supply costs and weakening global market demand.,0,boeing shares fell after fiscal net profit dropped by 8 percent citing elevated supply costs and weakening global market demand.
Boeing shares fell after fiscal net profit dropped by 12% citing elevated supply costs and weakening global market demand.,0,boeing shares fell after fiscal net profit dropped by 12 percent citing elevated supply costs and weakening global market demand.
Boeing shares fell after fiscal net profit dropped by 15% citing elevated supply costs and weakening global market demand.,0,boeing shares fell after fiscal net profit dropped by 15 percent citing elevated supply costs and weakening global market demand.
Boeing shares fell after fiscal net profit plunged by 8% citing elevated supply costs and weakening global market demand.,0,boeing shares fell after fiscal net profit plunged by 8 percent citing elevated supply costs and weakening global market demand.
Boeing shares fell after fiscal net profit plunged by 12% citing elevated supply costs and weakening global market demand.,0,boeing shares fell after fiscal net profit plunged by 12 percent citing elevated supply costs and weakening global market demand.
Boeing shares fell after fiscal net profit plunged by 15% citing elevated supply costs and weakening global market demand.,0,boeing shares fell after fiscal net profit plunged by 15 percent citing elevated supply costs and weakening global market demand.
Boeing shares fell after fiscal quarterly earnings declined by 8% citing elevated supply costs and weakening global market demand.,0,boeing shares fell after fiscal quarterly earnings declined by 8 percent citing elevated supply costs and weakening global market demand.
Boeing shares fell after fiscal quarterly earnings declined by 12% citing elevated supply costs and weakening global market demand.,0,boeing shares fell after fiscal quarterly earnings declined by 12 percent citing elevated supply costs and weakening global market demand.
Boeing shares fell after fiscal quarterly earnings declined by 15% citing elevated supply costs and weakening global market demand.,0,boeing shares fell after fiscal quarterly earnings declined by 15 percent citing elevated supply costs and weakening global market demand.
Boeing shares fell after fiscal quarterly earnings dropped by 8% citing elevated supply costs and weakening global market demand.,0,boeing shares fell after fiscal quarterly earnings dropped by 8 percent citing elevated supply costs and weakening global market demand.
Boeing shares fell after fiscal quarterly earnings dropped by 12% citing elevated supply costs and weakening global market demand.,0,boeing shares fell after fiscal quarterly earnings dropped by 12 percent citing elevated supply costs and weakening global market demand.
Boeing shares fell after fiscal quarterly earnings dropped by 15% citing elevated supply costs and weakening global market demand.,0,boeing shares fell after fiscal quarterly earnings dropped by 15 percent citing elevated supply costs and weakening global market demand.
Boeing shares fell after fiscal quarterly earnings plunged by 8% citing elevated supply costs and weakening global market demand.,0,boeing shares fell after fiscal quarterly earnings plunged by 8 percent citing elevated supply costs and weakening global market demand.
Boeing shares fell after fiscal quarterly earnings plunged by 12% citing elevated supply costs and weakening global market demand.,0,boeing shares fell after fiscal quarterly earnings plunged by 12 percent citing elevated supply costs and weakening global market demand.
Boeing shares fell after fiscal quarterly earnings plunged by 15% citing elevated supply costs and weakening global market demand.,0,boeing shares fell after fiscal quarterly earnings plunged by 15 percent citing elevated supply costs and weakening global market demand.
Boeing shares fell after fiscal EBITDA margin declined by 8% citing elevated supply costs and weakening global market demand.,0,boeing shares fell after fiscal ebitda margin declined by 8 percent citing elevated supply costs and weakening global market demand.
Boeing shares fell after fiscal EBITDA margin declined by 12% citing elevated supply costs and weakening global market demand.,0,boeing shares fell after fiscal ebitda margin declined by 12 percent citing elevated supply costs and weakening global market demand.
Boeing shares fell after fiscal EBITDA margin declined by 15% citing elevated supply costs and weakening global market demand.,0,boeing shares fell after fiscal ebitda margin declined by 15 percent citing elevated supply costs and weakening global market demand.
Boeing shares fell after fiscal EBITDA margin dropped by 8% citing elevated supply costs and weakening global market demand.,0,boeing shares fell after fiscal ebitda margin dropped by 8 percent citing elevated supply costs and weakening global market demand.
Boeing shares fell after fiscal EBITDA margin dropped by 12% citing elevated supply costs and weakening global market demand.,0,boeing shares fell after fiscal ebitda margin dropped by 12 percent citing elevated supply costs and weakening global market demand.
Boeing shares fell after fiscal EBITDA margin dropped by 15% citing elevated supply costs and weakening global market demand.,0,boeing shares fell after fiscal ebitda margin dropped by 15 percent citing elevated supply costs and weakening global market demand.
Boeing shares fell after fiscal EBITDA margin plunged by 8% citing elevated supply costs and weakening global market demand.,0,boeing shares fell after fiscal ebitda margin plunged by 8 percent citing elevated supply costs and weakening global market demand.
Boeing shares fell after fiscal EBITDA margin plunged by 12% citing elevated supply costs and weakening global market demand.,0,boeing shares fell after fiscal ebitda margin plunged by 12 percent citing elevated supply costs and weakening global market demand.
Boeing shares fell after fiscal EBITDA margin plunged by 15% citing elevated supply costs and weakening global market demand.,0,boeing shares fell after fiscal ebitda margin plunged by 15 percent citing elevated supply costs and weakening global market demand.
Boeing shares fell after fiscal free cash flow declined by 8% citing elevated supply costs and weakening global market demand.,0,boeing shares fell after fiscal free cash flow declined by 8 percent citing elevated supply costs and weakening global market demand.
Boeing shares fell after fiscal free cash flow declined by 12% citing elevated supply costs and weakening global market demand.,0,boeing shares fell after fiscal free cash flow declined by 12 percent citing elevated supply costs and weakening global market demand.
Boeing shares fell after fiscal free cash flow declined by 15% citing elevated supply costs and weakening global market demand.,0,boeing shares fell after fiscal free cash flow declined by 15 percent citing elevated supply costs and weakening global market demand.
Boeing shares fell after fiscal free cash flow dropped by 8% citing elevated supply costs and weakening global market demand.,0,boeing shares fell after fiscal free cash flow dropped by 8 percent citing elevated supply costs and weakening global market demand.
Boeing shares fell after fiscal free cash flow dropped by 12% citing elevated supply costs and weakening global market demand.,0,boeing shares fell after fiscal free cash flow dropped by 12 percent citing elevated supply costs and weakening global market demand.
Boeing shares fell after fiscal free cash flow dropped by 15% citing elevated supply costs and weakening global market demand.,0,boeing shares fell after fiscal free cash flow dropped by 15 percent citing elevated supply costs and weakening global market demand.
Boeing shares fell after fiscal free cash flow plunged by 8% citing elevated supply costs and weakening global market demand.,0,boeing shares fell after fiscal free cash flow plunged by 8 percent citing elevated supply costs and weakening global market demand.
Boeing shares fell after fiscal free cash flow plunged by 12% citing elevated supply costs and weakening global market demand.,0,boeing shares fell after fiscal free cash flow plunged by 12 percent citing elevated supply costs and weakening global market demand.
Boeing shares fell after fiscal free cash flow plunged by 15% citing elevated supply costs and weakening global market demand.,0,boeing shares fell after fiscal free cash flow plunged by 15 percent citing elevated supply costs and weakening global market demand.
Boeing shares fell after fiscal top-line growth declined by 8% citing elevated supply costs and weakening global market demand.,0,boeing shares fell after fiscal top-line growth declined by 8 percent citing elevated supply costs and weakening global market demand.
Boeing shares fell after fiscal top-line growth declined by 12% citing elevated supply costs and weakening global market demand.,0,boeing shares fell after fiscal top-line growth declined by 12 percent citing elevated supply costs and weakening global market demand.
Boeing shares fell after fiscal top-line growth declined by 15% citing elevated supply costs and weakening global market demand.,0,boeing shares fell after fiscal top-line growth declined by 15 percent citing elevated supply costs and weakening global market demand.
Boeing shares fell after fiscal top-line growth dropped by 8% citing elevated supply costs and weakening global market demand.,0,boeing shares fell after fiscal top-line growth dropped by 8 percent citing elevated supply costs and weakening global market demand.
Boeing shares fell after fiscal top-line growth dropped by 12% citing elevated supply costs and weakening global market demand.,0,boeing shares fell after fiscal top-line growth dropped by 12 percent citing elevated supply costs and weakening global market demand.
Boeing shares fell after fiscal top-line growth dropped by 15% citing elevated supply costs and weakening global market demand.,0,boeing shares fell after fiscal top-line growth dropped by 15 percent citing elevated supply costs and weakening global market demand.
Boeing shares fell after fiscal top-line growth plunged by 8% citing elevated supply costs and weakening global market demand.,0,boeing shares fell after fiscal top-line growth plunged by 8 percent citing elevated supply costs and weakening global market demand.
Boeing shares fell after fiscal top-line growth plunged by 12% citing elevated supply costs and weakening global market demand.,0,boeing shares fell after fiscal top-line growth plunged by 12 percent citing elevated supply costs and weakening global market demand.
Boeing shares fell after fiscal top-line growth plunged by 15% citing elevated supply costs and weakening global market demand.,0,boeing shares fell after fiscal top-line growth plunged by 15 percent citing elevated supply costs and weakening global market demand.
Boeing shares fell after fiscal subscription sales declined by 8% citing elevated supply costs and weakening global market demand.,0,boeing shares fell after fiscal subscription sales declined by 8 percent citing elevated supply costs and weakening global market demand.
Boeing shares fell after fiscal subscription sales declined by 12% citing elevated supply costs and weakening global market demand.,0,boeing shares fell after fiscal subscription sales declined by 12 percent citing elevated supply costs and weakening global market demand.
Boeing shares fell after fiscal subscription sales declined by 15% citing elevated supply costs and weakening global market demand.,0,boeing shares fell after fiscal subscription sales declined by 15 percent citing elevated supply costs and weakening global market demand.
Boeing shares fell after fiscal subscription sales dropped by 8% citing elevated supply costs and weakening global market demand.,0,boeing shares fell after fiscal subscription sales dropped by 8 percent citing elevated supply costs and weakening global market demand.
Boeing shares fell after fiscal subscription sales dropped by 12% citing elevated supply costs and weakening global market demand.,0,boeing shares fell after fiscal subscription sales dropped by 12 percent citing elevated supply costs and weakening global market demand.
Boeing shares fell after fiscal subscription sales dropped by 15% citing elevated supply costs and weakening global market demand.,0,boeing shares fell after fiscal subscription sales dropped by 15 percent citing elevated supply costs and weakening global market demand.
Boeing shares fell after fiscal subscription sales plunged by 8% citing elevated supply costs and weakening global market demand.,0,boeing shares fell after fiscal subscription sales plunged by 8 percent citing elevated supply costs and weakening global market demand.
Boeing shares fell after fiscal subscription sales plunged by 12% citing elevated supply costs and weakening global market demand.,0,boeing shares fell after fiscal subscription sales plunged by 12 percent citing elevated supply costs and weakening global market demand.
Boeing shares fell after fiscal subscription sales plunged by 15% citing elevated supply costs and weakening global market demand.,0,boeing shares fell after fiscal subscription sales plunged by 15 percent citing elevated supply costs and weakening global market demand.
Pfizer shares fell after fiscal revenue declined by 8% citing elevated supply costs and weakening global market demand.,0,pfizer shares fell after fiscal revenue declined by 8 percent citing elevated supply costs and weakening global market demand.
Pfizer shares fell after fiscal revenue declined by 12% citing elevated supply costs and weakening global market demand.,0,pfizer shares fell after fiscal revenue declined by 12 percent citing elevated supply costs and weakening global market demand.
Pfizer shares fell after fiscal revenue declined by 15% citing elevated supply costs and weakening global market demand.,0,pfizer shares fell after fiscal revenue declined by 15 percent citing elevated supply costs and weakening global market demand.
Pfizer shares fell after fiscal revenue dropped by 8% citing elevated supply costs and weakening global market demand.,0,pfizer shares fell after fiscal revenue dropped by 8 percent citing elevated supply costs and weakening global market demand.
Pfizer shares fell after fiscal revenue dropped by 12% citing elevated supply costs and weakening global market demand.,0,pfizer shares fell after fiscal revenue dropped by 12 percent citing elevated supply costs and weakening global market demand.
Pfizer shares fell after fiscal revenue dropped by 15% citing elevated supply costs and weakening global market demand.,0,pfizer shares fell after fiscal revenue dropped by 15 percent citing elevated supply costs and weakening global market demand.
Pfizer shares fell after fiscal revenue plunged by 8% citing elevated supply costs and weakening global market demand.,0,pfizer shares fell after fiscal revenue plunged by 8 percent citing elevated supply costs and weakening global market demand.
Pfizer shares fell after fiscal revenue plunged by 12% citing elevated supply costs and weakening global market demand.,0,pfizer shares fell after fiscal revenue plunged by 12 percent citing elevated supply costs and weakening global market demand.
Pfizer shares fell after fiscal revenue plunged by 15% citing elevated supply costs and weakening global market demand.,0,pfizer shares fell after fiscal revenue plunged by 15 percent citing elevated supply costs and weakening global market demand.
Pfizer shares fell after fiscal operating income declined by 8% citing elevated supply costs and weakening global market demand.,0,pfizer shares fell after fiscal operating income declined by 8 percent citing elevated supply costs and weakening global market demand.
Pfizer shares fell after fiscal operating income declined by 12% citing elevated supply costs and weakening global market demand.,0,pfizer shares fell after fiscal operating income declined by 12 percent citing elevated supply costs and weakening global market demand.
Pfizer shares fell after fiscal operating income declined by 15% citing elevated supply costs and weakening global market demand.,0,pfizer shares fell after fiscal operating income declined by 15 percent citing elevated supply costs and weakening global market demand.
Pfizer shares fell after fiscal operating income dropped by 8% citing elevated supply costs and weakening global market demand.,0,pfizer shares fell after fiscal operating income dropped by 8 percent citing elevated supply costs and weakening global market demand.
Pfizer shares fell after fiscal operating income dropped by 12% citing elevated supply costs and weakening global market demand.,0,pfizer shares fell after fiscal operating income dropped by 12 percent citing elevated supply costs and weakening global market demand.
Pfizer shares fell after fiscal operating income dropped by 15% citing elevated supply costs and weakening global market demand.,0,pfizer shares fell after fiscal operating income dropped by 15 percent citing elevated supply costs and weakening global market demand.
Pfizer shares fell after fiscal operating income plunged by 8% citing elevated supply costs and weakening global market demand.,0,pfizer shares fell after fiscal operating income plunged by 8 percent citing elevated supply costs and weakening global market demand.
Pfizer shares fell after fiscal operating income plunged by 12% citing elevated supply costs and weakening global market demand.,0,pfizer shares fell after fiscal operating income plunged by 12 percent citing elevated supply costs and weakening global market demand.
Pfizer shares fell after fiscal operating income plunged by 15% citing elevated supply costs and weakening global market demand.,0,pfizer shares fell after fiscal operating income plunged by 15 percent citing elevated supply costs and weakening global market demand.
Pfizer shares fell after fiscal net profit declined by 8% citing elevated supply costs and weakening global market demand.,0,pfizer shares fell after fiscal net profit declined by 8 percent citing elevated supply costs and weakening global market demand.
Pfizer shares fell after fiscal net profit declined by 12% citing elevated supply costs and weakening global market demand.,0,pfizer shares fell after fiscal net profit declined by 12 percent citing elevated supply costs and weakening global market demand.
Pfizer shares fell after fiscal net profit declined by 15% citing elevated supply costs and weakening global market demand.,0,pfizer shares fell after fiscal net profit declined by 15 percent citing elevated supply costs and weakening global market demand.
Pfizer shares fell after fiscal net profit dropped by 8% citing elevated supply costs and weakening global market demand.,0,pfizer shares fell after fiscal net profit dropped by 8 percent citing elevated supply costs and weakening global market demand.
Pfizer shares fell after fiscal net profit dropped by 12% citing elevated supply costs and weakening global market demand.,0,pfizer shares fell after fiscal net profit dropped by 12 percent citing elevated supply costs and weakening global market demand.
Pfizer shares fell after fiscal net profit dropped by 15% citing elevated supply costs and weakening global market demand.,0,pfizer shares fell after fiscal net profit dropped by 15 percent citing elevated supply costs and weakening global market demand.
Pfizer shares fell after fiscal net profit plunged by 8% citing elevated supply costs and weakening global market demand.,0,pfizer shares fell after fiscal net profit plunged by 8 percent citing elevated supply costs and weakening global market demand.
Pfizer shares fell after fiscal net profit plunged by 12% citing elevated supply costs and weakening global market demand.,0,pfizer shares fell after fiscal net profit plunged by 12 percent citing elevated supply costs and weakening global market demand.
Pfizer shares fell after fiscal net profit plunged by 15% citing elevated supply costs and weakening global market demand.,0,pfizer shares fell after fiscal net profit plunged by 15 percent citing elevated supply costs and weakening global market demand.
Pfizer shares fell after fiscal quarterly earnings declined by 8% citing elevated supply costs and weakening global market demand.,0,pfizer shares fell after fiscal quarterly earnings declined by 8 percent citing elevated supply costs and weakening global market demand.
Pfizer shares fell after fiscal quarterly earnings declined by 12% citing elevated supply costs and weakening global market demand.,0,pfizer shares fell after fiscal quarterly earnings declined by 12 percent citing elevated supply costs and weakening global market demand.
Pfizer shares fell after fiscal quarterly earnings declined by 15% citing elevated supply costs and weakening global market demand.,0,pfizer shares fell after fiscal quarterly earnings declined by 15 percent citing elevated supply costs and weakening global market demand.
Pfizer shares fell after fiscal quarterly earnings dropped by 8% citing elevated supply costs and weakening global market demand.,0,pfizer shares fell after fiscal quarterly earnings dropped by 8 percent citing elevated supply costs and weakening global market demand.
Pfizer shares fell after fiscal quarterly earnings dropped by 12% citing elevated supply costs and weakening global market demand.,0,pfizer shares fell after fiscal quarterly earnings dropped by 12 percent citing elevated supply costs and weakening global market demand.
Pfizer shares fell after fiscal quarterly earnings dropped by 15% citing elevated supply costs and weakening global market demand.,0,pfizer shares fell after fiscal quarterly earnings dropped by 15 percent citing elevated supply costs and weakening global market demand.
Pfizer shares fell after fiscal quarterly earnings plunged by 8% citing elevated supply costs and weakening global market demand.,0,pfizer shares fell after fiscal quarterly earnings plunged by 8 percent citing elevated supply costs and weakening global market demand.
Pfizer shares fell after fiscal quarterly earnings plunged by 12% citing elevated supply costs and weakening global market demand.,0,pfizer shares fell after fiscal quarterly earnings plunged by 12 percent citing elevated supply costs and weakening global market demand.
Pfizer shares fell after fiscal quarterly earnings plunged by 15% citing elevated supply costs and weakening global market demand.,0,pfizer shares fell after fiscal quarterly earnings plunged by 15 percent citing elevated supply costs and weakening global market demand.
Pfizer shares fell after fiscal EBITDA margin declined by 8% citing elevated supply costs and weakening global market demand.,0,pfizer shares fell after fiscal ebitda margin declined by 8 percent citing elevated supply costs and weakening global market demand.
Pfizer shares fell after fiscal EBITDA margin declined by 12% citing elevated supply costs and weakening global market demand.,0,pfizer shares fell after fiscal ebitda margin declined by 12 percent citing elevated supply costs and weakening global market demand.
Pfizer shares fell after fiscal EBITDA margin declined by 15% citing elevated supply costs and weakening global market demand.,0,pfizer shares fell after fiscal ebitda margin declined by 15 percent citing elevated supply costs and weakening global market demand.
Pfizer shares fell after fiscal EBITDA margin dropped by 8% citing elevated supply costs and weakening global market demand.,0,pfizer shares fell after fiscal ebitda margin dropped by 8 percent citing elevated supply costs and weakening global market demand.
Pfizer shares fell after fiscal EBITDA margin dropped by 12% citing elevated supply costs and weakening global market demand.,0,pfizer shares fell after fiscal ebitda margin dropped by 12 percent citing elevated supply costs and weakening global market demand.
Pfizer shares fell after fiscal EBITDA margin dropped by 15% citing elevated supply costs and weakening global market demand.,0,pfizer shares fell after fiscal ebitda margin dropped by 15 percent citing elevated supply costs and weakening global market demand.
Pfizer shares fell after fiscal EBITDA margin plunged by 8% citing elevated supply costs and weakening global market demand.,0,pfizer shares fell after fiscal ebitda margin plunged by 8 percent citing elevated supply costs and weakening global market demand.
Pfizer shares fell after fiscal EBITDA margin plunged by 12% citing elevated supply costs and weakening global market demand.,0,pfizer shares fell after fiscal ebitda margin plunged by 12 percent citing elevated supply costs and weakening global market demand.
Pfizer shares fell after fiscal EBITDA margin plunged by 15% citing elevated supply costs and weakening global market demand.,0,pfizer shares fell after fiscal ebitda margin plunged by 15 percent citing elevated supply costs and weakening global market demand.
Pfizer shares fell after fiscal free cash flow declined by 8% citing elevated supply costs and weakening global market demand.,0,pfizer shares fell after fiscal free cash flow declined by 8 percent citing elevated supply costs and weakening global market demand.
Pfizer shares fell after fiscal free cash flow declined by 12% citing elevated supply costs and weakening global market demand.,0,pfizer shares fell after fiscal free cash flow declined by 12 percent citing elevated supply costs and weakening global market demand.
Pfizer shares fell after fiscal free cash flow declined by 15% citing elevated supply costs and weakening global market demand.,0,pfizer shares fell after fiscal free cash flow declined by 15 percent citing elevated supply costs and weakening global market demand.
Pfizer shares fell after fiscal free cash flow dropped by 8% citing elevated supply costs and weakening global market demand.,0,pfizer shares fell after fiscal free cash flow dropped by 8 percent citing elevated supply costs and weakening global market demand.
Pfizer shares fell after fiscal free cash flow dropped by 12% citing elevated supply costs and weakening global market demand.,0,pfizer shares fell after fiscal free cash flow dropped by 12 percent citing elevated supply costs and weakening global market demand.
Pfizer shares fell after fiscal free cash flow dropped by 15% citing elevated supply costs and weakening global market demand.,0,pfizer shares fell after fiscal free cash flow dropped by 15 percent citing elevated supply costs and weakening global market demand.
Pfizer shares fell after fiscal free cash flow plunged by 8% citing elevated supply costs and weakening global market demand.,0,pfizer shares fell after fiscal free cash flow plunged by 8 percent citing elevated supply costs and weakening global market demand.
Pfizer shares fell after fiscal free cash flow plunged by 12% citing elevated supply costs and weakening global market demand.,0,pfizer shares fell after fiscal free cash flow plunged by 12 percent citing elevated supply costs and weakening global market demand.
Pfizer shares fell after fiscal free cash flow plunged by 15% citing elevated supply costs and weakening global market demand.,0,pfizer shares fell after fiscal free cash flow plunged by 15 percent citing elevated supply costs and weakening global market demand.
Pfizer shares fell after fiscal top-line growth declined by 8% citing elevated supply costs and weakening global market demand.,0,pfizer shares fell after fiscal top-line growth declined by 8 percent citing elevated supply costs and weakening global market demand.
Pfizer shares fell after fiscal top-line growth declined by 12% citing elevated supply costs and weakening global market demand.,0,pfizer shares fell after fiscal top-line growth declined by 12 percent citing elevated supply costs and weakening global market demand.
Pfizer shares fell after fiscal top-line growth declined by 15% citing elevated supply costs and weakening global market demand.,0,pfizer shares fell after fiscal top-line growth declined by 15 percent citing elevated supply costs and weakening global market demand.
Pfizer shares fell after fiscal top-line growth dropped by 8% citing elevated supply costs and weakening global market demand.,0,pfizer shares fell after fiscal top-line growth dropped by 8 percent citing elevated supply costs and weakening global market demand.
Pfizer shares fell after fiscal top-line growth dropped by 12% citing elevated supply costs and weakening global market demand.,0,pfizer shares fell after fiscal top-line growth dropped by 12 percent citing elevated supply costs and weakening global market demand.
Pfizer shares fell after fiscal top-line growth dropped by 15% citing elevated supply costs and weakening global market demand.,0,pfizer shares fell after fiscal top-line growth dropped by 15 percent citing elevated supply costs and weakening global market demand.
Pfizer shares fell after fiscal top-line growth plunged by 8% citing elevated supply costs and weakening global market demand.,0,pfizer shares fell after fiscal top-line growth plunged by 8 percent citing elevated supply costs and weakening global market demand.
Pfizer shares fell after fiscal top-line growth plunged by 12% citing elevated supply costs and weakening global market demand.,0,pfizer shares fell after fiscal top-line growth plunged by 12 percent citing elevated supply costs and weakening global market demand.
Pfizer shares fell after fiscal top-line growth plunged by 15% citing elevated supply costs and weakening global market demand.,0,pfizer shares fell after fiscal top-line growth plunged by 15 percent citing elevated supply costs and weakening global market demand.
Pfizer shares fell after fiscal subscription sales declined by 8% citing elevated supply costs and weakening global market demand.,0,pfizer shares fell after fiscal subscription sales declined by 8 percent citing elevated supply costs and weakening global market demand.
Pfizer shares fell after fiscal subscription sales declined by 12% citing elevated supply costs and weakening global market demand.,0,pfizer shares fell after fiscal subscription sales declined by 12 percent citing elevated supply costs and weakening global market demand.
Pfizer shares fell after fiscal subscription sales declined by 15% citing elevated supply costs and weakening global market demand.,0,pfizer shares fell after fiscal subscription sales declined by 15 percent citing elevated supply costs and weakening global market demand.
Pfizer shares fell after fiscal subscription sales dropped by 8% citing elevated supply costs and weakening global market demand.,0,pfizer shares fell after fiscal subscription sales dropped by 8 percent citing elevated supply costs and weakening global market demand.
Pfizer shares fell after fiscal subscription sales dropped by 12% citing elevated supply costs and weakening global market demand.,0,pfizer shares fell after fiscal subscription sales dropped by 12 percent citing elevated supply costs and weakening global market demand.
Pfizer shares fell after fiscal subscription sales dropped by 15% citing elevated supply costs and weakening global market demand.,0,pfizer shares fell after fiscal subscription sales dropped by 15 percent citing elevated supply costs and weakening global market demand.
Pfizer shares fell after fiscal subscription sales plunged by 8% citing elevated supply costs and weakening global market demand.,0,pfizer shares fell after fiscal subscription sales plunged by 8 percent citing elevated supply costs and weakening global market demand.
Pfizer shares fell after fiscal subscription sales plunged by 12% citing elevated supply costs and weakening global market demand.,0,pfizer shares fell after fiscal subscription sales plunged by 12 percent citing elevated supply costs and weakening global market demand.
Pfizer shares fell after fiscal subscription sales plunged by 15% citing elevated supply costs and weakening global market demand.,0,pfizer shares fell after fiscal subscription sales plunged by 15 percent citing elevated supply costs and weakening global market demand.
Walmart shares fell after fiscal revenue declined by 8% citing elevated supply costs and weakening global market demand.,0,walmart shares fell after fiscal revenue declined by 8 percent citing elevated supply costs and weakening global market demand.
Walmart shares fell after fiscal revenue declined by 12% citing elevated supply costs and weakening global market demand.,0,walmart shares fell after fiscal revenue declined by 12 percent citing elevated supply costs and weakening global market demand.
Walmart shares fell after fiscal revenue declined by 15% citing elevated supply costs and weakening global market demand.,0,walmart shares fell after fiscal revenue declined by 15 percent citing elevated supply costs and weakening global market demand.
Walmart shares fell after fiscal revenue dropped by 8% citing elevated supply costs and weakening global market demand.,0,walmart shares fell after fiscal revenue dropped by 8 percent citing elevated supply costs and weakening global market demand.
Walmart shares fell after fiscal revenue dropped by 12% citing elevated supply costs and weakening global market demand.,0,walmart shares fell after fiscal revenue dropped by 12 percent citing elevated supply costs and weakening global market demand.
Walmart shares fell after fiscal revenue dropped by 15% citing elevated supply costs and weakening global market demand.,0,walmart shares fell after fiscal revenue dropped by 15 percent citing elevated supply costs and weakening global market demand.
Walmart shares fell after fiscal revenue plunged by 8% citing elevated supply costs and weakening global market demand.,0,walmart shares fell after fiscal revenue plunged by 8 percent citing elevated supply costs and weakening global market demand.
Walmart shares fell after fiscal revenue plunged by 12% citing elevated supply costs and weakening global market demand.,0,walmart shares fell after fiscal revenue plunged by 12 percent citing elevated supply costs and weakening global market demand.
Walmart shares fell after fiscal revenue plunged by 15% citing elevated supply costs and weakening global market demand.,0,walmart shares fell after fiscal revenue plunged by 15 percent citing elevated supply costs and weakening global market demand.
Walmart shares fell after fiscal operating income declined by 8% citing elevated supply costs and weakening global market demand.,0,walmart shares fell after fiscal operating income declined by 8 percent citing elevated supply costs and weakening global market demand.
Walmart shares fell after fiscal operating income declined by 12% citing elevated supply costs and weakening global market demand.,0,walmart shares fell after fiscal operating income declined by 12 percent citing elevated supply costs and weakening global market demand.
Walmart shares fell after fiscal operating income declined by 15% citing elevated supply costs and weakening global market demand.,0,walmart shares fell after fiscal operating income declined by 15 percent citing elevated supply costs and weakening global market demand.
Walmart shares fell after fiscal operating income dropped by 8% citing elevated supply costs and weakening global market demand.,0,walmart shares fell after fiscal operating income dropped by 8 percent citing elevated supply costs and weakening global market demand.
Walmart shares fell after fiscal operating income dropped by 12% citing elevated supply costs and weakening global market demand.,0,walmart shares fell after fiscal operating income dropped by 12 percent citing elevated supply costs and weakening global market demand.
Walmart shares fell after fiscal operating income dropped by 15% citing elevated supply costs and weakening global market demand.,0,walmart shares fell after fiscal operating income dropped by 15 percent citing elevated supply costs and weakening global market demand.
Walmart shares fell after fiscal operating income plunged by 8% citing elevated supply costs and weakening global market demand.,0,walmart shares fell after fiscal operating income plunged by 8 percent citing elevated supply costs and weakening global market demand.
Walmart shares fell after fiscal operating income plunged by 12% citing elevated supply costs and weakening global market demand.,0,walmart shares fell after fiscal operating income plunged by 12 percent citing elevated supply costs and weakening global market demand.
Walmart shares fell after fiscal operating income plunged by 15% citing elevated supply costs and weakening global market demand.,0,walmart shares fell after fiscal operating income plunged by 15 percent citing elevated supply costs and weakening global market demand.
Walmart shares fell after fiscal net profit declined by 8% citing elevated supply costs and weakening global market demand.,0,walmart shares fell after fiscal net profit declined by 8 percent citing elevated supply costs and weakening global market demand.
Walmart shares fell after fiscal net profit declined by 12% citing elevated supply costs and weakening global market demand.,0,walmart shares fell after fiscal net profit declined by 12 percent citing elevated supply costs and weakening global market demand.
Walmart shares fell after fiscal net profit declined by 15% citing elevated supply costs and weakening global market demand.,0,walmart shares fell after fiscal net profit declined by 15 percent citing elevated supply costs and weakening global market demand.
Walmart shares fell after fiscal net profit dropped by 8% citing elevated supply costs and weakening global market demand.,0,walmart shares fell after fiscal net profit dropped by 8 percent citing elevated supply costs and weakening global market demand.
Walmart shares fell after fiscal net profit dropped by 12% citing elevated supply costs and weakening global market demand.,0,walmart shares fell after fiscal net profit dropped by 12 percent citing elevated supply costs and weakening global market demand.
Walmart shares fell after fiscal net profit dropped by 15% citing elevated supply costs and weakening global market demand.,0,walmart shares fell after fiscal net profit dropped by 15 percent citing elevated supply costs and weakening global market demand.
Walmart shares fell after fiscal net profit plunged by 8% citing elevated supply costs and weakening global market demand.,0,walmart shares fell after fiscal net profit plunged by 8 percent citing elevated supply costs and weakening global market demand.
Walmart shares fell after fiscal net profit plunged by 12% citing elevated supply costs and weakening global market demand.,0,walmart shares fell after fiscal net profit plunged by 12 percent citing elevated supply costs and weakening global market demand.
Walmart shares fell after fiscal net profit plunged by 15% citing elevated supply costs and weakening global market demand.,0,walmart shares fell after fiscal net profit plunged by 15 percent citing elevated supply costs and weakening global market demand.
Walmart shares fell after fiscal quarterly earnings declined by 8% citing elevated supply costs and weakening global market demand.,0,walmart shares fell after fiscal quarterly earnings declined by 8 percent citing elevated supply costs and weakening global market demand.
Walmart shares fell after fiscal quarterly earnings declined by 12% citing elevated supply costs and weakening global market demand.,0,walmart shares fell after fiscal quarterly earnings declined by 12 percent citing elevated supply costs and weakening global market demand.
Walmart shares fell after fiscal quarterly earnings declined by 15% citing elevated supply costs and weakening global market demand.,0,walmart shares fell after fiscal quarterly earnings declined by 15 percent citing elevated supply costs and weakening global market demand.
Walmart shares fell after fiscal quarterly earnings dropped by 8% citing elevated supply costs and weakening global market demand.,0,walmart shares fell after fiscal quarterly earnings dropped by 8 percent citing elevated supply costs and weakening global market demand.
Walmart shares fell after fiscal quarterly earnings dropped by 12% citing elevated supply costs and weakening global market demand.,0,walmart shares fell after fiscal quarterly earnings dropped by 12 percent citing elevated supply costs and weakening global market demand.
Walmart shares fell after fiscal quarterly earnings dropped by 15% citing elevated supply costs and weakening global market demand.,0,walmart shares fell after fiscal quarterly earnings dropped by 15 percent citing elevated supply costs and weakening global market demand.
Walmart shares fell after fiscal quarterly earnings plunged by 8% citing elevated supply costs and weakening global market demand.,0,walmart shares fell after fiscal quarterly earnings plunged by 8 percent citing elevated supply costs and weakening global market demand.
Walmart shares fell after fiscal quarterly earnings plunged by 12% citing elevated supply costs and weakening global market demand.,0,walmart shares fell after fiscal quarterly earnings plunged by 12 percent citing elevated supply costs and weakening global market demand.
Walmart shares fell after fiscal quarterly earnings plunged by 15% citing elevated supply costs and weakening global market demand.,0,walmart shares fell after fiscal quarterly earnings plunged by 15 percent citing elevated supply costs and weakening global market demand.
Walmart shares fell after fiscal EBITDA margin declined by 8% citing elevated supply costs and weakening global market demand.,0,walmart shares fell after fiscal ebitda margin declined by 8 percent citing elevated supply costs and weakening global market demand.
Walmart shares fell after fiscal EBITDA margin declined by 12% citing elevated supply costs and weakening global market demand.,0,walmart shares fell after fiscal ebitda margin declined by 12 percent citing elevated supply costs and weakening global market demand.
Walmart shares fell after fiscal EBITDA margin declined by 15% citing elevated supply costs and weakening global market demand.,0,walmart shares fell after fiscal ebitda margin declined by 15 percent citing elevated supply costs and weakening global market demand.
Walmart shares fell after fiscal EBITDA margin dropped by 8% citing elevated supply costs and weakening global market demand.,0,walmart shares fell after fiscal ebitda margin dropped by 8 percent citing elevated supply costs and weakening global market demand.
Walmart shares fell after fiscal EBITDA margin dropped by 12% citing elevated supply costs and weakening global market demand.,0,walmart shares fell after fiscal ebitda margin dropped by 12 percent citing elevated supply costs and weakening global market demand.
Walmart shares fell after fiscal EBITDA margin dropped by 15% citing elevated supply costs and weakening global market demand.,0,walmart shares fell after fiscal ebitda margin dropped by 15 percent citing elevated supply costs and weakening global market demand.
Walmart shares fell after fiscal EBITDA margin plunged by 8% citing elevated supply costs and weakening global market demand.,0,walmart shares fell after fiscal ebitda margin plunged by 8 percent citing elevated supply costs and weakening global market demand.
Walmart shares fell after fiscal EBITDA margin plunged by 12% citing elevated supply costs and weakening global market demand.,0,walmart shares fell after fiscal ebitda margin plunged by 12 percent citing elevated supply costs and weakening global market demand.
Walmart shares fell after fiscal EBITDA margin plunged by 15% citing elevated supply costs and weakening global market demand.,0,walmart shares fell after fiscal ebitda margin plunged by 15 percent citing elevated supply costs and weakening global market demand.
Walmart shares fell after fiscal free cash flow declined by 8% citing elevated supply costs and weakening global market demand.,0,walmart shares fell after fiscal free cash flow declined by 8 percent citing elevated supply costs and weakening global market demand.
Walmart shares fell after fiscal free cash flow declined by 12% citing elevated supply costs and weakening global market demand.,0,walmart shares fell after fiscal free cash flow declined by 12 percent citing elevated supply costs and weakening global market demand.
Walmart shares fell after fiscal free cash flow declined by 15% citing elevated supply costs and weakening global market demand.,0,walmart shares fell after fiscal free cash flow declined by 15 percent citing elevated supply costs and weakening global market demand.
Walmart shares fell after fiscal free cash flow dropped by 8% citing elevated supply costs and weakening global market demand.,0,walmart shares fell after fiscal free cash flow dropped by 8 percent citing elevated supply costs and weakening global market demand.
Walmart shares fell after fiscal free cash flow dropped by 12% citing elevated supply costs and weakening global market demand.,0,walmart shares fell after fiscal free cash flow dropped by 12 percent citing elevated supply costs and weakening global market demand.
Walmart shares fell after fiscal free cash flow dropped by 15% citing elevated supply costs and weakening global market demand.,0,walmart shares fell after fiscal free cash flow dropped by 15 percent citing elevated supply costs and weakening global market demand.
Walmart shares fell after fiscal free cash flow plunged by 8% citing elevated supply costs and weakening global market demand.,0,walmart shares fell after fiscal free cash flow plunged by 8 percent citing elevated supply costs and weakening global market demand.
Walmart shares fell after fiscal free cash flow plunged by 12% citing elevated supply costs and weakening global market demand.,0,walmart shares fell after fiscal free cash flow plunged by 12 percent citing elevated supply costs and weakening global market demand.
Walmart shares fell after fiscal free cash flow plunged by 15% citing elevated supply costs and weakening global market demand.,0,walmart shares fell after fiscal free cash flow plunged by 15 percent citing elevated supply costs and weakening global market demand.
Walmart shares fell after fiscal top-line growth declined by 8% citing elevated supply costs and weakening global market demand.,0,walmart shares fell after fiscal top-line growth declined by 8 percent citing elevated supply costs and weakening global market demand.
Walmart shares fell after fiscal top-line growth declined by 12% citing elevated supply costs and weakening global market demand.,0,walmart shares fell after fiscal top-line growth declined by 12 percent citing elevated supply costs and weakening global market demand.
Walmart shares fell after fiscal top-line growth declined by 15% citing elevated supply costs and weakening global market demand.,0,walmart shares fell after fiscal top-line growth declined by 15 percent citing elevated supply costs and weakening global market demand.
Walmart shares fell after fiscal top-line growth dropped by 8% citing elevated supply costs and weakening global market demand.,0,walmart shares fell after fiscal top-line growth dropped by 8 percent citing elevated supply costs and weakening global market demand.
Walmart shares fell after fiscal top-line growth dropped by 12% citing elevated supply costs and weakening global market demand.,0,walmart shares fell after fiscal top-line growth dropped by 12 percent citing elevated supply costs and weakening global market demand.
Walmart shares fell after fiscal top-line growth dropped by 15% citing elevated supply costs and weakening global market demand.,0,walmart shares fell after fiscal top-line growth dropped by 15 percent citing elevated supply costs and weakening global market demand.
Walmart shares fell after fiscal top-line growth plunged by 8% citing elevated supply costs and weakening global market demand.,0,walmart shares fell after fiscal top-line growth plunged by 8 percent citing elevated supply costs and weakening global market demand.
Walmart shares fell after fiscal top-line growth plunged by 12% citing elevated supply costs and weakening global market demand.,0,walmart shares fell after fiscal top-line growth plunged by 12 percent citing elevated supply costs and weakening global market demand.
Walmart shares fell after fiscal top-line growth plunged by 15% citing elevated supply costs and weakening global market demand.,0,walmart shares fell after fiscal top-line growth plunged by 15 percent citing elevated supply costs and weakening global market demand.
Walmart shares fell after fiscal subscription sales declined by 8% citing elevated supply costs and weakening global market demand.,0,walmart shares fell after fiscal subscription sales declined by 8 percent citing elevated supply costs and weakening global market demand.
Walmart shares fell after fiscal subscription sales declined by 12% citing elevated supply costs and weakening global market demand.,0,walmart shares fell after fiscal subscription sales declined by 12 percent citing elevated supply costs and weakening global market demand.
Walmart shares fell after fiscal subscription sales declined by 15% citing elevated supply costs and weakening global market demand.,0,walmart shares fell after fiscal subscription sales declined by 15 percent citing elevated supply costs and weakening global market demand.
Walmart shares fell after fiscal subscription sales dropped by 8% citing elevated supply costs and weakening global market demand.,0,walmart shares fell after fiscal subscription sales dropped by 8 percent citing elevated supply costs and weakening global market demand.
Walmart shares fell after fiscal subscription sales dropped by 12% citing elevated supply costs and weakening global market demand.,0,walmart shares fell after fiscal subscription sales dropped by 12 percent citing elevated supply costs and weakening global market demand.
Walmart shares fell after fiscal subscription sales dropped by 15% citing elevated supply costs and weakening global market demand.,0,walmart shares fell after fiscal subscription sales dropped by 15 percent citing elevated supply costs and weakening global market demand.
Walmart shares fell after fiscal subscription sales plunged by 8% citing elevated supply costs and weakening global market demand.,0,walmart shares fell after fiscal subscription sales plunged by 8 percent citing elevated supply costs and weakening global market demand.
Walmart shares fell after fiscal subscription sales plunged by 12% citing elevated supply costs and weakening global market demand.,0,walmart shares fell after fiscal subscription sales plunged by 12 percent citing elevated supply costs and weakening global market demand.
Walmart shares fell after fiscal subscription sales plunged by 15% citing elevated supply costs and weakening global market demand.,0,walmart shares fell after fiscal subscription sales plunged by 15 percent citing elevated supply costs and weakening global market demand.
Disney shares fell after fiscal revenue declined by 8% citing elevated supply costs and weakening global market demand.,0,disney shares fell after fiscal revenue declined by 8 percent citing elevated supply costs and weakening global market demand.
Disney shares fell after fiscal revenue declined by 12% citing elevated supply costs and weakening global market demand.,0,disney shares fell after fiscal revenue declined by 12 percent citing elevated supply costs and weakening global market demand.
Disney shares fell after fiscal revenue declined by 15% citing elevated supply costs and weakening global market demand.,0,disney shares fell after fiscal revenue declined by 15 percent citing elevated supply costs and weakening global market demand.
Disney shares fell after fiscal revenue dropped by 8% citing elevated supply costs and weakening global market demand.,0,disney shares fell after fiscal revenue dropped by 8 percent citing elevated supply costs and weakening global market demand.
Disney shares fell after fiscal revenue dropped by 12% citing elevated supply costs and weakening global market demand.,0,disney shares fell after fiscal revenue dropped by 12 percent citing elevated supply costs and weakening global market demand.
Disney shares fell after fiscal revenue dropped by 15% citing elevated supply costs and weakening global market demand.,0,disney shares fell after fiscal revenue dropped by 15 percent citing elevated supply costs and weakening global market demand.
Disney shares fell after fiscal revenue plunged by 8% citing elevated supply costs and weakening global market demand.,0,disney shares fell after fiscal revenue plunged by 8 percent citing elevated supply costs and weakening global market demand.
Disney shares fell after fiscal revenue plunged by 12% citing elevated supply costs and weakening global market demand.,0,disney shares fell after fiscal revenue plunged by 12 percent citing elevated supply costs and weakening global market demand.
Disney shares fell after fiscal revenue plunged by 15% citing elevated supply costs and weakening global market demand.,0,disney shares fell after fiscal revenue plunged by 15 percent citing elevated supply costs and weakening global market demand.
Disney shares fell after fiscal operating income declined by 8% citing elevated supply costs and weakening global market demand.,0,disney shares fell after fiscal operating income declined by 8 percent citing elevated supply costs and weakening global market demand.
Disney shares fell after fiscal operating income declined by 12% citing elevated supply costs and weakening global market demand.,0,disney shares fell after fiscal operating income declined by 12 percent citing elevated supply costs and weakening global market demand.
Disney shares fell after fiscal operating income declined by 15% citing elevated supply costs and weakening global market demand.,0,disney shares fell after fiscal operating income declined by 15 percent citing elevated supply costs and weakening global market demand.
Disney shares fell after fiscal operating income dropped by 8% citing elevated supply costs and weakening global market demand.,0,disney shares fell after fiscal operating income dropped by 8 percent citing elevated supply costs and weakening global market demand.
Disney shares fell after fiscal operating income dropped by 12% citing elevated supply costs and weakening global market demand.,0,disney shares fell after fiscal operating income dropped by 12 percent citing elevated supply costs and weakening global market demand.
Disney shares fell after fiscal operating income dropped by 15% citing elevated supply costs and weakening global market demand.,0,disney shares fell after fiscal operating income dropped by 15 percent citing elevated supply costs and weakening global market demand.
Disney shares fell after fiscal operating income plunged by 8% citing elevated supply costs and weakening global market demand.,0,disney shares fell after fiscal operating income plunged by 8 percent citing elevated supply costs and weakening global market demand.
Disney shares fell after fiscal operating income plunged by 12% citing elevated supply costs and weakening global market demand.,0,disney shares fell after fiscal operating income plunged by 12 percent citing elevated supply costs and weakening global market demand.
Disney shares fell after fiscal operating income plunged by 15% citing elevated supply costs and weakening global market demand.,0,disney shares fell after fiscal operating income plunged by 15 percent citing elevated supply costs and weakening global market demand.
Disney shares fell after fiscal net profit declined by 8% citing elevated supply costs and weakening global market demand.,0,disney shares fell after fiscal net profit declined by 8 percent citing elevated supply costs and weakening global market demand.
Disney shares fell after fiscal net profit declined by 12% citing elevated supply costs and weakening global market demand.,0,disney shares fell after fiscal net profit declined by 12 percent citing elevated supply costs and weakening global market demand.
Disney shares fell after fiscal net profit declined by 15% citing elevated supply costs and weakening global market demand.,0,disney shares fell after fiscal net profit declined by 15 percent citing elevated supply costs and weakening global market demand.
Disney shares fell after fiscal net profit dropped by 8% citing elevated supply costs and weakening global market demand.,0,disney shares fell after fiscal net profit dropped by 8 percent citing elevated supply costs and weakening global market demand.
Disney shares fell after fiscal net profit dropped by 12% citing elevated supply costs and weakening global market demand.,0,disney shares fell after fiscal net profit dropped by 12 percent citing elevated supply costs and weakening global market demand.
Disney shares fell after fiscal net profit dropped by 15% citing elevated supply costs and weakening global market demand.,0,disney shares fell after fiscal net profit dropped by 15 percent citing elevated supply costs and weakening global market demand.
Disney shares fell after fiscal net profit plunged by 8% citing elevated supply costs and weakening global market demand.,0,disney shares fell after fiscal net profit plunged by 8 percent citing elevated supply costs and weakening global market demand.
Disney shares fell after fiscal net profit plunged by 12% citing elevated supply costs and weakening global market demand.,0,disney shares fell after fiscal net profit plunged by 12 percent citing elevated supply costs and weakening global market demand.
Disney shares fell after fiscal net profit plunged by 15% citing elevated supply costs and weakening global market demand.,0,disney shares fell after fiscal net profit plunged by 15 percent citing elevated supply costs and weakening global market demand.
Disney shares fell after fiscal quarterly earnings declined by 8% citing elevated supply costs and weakening global market demand.,0,disney shares fell after fiscal quarterly earnings declined by 8 percent citing elevated supply costs and weakening global market demand.
Disney shares fell after fiscal quarterly earnings declined by 12% citing elevated supply costs and weakening global market demand.,0,disney shares fell after fiscal quarterly earnings declined by 12 percent citing elevated supply costs and weakening global market demand.
Disney shares fell after fiscal quarterly earnings declined by 15% citing elevated supply costs and weakening global market demand.,0,disney shares fell after fiscal quarterly earnings declined by 15 percent citing elevated supply costs and weakening global market demand.
Disney shares fell after fiscal quarterly earnings dropped by 8% citing elevated supply costs and weakening global market demand.,0,disney shares fell after fiscal quarterly earnings dropped by 8 percent citing elevated supply costs and weakening global market demand.
Disney shares fell after fiscal quarterly earnings dropped by 12% citing elevated supply costs and weakening global market demand.,0,disney shares fell after fiscal quarterly earnings dropped by 12 percent citing elevated supply costs and weakening global market demand.
Disney shares fell after fiscal quarterly earnings dropped by 15% citing elevated supply costs and weakening global market demand.,0,disney shares fell after fiscal quarterly earnings dropped by 15 percent citing elevated supply costs and weakening global market demand.
Disney shares fell after fiscal quarterly earnings plunged by 8% citing elevated supply costs and weakening global market demand.,0,disney shares fell after fiscal quarterly earnings plunged by 8 percent citing elevated supply costs and weakening global market demand.
Disney shares fell after fiscal quarterly earnings plunged by 12% citing elevated supply costs and weakening global market demand.,0,disney shares fell after fiscal quarterly earnings plunged by 12 percent citing elevated supply costs and weakening global market demand.
Disney shares fell after fiscal quarterly earnings plunged by 15% citing elevated supply costs and weakening global market demand.,0,disney shares fell after fiscal quarterly earnings plunged by 15 percent citing elevated supply costs and weakening global market demand.
Disney shares fell after fiscal EBITDA margin declined by 8% citing elevated supply costs and weakening global market demand.,0,disney shares fell after fiscal ebitda margin declined by 8 percent citing elevated supply costs and weakening global market demand.
Disney shares fell after fiscal EBITDA margin declined by 12% citing elevated supply costs and weakening global market demand.,0,disney shares fell after fiscal ebitda margin declined by 12 percent citing elevated supply costs and weakening global market demand.
Disney shares fell after fiscal EBITDA margin declined by 15% citing elevated supply costs and weakening global market demand.,0,disney shares fell after fiscal ebitda margin declined by 15 percent citing elevated supply costs and weakening global market demand.
Disney shares fell after fiscal EBITDA margin dropped by 8% citing elevated supply costs and weakening global market demand.,0,disney shares fell after fiscal ebitda margin dropped by 8 percent citing elevated supply costs and weakening global market demand.
Disney shares fell after fiscal EBITDA margin dropped by 12% citing elevated supply costs and weakening global market demand.,0,disney shares fell after fiscal ebitda margin dropped by 12 percent citing elevated supply costs and weakening global market demand.
Disney shares fell after fiscal EBITDA margin dropped by 15% citing elevated supply costs and weakening global market demand.,0,disney shares fell after fiscal ebitda margin dropped by 15 percent citing elevated supply costs and weakening global market demand.
Disney shares fell after fiscal EBITDA margin plunged by 8% citing elevated supply costs and weakening global market demand.,0,disney shares fell after fiscal ebitda margin plunged by 8 percent citing elevated supply costs and weakening global market demand.
Disney shares fell after fiscal EBITDA margin plunged by 12% citing elevated supply costs and weakening global market demand.,0,disney shares fell after fiscal ebitda margin plunged by 12 percent citing elevated supply costs and weakening global market demand.
Disney shares fell after fiscal EBITDA margin plunged by 15% citing elevated supply costs and weakening global market demand.,0,disney shares fell after fiscal ebitda margin plunged by 15 percent citing elevated supply costs and weakening global market demand.
Disney shares fell after fiscal free cash flow declined by 8% citing elevated supply costs and weakening global market demand.,0,disney shares fell after fiscal free cash flow declined by 8 percent citing elevated supply costs and weakening global market demand.
Disney shares fell after fiscal free cash flow declined by 12% citing elevated supply costs and weakening global market demand.,0,disney shares fell after fiscal free cash flow declined by 12 percent citing elevated supply costs and weakening global market demand.
Disney shares fell after fiscal free cash flow declined by 15% citing elevated supply costs and weakening global market demand.,0,disney shares fell after fiscal free cash flow declined by 15 percent citing elevated supply costs and weakening global market demand.
Disney shares fell after fiscal free cash flow dropped by 8% citing elevated supply costs and weakening global market demand.,0,disney shares fell after fiscal free cash flow dropped by 8 percent citing elevated supply costs and weakening global market demand.
Disney shares fell after fiscal free cash flow dropped by 12% citing elevated supply costs and weakening global market demand.,0,disney shares fell after fiscal free cash flow dropped by 12 percent citing elevated supply costs and weakening global market demand.
Disney shares fell after fiscal free cash flow dropped by 15% citing elevated supply costs and weakening global market demand.,0,disney shares fell after fiscal free cash flow dropped by 15 percent citing elevated supply costs and weakening global market demand.
Disney shares fell after fiscal free cash flow plunged by 8% citing elevated supply costs and weakening global market demand.,0,disney shares fell after fiscal free cash flow plunged by 8 percent citing elevated supply costs and weakening global market demand.
Disney shares fell after fiscal free cash flow plunged by 12% citing elevated supply costs and weakening global market demand.,0,disney shares fell after fiscal free cash flow plunged by 12 percent citing elevated supply costs and weakening global market demand.
Disney shares fell after fiscal free cash flow plunged by 15% citing elevated supply costs and weakening global market demand.,0,disney shares fell after fiscal free cash flow plunged by 15 percent citing elevated supply costs and weakening global market demand.
Disney shares fell after fiscal top-line growth declined by 8% citing elevated supply costs and weakening global market demand.,0,disney shares fell after fiscal top-line growth declined by 8 percent citing elevated supply costs and weakening global market demand.
Disney shares fell after fiscal top-line growth declined by 12% citing elevated supply costs and weakening global market demand.,0,disney shares fell after fiscal top-line growth declined by 12 percent citing elevated supply costs and weakening global market demand.
Disney shares fell after fiscal top-line growth declined by 15% citing elevated supply costs and weakening global market demand.,0,disney shares fell after fiscal top-line growth declined by 15 percent citing elevated supply costs and weakening global market demand.
Disney shares fell after fiscal top-line growth dropped by 8% citing elevated supply costs and weakening global market demand.,0,disney shares fell after fiscal top-line growth dropped by 8 percent citing elevated supply costs and weakening global market demand.
Disney shares fell after fiscal top-line growth dropped by 12% citing elevated supply costs and weakening global market demand.,0,disney shares fell after fiscal top-line growth dropped by 12 percent citing elevated supply costs and weakening global market demand.
Disney shares fell after fiscal top-line growth dropped by 15% citing elevated supply costs and weakening global market demand.,0,disney shares fell after fiscal top-line growth dropped by 15 percent citing elevated supply costs and weakening global market demand.
Disney shares fell after fiscal top-line growth plunged by 8% citing elevated supply costs and weakening global market demand.,0,disney shares fell after fiscal top-line growth plunged by 8 percent citing elevated supply costs and weakening global market demand.
Disney shares fell after fiscal top-line growth plunged by 12% citing elevated supply costs and weakening global market demand.,0,disney shares fell after fiscal top-line growth plunged by 12 percent citing elevated supply costs and weakening global market demand.
Disney shares fell after fiscal top-line growth plunged by 15% citing elevated supply costs and weakening global market demand.,0,disney shares fell after fiscal top-line growth plunged by 15 percent citing elevated supply costs and weakening global market demand.
Disney shares fell after fiscal subscription sales declined by 8% citing elevated supply costs and weakening global market demand.,0,disney shares fell after fiscal subscription sales declined by 8 percent citing elevated supply costs and weakening global market demand.
Disney shares fell after fiscal subscription sales declined by 12% citing elevated supply costs and weakening global market demand.,0,disney shares fell after fiscal subscription sales declined by 12 percent citing elevated supply costs and weakening global market demand.
Disney shares fell after fiscal subscription sales declined by 15% citing elevated supply costs and weakening global market demand.,0,disney shares fell after fiscal subscription sales declined by 15 percent citing elevated supply costs and weakening global market demand.
Disney shares fell after fiscal subscription sales dropped by 8% citing elevated supply costs and weakening global market demand.,0,disney shares fell after fiscal subscription sales dropped by 8 percent citing elevated supply costs and weakening global market demand.
Disney shares fell after fiscal subscription sales dropped by 12% citing elevated supply costs and weakening global market demand.,0,disney shares fell after fiscal subscription sales dropped by 12 percent citing elevated supply costs and weakening global market demand.
Disney shares fell after fiscal subscription sales dropped by 15% citing elevated supply costs and weakening global market demand.,0,disney shares fell after fiscal subscription sales dropped by 15 percent citing elevated supply costs and weakening global market demand.
Disney shares fell after fiscal subscription sales plunged by 8% citing elevated supply costs and weakening global market demand.,0,disney shares fell after fiscal subscription sales plunged by 8 percent citing elevated supply costs and weakening global market demand.
Disney shares fell after fiscal subscription sales plunged by 12% citing elevated supply costs and weakening global market demand.,0,disney shares fell after fiscal subscription sales plunged by 12 percent citing elevated supply costs and weakening global market demand.
Disney shares fell after fiscal subscription sales plunged by 15% citing elevated supply costs and weakening global market demand.,0,disney shares fell after fiscal subscription sales plunged by 15 percent citing elevated supply costs and weakening global market demand.
Apple announced that annual general shareholder meeting will discuss the fiscal review of revenue next month.,1,apple announced that annual general shareholder meeting will discuss the fiscal review of revenue next month.
The board of directors of Apple presented the standard committee oversight agenda for the upcoming fiscal quarter.,1,the board of directors of apple presented the standard committee oversight agenda for the upcoming fiscal quarter.
Apple announced that annual general shareholder meeting will discuss the fiscal review of operating income next month.,1,apple announced that annual general shareholder meeting will discuss the fiscal review of operating income next month.
Apple announced that annual general shareholder meeting will discuss the fiscal review of net profit next month.,1,apple announced that annual general shareholder meeting will discuss the fiscal review of net profit next month.
Apple announced that annual general shareholder meeting will discuss the fiscal review of quarterly earnings next month.,1,apple announced that annual general shareholder meeting will discuss the fiscal review of quarterly earnings next month.
Apple announced that annual general shareholder meeting will discuss the fiscal review of EBITDA margin next month.,1,apple announced that annual general shareholder meeting will discuss the fiscal review of ebitda margin next month.
Apple announced that annual general shareholder meeting will discuss the fiscal review of free cash flow next month.,1,apple announced that annual general shareholder meeting will discuss the fiscal review of free cash flow next month.
Apple announced that annual general shareholder meeting will discuss the fiscal review of top-line growth next month.,1,apple announced that annual general shareholder meeting will discuss the fiscal review of top-line growth next month.
Apple announced that annual general shareholder meeting will discuss the fiscal review of subscription sales next month.,1,apple announced that annual general shareholder meeting will discuss the fiscal review of subscription sales next month.
Tesla announced that annual general shareholder meeting will discuss the fiscal review of revenue next month.,1,tesla announced that annual general shareholder meeting will discuss the fiscal review of revenue next month.
The board of directors of Tesla presented the standard committee oversight agenda for the upcoming fiscal quarter.,1,the board of directors of tesla presented the standard committee oversight agenda for the upcoming fiscal quarter.
Tesla announced that annual general shareholder meeting will discuss the fiscal review of operating income next month.,1,tesla announced that annual general shareholder meeting will discuss the fiscal review of operating income next month.
Tesla announced that annual general shareholder meeting will discuss the fiscal review of net profit next month.,1,tesla announced that annual general shareholder meeting will discuss the fiscal review of net profit next month.
Tesla announced that annual general shareholder meeting will discuss the fiscal review of quarterly earnings next month.,1,tesla announced that annual general shareholder meeting will discuss the fiscal review of quarterly earnings next month.
Tesla announced that annual general shareholder meeting will discuss the fiscal review of EBITDA margin next month.,1,tesla announced that annual general shareholder meeting will discuss the fiscal review of ebitda margin next month.
Tesla announced that annual general shareholder meeting will discuss the fiscal review of free cash flow next month.,1,tesla announced that annual general shareholder meeting will discuss the fiscal review of free cash flow next month.
Tesla announced that annual general shareholder meeting will discuss the fiscal review of top-line growth next month.,1,tesla announced that annual general shareholder meeting will discuss the fiscal review of top-line growth next month.
Tesla announced that annual general shareholder meeting will discuss the fiscal review of subscription sales next month.,1,tesla announced that annual general shareholder meeting will discuss the fiscal review of subscription sales next month.
Microsoft announced that annual general shareholder meeting will discuss the fiscal review of revenue next month.,1,microsoft announced that annual general shareholder meeting will discuss the fiscal review of revenue next month.
The board of directors of Microsoft presented the standard committee oversight agenda for the upcoming fiscal quarter.,1,the board of directors of microsoft presented the standard committee oversight agenda for the upcoming fiscal quarter.
Microsoft announced that annual general shareholder meeting will discuss the fiscal review of operating income next month.,1,microsoft announced that annual general shareholder meeting will discuss the fiscal review of operating income next month.
Microsoft announced that annual general shareholder meeting will discuss the fiscal review of net profit next month.,1,microsoft announced that annual general shareholder meeting will discuss the fiscal review of net profit next month.
Microsoft announced that annual general shareholder meeting will discuss the fiscal review of quarterly earnings next month.,1,microsoft announced that annual general shareholder meeting will discuss the fiscal review of quarterly earnings next month.
Microsoft announced that annual general shareholder meeting will discuss the fiscal review of EBITDA margin next month.,1,microsoft announced that annual general shareholder meeting will discuss the fiscal review of ebitda margin next month.
Microsoft announced that annual general shareholder meeting will discuss the fiscal review of free cash flow next month.,1,microsoft announced that annual general shareholder meeting will discuss the fiscal review of free cash flow next month.
Microsoft announced that annual general shareholder meeting will discuss the fiscal review of top-line growth next month.,1,microsoft announced that annual general shareholder meeting will discuss the fiscal review of top-line growth next month.
Microsoft announced that annual general shareholder meeting will discuss the fiscal review of subscription sales next month.,1,microsoft announced that annual general shareholder meeting will discuss the fiscal review of subscription sales next month.
Google announced that annual general shareholder meeting will discuss the fiscal review of revenue next month.,1,google announced that annual general shareholder meeting will discuss the fiscal review of revenue next month.
The board of directors of Google presented the standard committee oversight agenda for the upcoming fiscal quarter.,1,the board of directors of google presented the standard committee oversight agenda for the upcoming fiscal quarter.
Google announced that annual general shareholder meeting will discuss the fiscal review of operating income next month.,1,google announced that annual general shareholder meeting will discuss the fiscal review of operating income next month.
Google announced that annual general shareholder meeting will discuss the fiscal review of net profit next month.,1,google announced that annual general shareholder meeting will discuss the fiscal review of net profit next month.
Google announced that annual general shareholder meeting will discuss the fiscal review of quarterly earnings next month.,1,google announced that annual general shareholder meeting will discuss the fiscal review of quarterly earnings next month.
Google announced that annual general shareholder meeting will discuss the fiscal review of EBITDA margin next month.,1,google announced that annual general shareholder meeting will discuss the fiscal review of ebitda margin next month.
Google announced that annual general shareholder meeting will discuss the fiscal review of free cash flow next month.,1,google announced that annual general shareholder meeting will discuss the fiscal review of free cash flow next month.
Google announced that annual general shareholder meeting will discuss the fiscal review of top-line growth next month.,1,google announced that annual general shareholder meeting will discuss the fiscal review of top-line growth next month.
Google announced that annual general shareholder meeting will discuss the fiscal review of subscription sales next month.,1,google announced that annual general shareholder meeting will discuss the fiscal review of subscription sales next month.
Amazon announced that annual general shareholder meeting will discuss the fiscal review of revenue next month.,1,amazon announced that annual general shareholder meeting will discuss the fiscal review of revenue next month.
The board of directors of Amazon presented the standard committee oversight agenda for the upcoming fiscal quarter.,1,the board of directors of amazon presented the standard committee oversight agenda for the upcoming fiscal quarter.
Amazon announced that annual general shareholder meeting will discuss the fiscal review of operating income next month.,1,amazon announced that annual general shareholder meeting will discuss the fiscal review of operating income next month.
Amazon announced that annual general shareholder meeting will discuss the fiscal review of net profit next month.,1,amazon announced that annual general shareholder meeting will discuss the fiscal review of net profit next month.
Amazon announced that annual general shareholder meeting will discuss the fiscal review of quarterly earnings next month.,1,amazon announced that annual general shareholder meeting will discuss the fiscal review of quarterly earnings next month.
Amazon announced that annual general shareholder meeting will discuss the fiscal review of EBITDA margin next month.,1,amazon announced that annual general shareholder meeting will discuss the fiscal review of ebitda margin next month.
Amazon announced that annual general shareholder meeting will discuss the fiscal review of free cash flow next month.,1,amazon announced that annual general shareholder meeting will discuss the fiscal review of free cash flow next month.
Amazon announced that annual general shareholder meeting will discuss the fiscal review of top-line growth next month.,1,amazon announced that annual general shareholder meeting will discuss the fiscal review of top-line growth next month.
Amazon announced that annual general shareholder meeting will discuss the fiscal review of subscription sales next month.,1,amazon announced that annual general shareholder meeting will discuss the fiscal review of subscription sales next month.
JPMorgan announced that annual general shareholder meeting will discuss the fiscal review of revenue next month.,1,jpmorgan announced that annual general shareholder meeting will discuss the fiscal review of revenue next month.
The board of directors of JPMorgan presented the standard committee oversight agenda for the upcoming fiscal quarter.,1,the board of directors of jpmorgan presented the standard committee oversight agenda for the upcoming fiscal quarter.
JPMorgan announced that annual general shareholder meeting will discuss the fiscal review of operating income next month.,1,jpmorgan announced that annual general shareholder meeting will discuss the fiscal review of operating income next month.
JPMorgan announced that annual general shareholder meeting will discuss the fiscal review of net profit next month.,1,jpmorgan announced that annual general shareholder meeting will discuss the fiscal review of net profit next month.
JPMorgan announced that annual general shareholder meeting will discuss the fiscal review of quarterly earnings next month.,1,jpmorgan announced that annual general shareholder meeting will discuss the fiscal review of quarterly earnings next month.
JPMorgan announced that annual general shareholder meeting will discuss the fiscal review of EBITDA margin next month.,1,jpmorgan announced that annual general shareholder meeting will discuss the fiscal review of ebitda margin next month.
JPMorgan announced that annual general shareholder meeting will discuss the fiscal review of free cash flow next month.,1,jpmorgan announced that annual general shareholder meeting will discuss the fiscal review of free cash flow next month.
JPMorgan announced that annual general shareholder meeting will discuss the fiscal review of top-line growth next month.,1,jpmorgan announced that annual general shareholder meeting will discuss the fiscal review of top-line growth next month.
JPMorgan announced that annual general shareholder meeting will discuss the fiscal review of subscription sales next month.,1,jpmorgan announced that annual general shareholder meeting will discuss the fiscal review of subscription sales next month.
Nvidia announced that annual general shareholder meeting will discuss the fiscal review of revenue next month.,1,nvidia announced that annual general shareholder meeting will discuss the fiscal review of revenue next month.
The board of directors of Nvidia presented the standard committee oversight agenda for the upcoming fiscal quarter.,1,the board of directors of nvidia presented the standard committee oversight agenda for the upcoming fiscal quarter.
Nvidia announced that annual general shareholder meeting will discuss the fiscal review of operating income next month.,1,nvidia announced that annual general shareholder meeting will discuss the fiscal review of operating income next month.
Nvidia announced that annual general shareholder meeting will discuss the fiscal review of net profit next month.,1,nvidia announced that annual general shareholder meeting will discuss the fiscal review of net profit next month.
Nvidia announced that annual general shareholder meeting will discuss the fiscal review of quarterly earnings next month.,1,nvidia announced that annual general shareholder meeting will discuss the fiscal review of quarterly earnings next month.
Nvidia announced that annual general shareholder meeting will discuss the fiscal review of EBITDA margin next month.,1,nvidia announced that annual general shareholder meeting will discuss the fiscal review of ebitda margin next month.
Nvidia announced that annual general shareholder meeting will discuss the fiscal review of free cash flow next month.,1,nvidia announced that annual general shareholder meeting will discuss the fiscal review of free cash flow next month.
Nvidia announced that annual general shareholder meeting will discuss the fiscal review of top-line growth next month.,1,nvidia announced that annual general shareholder meeting will discuss the fiscal review of top-line growth next month.
Nvidia announced that annual general shareholder meeting will discuss the fiscal review of subscription sales next month.,1,nvidia announced that annual general shareholder meeting will discuss the fiscal review of subscription sales next month.
Reliance announced that annual general shareholder meeting will discuss the fiscal review of revenue next month.,1,reliance announced that annual general shareholder meeting will discuss the fiscal review of revenue next month.
The board of directors of Reliance presented the standard committee oversight agenda for the upcoming fiscal quarter.,1,the board of directors of reliance presented the standard committee oversight agenda for the upcoming fiscal quarter.
Reliance announced that annual general shareholder meeting will discuss the fiscal review of operating income next month.,1,reliance announced that annual general shareholder meeting will discuss the fiscal review of operating income next month.
Reliance announced that annual general shareholder meeting will discuss the fiscal review of net profit next month.,1,reliance announced that annual general shareholder meeting will discuss the fiscal review of net profit next month.
Reliance announced that annual general shareholder meeting will discuss the fiscal review of quarterly earnings next month.,1,reliance announced that annual general shareholder meeting will discuss the fiscal review of quarterly earnings next month.
Reliance announced that annual general shareholder meeting will discuss the fiscal review of EBITDA margin next month.,1,reliance announced that annual general shareholder meeting will discuss the fiscal review of ebitda margin next month.
Reliance announced that annual general shareholder meeting will discuss the fiscal review of free cash flow next month.,1,reliance announced that annual general shareholder meeting will discuss the fiscal review of free cash flow next month.
Reliance announced that annual general shareholder meeting will discuss the fiscal review of top-line growth next month.,1,reliance announced that annual general shareholder meeting will discuss the fiscal review of top-line growth next month.
Reliance announced that annual general shareholder meeting will discuss the fiscal review of subscription sales next month.,1,reliance announced that annual general shareholder meeting will discuss the fiscal review of subscription sales next month.
Meta announced that annual general shareholder meeting will discuss the fiscal review of revenue next month.,1,meta announced that annual general shareholder meeting will discuss the fiscal review of revenue next month.
The board of directors of Meta presented the standard committee oversight agenda for the upcoming fiscal quarter.,1,the board of directors of meta presented the standard committee oversight agenda for the upcoming fiscal quarter.
Meta announced that annual general shareholder meeting will discuss the fiscal review of operating income next month.,1,meta announced that annual general shareholder meeting will discuss the fiscal review of operating income next month.
Meta announced that annual general shareholder meeting will discuss the fiscal review of net profit next month.,1,meta announced that annual general shareholder meeting will discuss the fiscal review of net profit next month.
Meta announced that annual general shareholder meeting will discuss the fiscal review of quarterly earnings next month.,1,meta announced that annual general shareholder meeting will discuss the fiscal review of quarterly earnings next month.
Meta announced that annual general shareholder meeting will discuss the fiscal review of EBITDA margin next month.,1,meta announced that annual general shareholder meeting will discuss the fiscal review of ebitda margin next month.
Meta announced that annual general shareholder meeting will discuss the fiscal review of free cash flow next month.,1,meta announced that annual general shareholder meeting will discuss the fiscal review of free cash flow next month.
Meta announced that annual general shareholder meeting will discuss the fiscal review of top-line growth next month.,1,meta announced that annual general shareholder meeting will discuss the fiscal review of top-line growth next month.
Meta announced that annual general shareholder meeting will discuss the fiscal review of subscription sales next month.,1,meta announced that annual general shareholder meeting will discuss the fiscal review of subscription sales next month.
Intel announced that annual general shareholder meeting will discuss the fiscal review of revenue next month.,1,intel announced that annual general shareholder meeting will discuss the fiscal review of revenue next month.
The board of directors of Intel presented the standard committee oversight agenda for the upcoming fiscal quarter.,1,the board of directors of intel presented the standard committee oversight agenda for the upcoming fiscal quarter.
Intel announced that annual general shareholder meeting will discuss the fiscal review of operating income next month.,1,intel announced that annual general shareholder meeting will discuss the fiscal review of operating income next month.
Intel announced that annual general shareholder meeting will discuss the fiscal review of net profit next month.,1,intel announced that annual general shareholder meeting will discuss the fiscal review of net profit next month.
Intel announced that annual general shareholder meeting will discuss the fiscal review of quarterly earnings next month.,1,intel announced that annual general shareholder meeting will discuss the fiscal review of quarterly earnings next month.
Intel announced that annual general shareholder meeting will discuss the fiscal review of EBITDA margin next month.,1,intel announced that annual general shareholder meeting will discuss the fiscal review of ebitda margin next month.
Intel announced that annual general shareholder meeting will discuss the fiscal review of free cash flow next month.,1,intel announced that annual general shareholder meeting will discuss the fiscal review of free cash flow next month.
Intel announced that annual general shareholder meeting will discuss the fiscal review of top-line growth next month.,1,intel announced that annual general shareholder meeting will discuss the fiscal review of top-line growth next month.
Intel announced that annual general shareholder meeting will discuss the fiscal review of subscription sales next month.,1,intel announced that annual general shareholder meeting will discuss the fiscal review of subscription sales next month.
AMD announced that annual general shareholder meeting will discuss the fiscal review of revenue next month.,1,amd announced that annual general shareholder meeting will discuss the fiscal review of revenue next month.
The board of directors of AMD presented the standard committee oversight agenda for the upcoming fiscal quarter.,1,the board of directors of amd presented the standard committee oversight agenda for the upcoming fiscal quarter.
AMD announced that annual general shareholder meeting will discuss the fiscal review of operating income next month.,1,amd announced that annual general shareholder meeting will discuss the fiscal review of operating income next month.
AMD announced that annual general shareholder meeting will discuss the fiscal review of net profit next month.,1,amd announced that annual general shareholder meeting will discuss the fiscal review of net profit next month.
AMD announced that annual general shareholder meeting will discuss the fiscal review of quarterly earnings next month.,1,amd announced that annual general shareholder meeting will discuss the fiscal review of quarterly earnings next month.
AMD announced that annual general shareholder meeting will discuss the fiscal review of EBITDA margin next month.,1,amd announced that annual general shareholder meeting will discuss the fiscal review of ebitda margin next month.
AMD announced that annual general shareholder meeting will discuss the fiscal review of free cash flow next month.,1,amd announced that annual general shareholder meeting will discuss the fiscal review of free cash flow next month.
AMD announced that annual general shareholder meeting will discuss the fiscal review of top-line growth next month.,1,amd announced that annual general shareholder meeting will discuss the fiscal review of top-line growth next month.
AMD announced that annual general shareholder meeting will discuss the fiscal review of subscription sales next month.,1,amd announced that annual general shareholder meeting will discuss the fiscal review of subscription sales next month.
Boeing announced that annual general shareholder meeting will discuss the fiscal review of revenue next month.,1,boeing announced that annual general shareholder meeting will discuss the fiscal review of revenue next month.
The board of directors of Boeing presented the standard committee oversight agenda for the upcoming fiscal quarter.,1,the board of directors of boeing presented the standard committee oversight agenda for the upcoming fiscal quarter.
Boeing announced that annual general shareholder meeting will discuss the fiscal review of operating income next month.,1,boeing announced that annual general shareholder meeting will discuss the fiscal review of operating income next month.
Boeing announced that annual general shareholder meeting will discuss the fiscal review of net profit next month.,1,boeing announced that annual general shareholder meeting will discuss the fiscal review of net profit next month.
Boeing announced that annual general shareholder meeting will discuss the fiscal review of quarterly earnings next month.,1,boeing announced that annual general shareholder meeting will discuss the fiscal review of quarterly earnings next month.
Boeing announced that annual general shareholder meeting will discuss the fiscal review of EBITDA margin next month.,1,boeing announced that annual general shareholder meeting will discuss the fiscal review of ebitda margin next month.
Boeing announced that annual general shareholder meeting will discuss the fiscal review of free cash flow next month.,1,boeing announced that annual general shareholder meeting will discuss the fiscal review of free cash flow next month.
Boeing announced that annual general shareholder meeting will discuss the fiscal review of top-line growth next month.,1,boeing announced that annual general shareholder meeting will discuss the fiscal review of top-line growth next month.
Boeing announced that annual general shareholder meeting will discuss the fiscal review of subscription sales next month.,1,boeing announced that annual general shareholder meeting will discuss the fiscal review of subscription sales next month.
Pfizer announced that annual general shareholder meeting will discuss the fiscal review of revenue next month.,1,pfizer announced that annual general shareholder meeting will discuss the fiscal review of revenue next month.
The board of directors of Pfizer presented the standard committee oversight agenda for the upcoming fiscal quarter.,1,the board of directors of pfizer presented the standard committee oversight agenda for the upcoming fiscal quarter.
Pfizer announced that annual general shareholder meeting will discuss the fiscal review of operating income next month.,1,pfizer announced that annual general shareholder meeting will discuss the fiscal review of operating income next month.
Pfizer announced that annual general shareholder meeting will discuss the fiscal review of net profit next month.,1,pfizer announced that annual general shareholder meeting will discuss the fiscal review of net profit next month.
Pfizer announced that annual general shareholder meeting will discuss the fiscal review of quarterly earnings next month.,1,pfizer announced that annual general shareholder meeting will discuss the fiscal review of quarterly earnings next month.
Pfizer announced that annual general shareholder meeting will discuss the fiscal review of EBITDA margin next month.,1,pfizer announced that annual general shareholder meeting will discuss the fiscal review of ebitda margin next month.
Pfizer announced that annual general shareholder meeting will discuss the fiscal review of free cash flow next month.,1,pfizer announced that annual general shareholder meeting will discuss the fiscal review of free cash flow next month.
Pfizer announced that annual general shareholder meeting will discuss the fiscal review of top-line growth next month.,1,pfizer announced that annual general shareholder meeting will discuss the fiscal review of top-line growth next month.
Pfizer announced that annual general shareholder meeting will discuss the fiscal review of subscription sales next month.,1,pfizer announced that annual general shareholder meeting will discuss the fiscal review of subscription sales next month.
Walmart announced that annual general shareholder meeting will discuss the fiscal review of revenue next month.,1,walmart announced that annual general shareholder meeting will discuss the fiscal review of revenue next month.
The board of directors of Walmart presented the standard committee oversight agenda for the upcoming fiscal quarter.,1,the board of directors of walmart presented the standard committee oversight agenda for the upcoming fiscal quarter.
Walmart announced that annual general shareholder meeting will discuss the fiscal review of operating income next month.,1,walmart announced that annual general shareholder meeting will discuss the fiscal review of operating income next month.
Walmart announced that annual general shareholder meeting will discuss the fiscal review of net profit next month.,1,walmart announced that annual general shareholder meeting will discuss the fiscal review of net profit next month.
Walmart announced that annual general shareholder meeting will discuss the fiscal review of quarterly earnings next month.,1,walmart announced that annual general shareholder meeting will discuss the fiscal review of quarterly earnings next month.
Walmart announced that annual general shareholder meeting will discuss the fiscal review of EBITDA margin next month.,1,walmart announced that annual general shareholder meeting will discuss the fiscal review of ebitda margin next month.
Walmart announced that annual general shareholder meeting will discuss the fiscal review of free cash flow next month.,1,walmart announced that annual general shareholder meeting will discuss the fiscal review of free cash flow next month.
Walmart announced that annual general shareholder meeting will discuss the fiscal review of top-line growth next month.,1,walmart announced that annual general shareholder meeting will discuss the fiscal review of top-line growth next month.
Walmart announced that annual general shareholder meeting will discuss the fiscal review of subscription sales next month.,1,walmart announced that annual general shareholder meeting will discuss the fiscal review of subscription sales next month.
Disney announced that annual general shareholder meeting will discuss the fiscal review of revenue next month.,1,disney announced that annual general shareholder meeting will discuss the fiscal review of revenue next month.
The board of directors of Disney presented the standard committee oversight agenda for the upcoming fiscal quarter.,1,the board of directors of disney presented the standard committee oversight agenda for the upcoming fiscal quarter.
Disney announced that annual general shareholder meeting will discuss the fiscal review of operating income next month.,1,disney announced that annual general shareholder meeting will discuss the fiscal review of operating income next month.
Disney announced that annual general shareholder meeting will discuss the fiscal review of net profit next month.,1,disney announced that annual general shareholder meeting will discuss the fiscal review of net profit next month.
Disney announced that annual general shareholder meeting will discuss the fiscal review of quarterly earnings next month.,1,disney announced that annual general shareholder meeting will discuss the fiscal review of quarterly earnings next month.
Disney announced that annual general shareholder meeting will discuss the fiscal review of EBITDA margin next month.,1,disney announced that annual general shareholder meeting will discuss the fiscal review of ebitda margin next month.
Disney announced that annual general shareholder meeting will discuss the fiscal review of free cash flow next month.,1,disney announced that annual general shareholder meeting will discuss the fiscal review of free cash flow next month.
Disney announced that annual general shareholder meeting will discuss the fiscal review of top-line growth next month.,1,disney announced that annual general shareholder meeting will discuss the fiscal review of top-line growth next month.
Disney announced that annual general shareholder meeting will discuss the fiscal review of subscription sales next month.,1,disney announced that annual general shareholder meeting will discuss the fiscal review of subscription sales next month.
